ID,Time,Solution,Expected Solution,Number of Vertices,Number of vertices expected,Valid Solution
1,1800.059735774994,"[1, 129, 5, 133, 9, 12, 14, 142, 145, 146, 147, 21, 149, 25, 26, 153, 156, 29, 33, 35, 39, 41, 45, 48, 52, 56, 57, 61, 62, 66, 72, 75, 81, 85, 87, 91, 96, 99, 101, 104, 110, 111, 115]","[2, 6, 10, 13, 15, 22, 23, 26, 28, 34, 36, 40, 44, 49, 53, 58, 64, 73, 74, 77, 82, 86, 88, 92, 99, 100, 103, 107, 109, 110, 113, 123, 129, 130, 134, 143, 146, 147, 148, 152, 159, 162]",43,42,True
2,1800.0458145141602,"[1, 131, 5, 9, 10, 137, 12, 13, 145, 146, 21, 149, 153, 26, 156, 29, 33, 35, 36, 163, 39, 43, 48, 52, 57, 58, 60, 62, 63, 70, 73, 76, 81, 85, 89, 93, 98, 99, 102, 105, 108, 114, 122]","[2, 6, 10, 13, 15, 22, 23, 26, 28, 34, 36, 40, 44, 49, 53, 58, 64, 73, 74, 77, 82, 86, 88, 92, 99, 100, 103, 107, 109, 110, 113, 123, 129, 130, 134, 143, 146, 147, 148, 152, 159, 162]",43,42,True
3,1800.5261437892914,"[128, 1, 2, 5, 133, 9, 12, 14, 142, 145, 146, 147, 21, 151, 25, 154, 26, 28, 158, 33, 35, 39, 43, 48, 52, 57, 62, 63, 72, 73, 76, 81, 85, 87, 91, 98, 99, 102, 103, 110, 111, 115, 122]","[2, 6, 10, 13, 15, 22, 23, 26, 28, 34, 36, 40, 44, 49, 53, 58, 64, 73, 74, 77, 82, 86, 88, 92, 99, 100, 103, 107, 109, 110, 113, 123, 129, 130, 134, 143, 146, 147, 148, 152, 159, 162]",43,42,True
4,1800.5693516731262,"[1, 130, 5, 133, 9, 12, 14, 142, 145, 146, 21, 149, 25, 153, 27, 156, 29, 33, 35, 36, 40, 43, 46, 48, 52, 57, 60, 62, 63, 72, 74, 76, 81, 85, 87, 91, 96, 99, 104, 110, 111, 115, 122]","[2, 6, 10, 13, 15, 22, 23, 26, 28, 34, 36, 40, 44, 49, 53, 58, 64, 73, 74, 77, 82, 86, 88, 92, 99, 100, 103, 107, 109, 110, 113, 123, 129, 130, 134, 143, 146, 147, 148, 152, 159, 162]",43,42,True
5,1800.1645097732544,"[128, 1, 129, 5, 133, 9, 139, 12, 14, 142, 145, 21, 149, 153, 26, 156, 29, 35, 36, 39, 43, 48, 52, 57, 65, 66, 70, 72, 73, 76, 81, 85, 87, 91, 98, 99, 102, 106, 108, 109, 112, 122, 124]","[2, 6, 10, 13, 15, 22, 23, 26, 28, 34, 36, 40, 44, 49, 53, 58, 64, 73, 74, 77, 82, 86, 88, 92, 99, 100, 103, 107, 109, 110, 113, 123, 129, 130, 134, 143, 146, 147, 148, 152, 159, 162]",43,42,True
