ID,Time,Solution,Expected Solution,Number of Vertices,Number of vertices expected,Valid Solution
1,32.83803200721741,"[0, 4, 5, 6, 8, 9, 13, 14, 15, 16, 18, 32, 33, 36, 39, 40, 41, 42, 45, 47, 49, 52, 53, 57, 58, 60, 61, 62, 68, 71, 72, 73, 74, 75, 76, 81, 82, 84, 86, 90, 95, 98, 100, 105, 107, 110, 118, 120, 122, 131, 132, 133, 137, 142, 145, 147, 148, 151, 163, 166, 170, 173, 174, 175, 181, 183, 185, 189, 192, 197, 201, 205, 208, 224, 226, 227, 230, 231, 235, 236, 241, 245, 253, 259, 267, 268]","[1, 4, 6, 7, 11, 12, 17, 20, 26, 27, 29, 31, 46, 48, 51, 54, 58, 66, 68, 71, 73, 77, 82, 87, 89, 93, 94, 99, 100, 102, 108, 111, 113, 116, 120, 121, 132, 133, 135, 138, 141, 143, 146, 151, 165, 168, 172, 176, 182, 183, 184, 186, 188, 194, 197, 200, 205, 206, 212, 216, 218, 221, 228, 233, 236, 237, 241, 242, 246, 251, 254, 262, 265, 268]",86,74,True
2,33.49611449241638,"[0, 4, 5, 6, 8, 9, 13, 14, 15, 16, 18, 32, 33, 36, 39, 40, 41, 42, 45, 47, 49, 52, 53, 57, 58, 60, 61, 62, 68, 71, 72, 73, 74, 75, 76, 81, 82, 84, 86, 90, 95, 98, 100, 105, 107, 110, 118, 120, 122, 131, 132, 133, 137, 142, 145, 147, 148, 151, 163, 166, 170, 173, 174, 175, 181, 183, 185, 189, 192, 197, 201, 205, 208, 224, 226, 227, 230, 231, 235, 236, 241, 245, 253, 259, 267, 268]","[1, 4, 6, 7, 11, 12, 17, 20, 26, 27, 29, 31, 46, 48, 51, 54, 58, 66, 68, 71, 73, 77, 82, 87, 89, 93, 94, 99, 100, 102, 108, 111, 113, 116, 120, 121, 132, 133, 135, 138, 141, 143, 146, 151, 165, 168, 172, 176, 182, 183, 184, 186, 188, 194, 197, 200, 205, 206, 212, 216, 218, 221, 228, 233, 236, 237, 241, 242, 246, 251, 254, 262, 265, 268]",86,74,True
3,30.714892864227295,"[0, 4, 5, 6, 8, 9, 13, 14, 15, 16, 18, 32, 33, 36, 39, 40, 41, 42, 45, 47, 49, 52, 53, 57, 58, 60, 61, 62, 68, 71, 72, 73, 74, 75, 76, 81, 82, 84, 86, 90, 95, 98, 100, 105, 107, 110, 118, 120, 122, 131, 132, 133, 137, 142, 145, 147, 148, 151, 163, 166, 170, 173, 174, 175, 181, 183, 185, 189, 192, 197, 201, 205, 208, 224, 226, 227, 230, 231, 235, 236, 241, 245, 253, 259, 267, 268]","[1, 4, 6, 7, 11, 12, 17, 20, 26, 27, 29, 31, 46, 48, 51, 54, 58, 66, 68, 71, 73, 77, 82, 87, 89, 93, 94, 99, 100, 102, 108, 111, 113, 116, 120, 121, 132, 133, 135, 138, 141, 143, 146, 151, 165, 168, 172, 176, 182, 183, 184, 186, 188, 194, 197, 200, 205, 206, 212, 216, 218, 221, 228, 233, 236, 237, 241, 242, 246, 251, 254, 262, 265, 268]",86,74,True
3,73.72499513626099,"[0, 4, 5, 6, 8, 9, 13, 14, 15, 16, 18, 32, 33, 36, 39, 40, 41, 42, 45, 47, 49, 52, 53, 57, 58, 60, 61, 62, 68, 71, 72, 73, 74, 75, 76, 81, 82, 84, 86, 90, 95, 98, 100, 105, 107, 110, 118, 120, 122, 131, 132, 133, 137, 142, 145, 147, 148, 151, 163, 166, 170, 173, 174, 175, 181, 183, 185, 189, 192, 197, 201, 205, 208, 224, 226, 227, 230, 231, 235, 236, 241, 245, 253, 259, 267, 268]","[1, 4, 6, 7, 11, 12, 17, 20, 26, 27, 29, 31, 46, 48, 51, 54, 58, 66, 68, 71, 73, 77, 82, 87, 89, 93, 94, 99, 100, 102, 108, 111, 113, 116, 120, 121, 132, 133, 135, 138, 141, 143, 146, 151, 165, 168, 172, 176, 182, 183, 184, 186, 188, 194, 197, 200, 205, 206, 212, 216, 218, 221, 228, 233, 236, 237, 241, 242, 246, 251, 254, 262, 265, 268]",86,74,True
4,108.9091284275055,"[0, 4, 5, 6, 8, 9, 13, 16, 18, 20, 32, 33, 36, 39, 40, 42, 45, 47, 49, 52, 53, 57, 58, 60, 61, 62, 68, 71, 72, 73, 74, 75, 76, 81, 82, 84, 86, 90, 95, 98, 100, 105, 107, 110, 118, 120, 122, 131, 132, 133, 137, 142, 145, 147, 148, 151, 163, 166, 170, 173, 174, 175, 181, 183, 185, 189, 192, 197, 201, 205, 208, 224, 226, 227, 230, 231, 235, 236, 241, 245, 253, 259, 267, 268]","[1, 4, 6, 7, 11, 12, 17, 20, 26, 27, 29, 31, 46, 48, 51, 54, 58, 66, 68, 71, 73, 77, 82, 87, 89, 93, 94, 99, 100, 102, 108, 111, 113, 116, 120, 121, 132, 133, 135, 138, 141, 143, 146, 151, 165, 168, 172, 176, 182, 183, 184, 186, 188, 194, 197, 200, 205, 206, 212, 216, 218, 221, 228, 233, 236, 237, 241, 242, 246, 251, 254, 262, 265, 268]",84,74,True
5,21.757697343826294,"[0, 4, 5, 6, 8, 9, 13, 14, 15, 16, 18, 32, 33, 36, 39, 40, 41, 42, 45, 47, 49, 52, 53, 57, 58, 60, 61, 62, 68, 71, 72, 73, 74, 75, 76, 81, 82, 84, 86, 90, 95, 98, 100, 105, 107, 110, 118, 120, 122, 131, 132, 133, 137, 142, 145, 147, 148, 151, 163, 166, 170, 173, 174, 175, 181, 183, 185, 189, 192, 197, 201, 205, 208, 224, 226, 227, 230, 231, 235, 236, 241, 245, 253, 259, 267, 268]","[1, 4, 6, 7, 11, 12, 17, 20, 26, 27, 29, 31, 46, 48, 51, 54, 58, 66, 68, 71, 73, 77, 82, 87, 89, 93, 94, 99, 100, 102, 108, 111, 113, 116, 120, 121, 132, 133, 135, 138, 141, 143, 146, 151, 165, 168, 172, 176, 182, 183, 184, 186, 188, 194, 197, 200, 205, 206, 212, 216, 218, 221, 228, 233, 236, 237, 241, 242, 246, 251, 254, 262, 265, 268]",86,74,True
6,37.7447452545166,"[0, 4, 5, 6, 8, 9, 13, 14, 15, 16, 18, 32, 33, 36, 39, 40, 41, 42, 45, 47, 49, 52, 53, 57, 58, 60, 61, 62, 68, 71, 72, 73, 74, 75, 76, 81, 82, 84, 86, 90, 95, 98, 100, 105, 107, 110, 118, 120, 122, 131, 132, 133, 137, 142, 145, 147, 148, 151, 163, 166, 170, 173, 174, 175, 181, 183, 185, 189, 192, 197, 201, 205, 208, 224, 226, 227, 230, 231, 235, 236, 241, 245, 253, 259, 267, 268]","[1, 4, 6, 7, 11, 12, 17, 20, 26, 27, 29, 31, 46, 48, 51, 54, 58, 66, 68, 71, 73, 77, 82, 87, 89, 93, 94, 99, 100, 102, 108, 111, 113, 116, 120, 121, 132, 133, 135, 138, 141, 143, 146, 151, 165, 168, 172, 176, 182, 183, 184, 186, 188, 194, 197, 200, 205, 206, 212, 216, 218, 221, 228, 233, 236, 237, 241, 242, 246, 251, 254, 262, 265, 268]",86,74,True
7,15.83309030532837,"[0, 4, 5, 6, 8, 9, 13, 14, 15, 16, 18, 32, 33, 36, 39, 40, 41, 42, 45, 47, 49, 52, 53, 57, 58, 60, 61, 62, 68, 71, 72, 73, 74, 75, 76, 81, 82, 84, 86, 90, 95, 98, 100, 105, 107, 110, 118, 120, 122, 131, 132, 133, 137, 142, 145, 147, 148, 151, 163, 166, 170, 173, 174, 175, 181, 183, 185, 189, 192, 197, 201, 205, 208, 224, 226, 227, 230, 231, 235, 236, 241, 245, 253, 259, 267, 268]","[1, 4, 6, 7, 11, 12, 17, 20, 26, 27, 29, 31, 46, 48, 51, 54, 58, 66, 68, 71, 73, 77, 82, 87, 89, 93, 94, 99, 100, 102, 108, 111, 113, 116, 120, 121, 132, 133, 135, 138, 141, 143, 146, 151, 165, 168, 172, 176, 182, 183, 184, 186, 188, 194, 197, 200, 205, 206, 212, 216, 218, 221, 228, 233, 236, 237, 241, 242, 246, 251, 254, 262, 265, 268]",86,74,True
8,17.541070461273193,"[0, 4, 5, 6, 8, 9, 13, 14, 15, 16, 18, 32, 33, 36, 39, 40, 41, 42, 45, 47, 49, 52, 53, 57, 58, 60, 61, 62, 68, 71, 72, 73, 74, 75, 76, 81, 82, 84, 86, 90, 95, 98, 100, 105, 107, 110, 118, 120, 122, 131, 132, 133, 137, 142, 145, 147, 148, 151, 163, 166, 170, 173, 174, 175, 181, 183, 185, 189, 192, 197, 201, 205, 208, 224, 226, 227, 230, 231, 235, 236, 241, 245, 253, 259, 267, 268]","[1, 4, 6, 7, 11, 12, 17, 20, 26, 27, 29, 31, 46, 48, 51, 54, 58, 66, 68, 71, 73, 77, 82, 87, 89, 93, 94, 99, 100, 102, 108, 111, 113, 116, 120, 121, 132, 133, 135, 138, 141, 143, 146, 151, 165, 168, 172, 176, 182, 183, 184, 186, 188, 194, 197, 200, 205, 206, 212, 216, 218, 221, 228, 233, 236, 237, 241, 242, 246, 251, 254, 262, 265, 268]",86,74,True
9,15.835127115249634,"[0, 4, 5, 6, 8, 9, 13, 14, 15, 16, 18, 32, 33, 36, 39, 40, 41, 42, 45, 47, 49, 52, 53, 57, 58, 60, 61, 62, 68, 71, 72, 73, 74, 75, 76, 81, 82, 84, 86, 90, 95, 98, 100, 105, 107, 110, 118, 120, 122, 131, 132, 133, 137, 142, 145, 147, 148, 151, 163, 166, 170, 173, 174, 175, 181, 183, 185, 189, 192, 197, 201, 205, 208, 224, 226, 227, 230, 231, 235, 236, 241, 245, 253, 259, 267, 268]","[1, 4, 6, 7, 11, 12, 17, 20, 26, 27, 29, 31, 46, 48, 51, 54, 58, 66, 68, 71, 73, 77, 82, 87, 89, 93, 94, 99, 100, 102, 108, 111, 113, 116, 120, 121, 132, 133, 135, 138, 141, 143, 146, 151, 165, 168, 172, 176, 182, 183, 184, 186, 188, 194, 197, 200, 205, 206, 212, 216, 218, 221, 228, 233, 236, 237, 241, 242, 246, 251, 254, 262, 265, 268]",86,74,True
10,116.76850080490112,"[0, 4, 5, 6, 8, 9, 13, 16, 18, 20, 32, 33, 36, 39, 40, 42, 45, 47, 49, 52, 53, 57, 58, 60, 61, 62, 68, 71, 72, 73, 74, 75, 76, 81, 82, 84, 86, 90, 95, 98, 100, 105, 107, 110, 118, 120, 122, 131, 132, 133, 137, 142, 145, 147, 148, 151, 163, 166, 170, 173, 174, 175, 181, 183, 185, 189, 192, 197, 201, 205, 208, 224, 226, 227, 230, 231, 235, 236, 241, 245, 253, 259, 267, 268]","[1, 4, 6, 7, 11, 12, 17, 20, 26, 27, 29, 31, 46, 48, 51, 54, 58, 66, 68, 71, 73, 77, 82, 87, 89, 93, 94, 99, 100, 102, 108, 111, 113, 116, 120, 121, 132, 133, 135, 138, 141, 143, 146, 151, 165, 168, 172, 176, 182, 183, 184, 186, 188, 194, 197, 200, 205, 206, 212, 216, 218, 221, 228, 233, 236, 237, 241, 242, 246, 251, 254, 262, 265, 268]",84,74,True
11,21.731369972229004,"[0, 4, 5, 6, 8, 9, 13, 14, 15, 16, 18, 32, 33, 36, 39, 40, 41, 42, 45, 47, 49, 52, 53, 57, 58, 60, 61, 62, 68, 71, 72, 73, 74, 75, 76, 81, 82, 84, 86, 90, 95, 98, 100, 105, 107, 110, 118, 120, 122, 131, 132, 133, 137, 142, 145, 147, 148, 151, 163, 166, 170, 173, 174, 175, 181, 183, 185, 189, 192, 197, 201, 205, 208, 224, 226, 227, 230, 231, 235, 236, 241, 245, 253, 259, 267, 268]","[1, 4, 6, 7, 11, 12, 17, 20, 26, 27, 29, 31, 46, 48, 51, 54, 58, 66, 68, 71, 73, 77, 82, 87, 89, 93, 94, 99, 100, 102, 108, 111, 113, 116, 120, 121, 132, 133, 135, 138, 141, 143, 146, 151, 165, 168, 172, 176, 182, 183, 184, 186, 188, 194, 197, 200, 205, 206, 212, 216, 218, 221, 228, 233, 236, 237, 241, 242, 246, 251, 254, 262, 265, 268]",86,74,True
11,74.62959957122803,"[0, 4, 5, 6, 8, 9, 13, 16, 18, 20, 32, 33, 36, 39, 40, 42, 45, 47, 49, 52, 53, 57, 58, 60, 61, 62, 68, 71, 72, 73, 74, 75, 76, 81, 82, 84, 86, 90, 95, 98, 100, 105, 107, 110, 118, 120, 122, 131, 132, 133, 137, 142, 145, 147, 148, 151, 163, 166, 170, 173, 174, 175, 181, 183, 185, 189, 192, 197, 201, 205, 208, 224, 226, 227, 230, 231, 235, 236, 241, 245, 253, 259, 267, 268]","[1, 4, 6, 7, 11, 12, 17, 20, 26, 27, 29, 31, 46, 48, 51, 54, 58, 66, 68, 71, 73, 77, 82, 87, 89, 93, 94, 99, 100, 102, 108, 111, 113, 116, 120, 121, 132, 133, 135, 138, 141, 143, 146, 151, 165, 168, 172, 176, 182, 183, 184, 186, 188, 194, 197, 200, 205, 206, 212, 216, 218, 221, 228, 233, 236, 237, 241, 242, 246, 251, 254, 262, 265, 268]",84,74,True
12,17.864813327789307,"[0, 4, 5, 6, 8, 9, 13, 14, 15, 16, 18, 32, 33, 36, 39, 40, 41, 42, 45, 47, 49, 52, 53, 57, 58, 60, 61, 62, 68, 71, 72, 73, 74, 75, 76, 81, 82, 84, 86, 90, 95, 98, 100, 105, 107, 110, 118, 120, 122, 131, 132, 133, 137, 142, 145, 147, 148, 151, 163, 166, 170, 173, 174, 175, 181, 183, 185, 189, 192, 197, 201, 205, 208, 224, 226, 227, 230, 231, 235, 236, 241, 245, 253, 259, 267, 268]","[1, 4, 6, 7, 11, 12, 17, 20, 26, 27, 29, 31, 46, 48, 51, 54, 58, 66, 68, 71, 73, 77, 82, 87, 89, 93, 94, 99, 100, 102, 108, 111, 113, 116, 120, 121, 132, 133, 135, 138, 141, 143, 146, 151, 165, 168, 172, 176, 182, 183, 184, 186, 188, 194, 197, 200, 205, 206, 212, 216, 218, 221, 228, 233, 236, 237, 241, 242, 246, 251, 254, 262, 265, 268]",86,74,True
13,19.22861886024475,"[0, 4, 5, 6, 8, 9, 13, 14, 15, 16, 18, 32, 33, 36, 39, 40, 41, 42, 45, 47, 49, 52, 53, 57, 58, 60, 61, 62, 68, 71, 72, 73, 74, 75, 76, 81, 82, 84, 86, 90, 95, 98, 100, 105, 107, 110, 118, 120, 122, 131, 132, 133, 137, 142, 145, 147, 148, 151, 163, 166, 170, 173, 174, 175, 181, 183, 185, 189, 192, 197, 201, 205, 208, 224, 226, 227, 230, 231, 235, 236, 241, 245, 253, 259, 267, 268]","[1, 4, 6, 7, 11, 12, 17, 20, 26, 27, 29, 31, 46, 48, 51, 54, 58, 66, 68, 71, 73, 77, 82, 87, 89, 93, 94, 99, 100, 102, 108, 111, 113, 116, 120, 121, 132, 133, 135, 138, 141, 143, 146, 151, 165, 168, 172, 176, 182, 183, 184, 186, 188, 194, 197, 200, 205, 206, 212, 216, 218, 221, 228, 233, 236, 237, 241, 242, 246, 251, 254, 262, 265, 268]",86,74,True
14,27.39134192466736,"[0, 4, 5, 6, 8, 9, 13, 14, 15, 16, 18, 32, 33, 36, 39, 40, 41, 42, 45, 47, 49, 52, 53, 57, 58, 60, 61, 62, 68, 71, 72, 73, 74, 75, 76, 81, 82, 84, 86, 90, 95, 98, 100, 105, 107, 110, 118, 120, 122, 131, 132, 133, 137, 142, 145, 147, 148, 151, 163, 166, 170, 173, 174, 175, 181, 183, 185, 189, 192, 197, 201, 205, 208, 224, 226, 227, 230, 231, 235, 236, 241, 245, 253, 259, 267, 268]","[1, 4, 6, 7, 11, 12, 17, 20, 26, 27, 29, 31, 46, 48, 51, 54, 58, 66, 68, 71, 73, 77, 82, 87, 89, 93, 94, 99, 100, 102, 108, 111, 113, 116, 120, 121, 132, 133, 135, 138, 141, 143, 146, 151, 165, 168, 172, 176, 182, 183, 184, 186, 188, 194, 197, 200, 205, 206, 212, 216, 218, 221, 228, 233, 236, 237, 241, 242, 246, 251, 254, 262, 265, 268]",86,74,True
15,20.43375849723816,"[0, 4, 5, 6, 8, 9, 13, 14, 15, 16, 18, 32, 33, 36, 39, 40, 41, 42, 45, 47, 49, 52, 53, 57, 58, 60, 61, 62, 68, 71, 72, 73, 74, 75, 76, 81, 82, 84, 86, 90, 95, 98, 100, 105, 107, 110, 118, 120, 122, 131, 132, 133, 137, 142, 145, 147, 148, 151, 163, 166, 170, 173, 174, 175, 181, 183, 185, 189, 192, 197, 201, 205, 208, 224, 226, 227, 230, 231, 235, 236, 241, 245, 253, 259, 267, 268]","[1, 4, 6, 7, 11, 12, 17, 20, 26, 27, 29, 31, 46, 48, 51, 54, 58, 66, 68, 71, 73, 77, 82, 87, 89, 93, 94, 99, 100, 102, 108, 111, 113, 116, 120, 121, 132, 133, 135, 138, 141, 143, 146, 151, 165, 168, 172, 176, 182, 183, 184, 186, 188, 194, 197, 200, 205, 206, 212, 216, 218, 221, 228, 233, 236, 237, 241, 242, 246, 251, 254, 262, 265, 268]",86,74,True
16,16.447072982788086,"[0, 4, 5, 6, 8, 9, 13, 14, 15, 16, 18, 32, 33, 36, 39, 40, 41, 42, 45, 47, 49, 52, 53, 57, 58, 60, 61, 62, 68, 71, 72, 73, 74, 75, 76, 81, 82, 84, 86, 90, 95, 98, 100, 105, 107, 110, 118, 120, 122, 131, 132, 133, 137, 142, 145, 147, 148, 151, 163, 166, 170, 173, 174, 175, 181, 183, 185, 189, 192, 197, 201, 205, 208, 224, 226, 227, 230, 231, 235, 236, 241, 245, 253, 259, 267, 268]","[1, 4, 6, 7, 11, 12, 17, 20, 26, 27, 29, 31, 46, 48, 51, 54, 58, 66, 68, 71, 73, 77, 82, 87, 89, 93, 94, 99, 100, 102, 108, 111, 113, 116, 120, 121, 132, 133, 135, 138, 141, 143, 146, 151, 165, 168, 172, 176, 182, 183, 184, 186, 188, 194, 197, 200, 205, 206, 212, 216, 218, 221, 228, 233, 236, 237, 241, 242, 246, 251, 254, 262, 265, 268]",86,74,True
17,16.96830916404724,"[0, 4, 5, 6, 8, 9, 13, 14, 15, 16, 18, 32, 33, 36, 39, 40, 41, 42, 45, 47, 49, 52, 53, 57, 58, 60, 61, 62, 68, 71, 72, 73, 74, 75, 76, 81, 82, 84, 86, 90, 95, 98, 100, 105, 107, 110, 118, 120, 122, 131, 132, 133, 137, 142, 145, 147, 148, 151, 163, 166, 170, 173, 174, 175, 181, 183, 185, 189, 192, 197, 201, 205, 208, 224, 226, 227, 230, 231, 235, 236, 241, 245, 253, 259, 267, 268]","[1, 4, 6, 7, 11, 12, 17, 20, 26, 27, 29, 31, 46, 48, 51, 54, 58, 66, 68, 71, 73, 77, 82, 87, 89, 93, 94, 99, 100, 102, 108, 111, 113, 116, 120, 121, 132, 133, 135, 138, 141, 143, 146, 151, 165, 168, 172, 176, 182, 183, 184, 186, 188, 194, 197, 200, 205, 206, 212, 216, 218, 221, 228, 233, 236, 237, 241, 242, 246, 251, 254, 262, 265, 268]",86,74,True
18,20.66091299057007,"[0, 4, 5, 6, 8, 9, 13, 14, 15, 16, 18, 32, 33, 36, 39, 40, 41, 42, 45, 47, 49, 52, 53, 57, 58, 60, 61, 62, 68, 71, 72, 73, 74, 75, 76, 81, 82, 84, 86, 90, 95, 98, 100, 105, 107, 110, 118, 120, 122, 131, 132, 133, 137, 142, 145, 147, 148, 151, 163, 166, 170, 173, 174, 175, 181, 183, 185, 189, 192, 197, 201, 205, 208, 224, 226, 227, 230, 231, 235, 236, 241, 245, 253, 259, 267, 268]","[1, 4, 6, 7, 11, 12, 17, 20, 26, 27, 29, 31, 46, 48, 51, 54, 58, 66, 68, 71, 73, 77, 82, 87, 89, 93, 94, 99, 100, 102, 108, 111, 113, 116, 120, 121, 132, 133, 135, 138, 141, 143, 146, 151, 165, 168, 172, 176, 182, 183, 184, 186, 188, 194, 197, 200, 205, 206, 212, 216, 218, 221, 228, 233, 236, 237, 241, 242, 246, 251, 254, 262, 265, 268]",86,74,True
19,94.73594617843628,"[0, 4, 5, 6, 8, 9, 13, 16, 18, 20, 32, 33, 36, 39, 40, 42, 45, 47, 49, 52, 53, 57, 58, 60, 61, 62, 68, 71, 72, 73, 74, 75, 76, 81, 82, 84, 86, 90, 95, 98, 100, 105, 107, 110, 118, 120, 122, 131, 132, 133, 137, 142, 145, 147, 148, 151, 163, 166, 170, 173, 174, 175, 181, 183, 185, 189, 192, 197, 201, 205, 208, 224, 226, 227, 230, 231, 235, 236, 241, 245, 253, 259, 267, 268]","[1, 4, 6, 7, 11, 12, 17, 20, 26, 27, 29, 31, 46, 48, 51, 54, 58, 66, 68, 71, 73, 77, 82, 87, 89, 93, 94, 99, 100, 102, 108, 111, 113, 116, 120, 121, 132, 133, 135, 138, 141, 143, 146, 151, 165, 168, 172, 176, 182, 183, 184, 186, 188, 194, 197, 200, 205, 206, 212, 216, 218, 221, 228, 233, 236, 237, 241, 242, 246, 251, 254, 262, 265, 268]",84,74,True
20,31.740639686584473,"[0, 4, 5, 6, 8, 9, 13, 14, 15, 16, 18, 32, 33, 36, 39, 40, 41, 42, 45, 47, 49, 52, 53, 57, 58, 60, 61, 62, 68, 71, 72, 73, 74, 75, 76, 81, 82, 84, 86, 90, 95, 98, 100, 105, 107, 110, 118, 120, 122, 131, 132, 133, 137, 142, 145, 147, 148, 151, 163, 166, 170, 173, 174, 175, 181, 183, 185, 189, 192, 197, 201, 205, 208, 224, 226, 227, 230, 231, 235, 236, 241, 245, 253, 259, 267, 268]","[1, 4, 6, 7, 11, 12, 17, 20, 26, 27, 29, 31, 46, 48, 51, 54, 58, 66, 68, 71, 73, 77, 82, 87, 89, 93, 94, 99, 100, 102, 108, 111, 113, 116, 120, 121, 132, 133, 135, 138, 141, 143, 146, 151, 165, 168, 172, 176, 182, 183, 184, 186, 188, 194, 197, 200, 205, 206, 212, 216, 218, 221, 228, 233, 236, 237, 241, 242, 246, 251, 254, 262, 265, 268]",86,74,True
21,76.75615859031677,"[0, 4, 5, 6, 8, 9, 13, 14, 15, 16, 18, 32, 33, 36, 39, 40, 41, 42, 45, 47, 49, 52, 53, 57, 58, 60, 61, 62, 68, 71, 72, 73, 74, 75, 76, 81, 82, 84, 86, 90, 95, 98, 100, 105, 107, 110, 118, 120, 122, 131, 132, 133, 137, 142, 145, 147, 148, 151, 163, 166, 170, 173, 174, 175, 181, 183, 185, 189, 192, 197, 201, 205, 208, 224, 226, 227, 230, 231, 235, 236, 241, 245, 253, 259, 267, 268]","[1, 4, 6, 7, 11, 12, 17, 20, 26, 27, 29, 31, 46, 48, 51, 54, 58, 66, 68, 71, 73, 77, 82, 87, 89, 93, 94, 99, 100, 102, 108, 111, 113, 116, 120, 121, 132, 133, 135, 138, 141, 143, 146, 151, 165, 168, 172, 176, 182, 183, 184, 186, 188, 194, 197, 200, 205, 206, 212, 216, 218, 221, 228, 233, 236, 237, 241, 242, 246, 251, 254, 262, 265, 268]",86,74,True
22,78.25177836418152,"[0, 4, 5, 6, 8, 9, 13, 14, 15, 16, 18, 32, 33, 36, 39, 40, 41, 42, 45, 47, 49, 52, 53, 57, 58, 60, 61, 62, 68, 71, 72, 73, 74, 75, 76, 81, 82, 84, 86, 90, 95, 98, 100, 105, 107, 110, 118, 120, 122, 131, 132, 133, 137, 142, 145, 147, 148, 151, 163, 166, 170, 173, 174, 175, 181, 183, 185, 189, 192, 197, 201, 205, 208, 224, 226, 227, 230, 231, 235, 236, 241, 245, 253, 259, 267, 268]","[1, 4, 6, 7, 11, 12, 17, 20, 26, 27, 29, 31, 46, 48, 51, 54, 58, 66, 68, 71, 73, 77, 82, 87, 89, 93, 94, 99, 100, 102, 108, 111, 113, 116, 120, 121, 132, 133, 135, 138, 141, 143, 146, 151, 165, 168, 172, 176, 182, 183, 184, 186, 188, 194, 197, 200, 205, 206, 212, 216, 218, 221, 228, 233, 236, 237, 241, 242, 246, 251, 254, 262, 265, 268]",86,74,True
23,50.72218990325928,"[0, 4, 5, 6, 8, 9, 13, 14, 15, 16, 18, 32, 33, 36, 39, 40, 41, 42, 45, 47, 49, 52, 53, 57, 58, 60, 61, 62, 68, 71, 72, 73, 74, 75, 76, 81, 82, 84, 86, 90, 95, 98, 100, 105, 107, 110, 118, 120, 122, 131, 132, 133, 137, 142, 145, 147, 148, 151, 163, 166, 170, 173, 174, 175, 181, 183, 185, 189, 192, 197, 201, 205, 208, 224, 226, 227, 230, 231, 235, 236, 241, 245, 253, 259, 267, 268]","[1, 4, 6, 7, 11, 12, 17, 20, 26, 27, 29, 31, 46, 48, 51, 54, 58, 66, 68, 71, 73, 77, 82, 87, 89, 93, 94, 99, 100, 102, 108, 111, 113, 116, 120, 121, 132, 133, 135, 138, 141, 143, 146, 151, 165, 168, 172, 176, 182, 183, 184, 186, 188, 194, 197, 200, 205, 206, 212, 216, 218, 221, 228, 233, 236, 237, 241, 242, 246, 251, 254, 262, 265, 268]",86,74,True
24,90.946120262146,"[0, 4, 5, 6, 8, 9, 13, 14, 15, 16, 18, 32, 33, 36, 39, 40, 41, 42, 45, 47, 49, 52, 53, 57, 58, 60, 61, 62, 68, 71, 72, 73, 74, 75, 76, 81, 82, 84, 86, 90, 95, 98, 100, 105, 107, 110, 118, 120, 122, 131, 132, 133, 137, 142, 145, 147, 148, 151, 163, 166, 170, 173, 174, 175, 181, 183, 185, 189, 192, 197, 201, 205, 208, 224, 226, 227, 230, 231, 235, 236, 241, 245, 253, 259, 267, 268]","[1, 4, 6, 7, 11, 12, 17, 20, 26, 27, 29, 31, 46, 48, 51, 54, 58, 66, 68, 71, 73, 77, 82, 87, 89, 93, 94, 99, 100, 102, 108, 111, 113, 116, 120, 121, 132, 133, 135, 138, 141, 143, 146, 151, 165, 168, 172, 176, 182, 183, 184, 186, 188, 194, 197, 200, 205, 206, 212, 216, 218, 221, 228, 233, 236, 237, 241, 242, 246, 251, 254, 262, 265, 268]",86,74,True
25,32.74409890174866,"[0, 4, 5, 6, 8, 9, 13, 16, 18, 20, 32, 33, 36, 39, 40, 42, 45, 47, 49, 52, 53, 57, 58, 62, 68, 71, 72, 73, 74, 75, 76, 81, 82, 84, 86, 89, 90, 95, 98, 100, 105, 107, 110, 118, 120, 122, 131, 132, 133, 137, 142, 145, 147, 148, 151, 163, 166, 170, 173, 174, 175, 181, 183, 185, 189, 192, 197, 201, 205, 208, 224, 226, 227, 230, 231, 235, 236, 241, 245, 253, 259, 267, 268]","[1, 4, 6, 7, 11, 12, 17, 20, 26, 27, 29, 31, 46, 48, 51, 54, 58, 66, 68, 71, 73, 77, 82, 87, 89, 93, 94, 99, 100, 102, 108, 111, 113, 116, 120, 121, 132, 133, 135, 138, 141, 143, 146, 151, 165, 168, 172, 176, 182, 183, 184, 186, 188, 194, 197, 200, 205, 206, 212, 216, 218, 221, 228, 233, 236, 237, 241, 242, 246, 251, 254, 262, 265, 268]",83,74,True
26,42.88054633140564,"[0, 4, 5, 6, 8, 9, 13, 14, 15, 16, 18, 32, 33, 36, 39, 40, 41, 42, 45, 47, 49, 52, 53, 57, 58, 60, 61, 62, 68, 71, 72, 73, 74, 75, 76, 81, 82, 84, 86, 90, 95, 98, 100, 105, 107, 110, 118, 120, 122, 131, 132, 133, 137, 142, 145, 147, 148, 151, 163, 166, 170, 173, 174, 175, 181, 183, 185, 189, 192, 197, 201, 205, 208, 224, 226, 227, 230, 231, 235, 236, 241, 245, 253, 259, 267, 268]","[1, 4, 6, 7, 11, 12, 17, 20, 26, 27, 29, 31, 46, 48, 51, 54, 58, 66, 68, 71, 73, 77, 82, 87, 89, 93, 94, 99, 100, 102, 108, 111, 113, 116, 120, 121, 132, 133, 135, 138, 141, 143, 146, 151, 165, 168, 172, 176, 182, 183, 184, 186, 188, 194, 197, 200, 205, 206, 212, 216, 218, 221, 228, 233, 236, 237, 241, 242, 246, 251, 254, 262, 265, 268]",86,74,True
27,38.781795263290405,"[0, 4, 5, 6, 8, 9, 13, 14, 15, 16, 18, 32, 33, 36, 39, 40, 41, 42, 45, 47, 49, 52, 53, 57, 58, 60, 61, 62, 68, 71, 72, 73, 74, 75, 76, 81, 82, 84, 86, 90, 95, 98, 100, 105, 107, 110, 118, 120, 122, 131, 132, 133, 137, 142, 145, 147, 148, 151, 163, 166, 170, 173, 174, 175, 181, 183, 185, 189, 192, 197, 201, 205, 208, 224, 226, 227, 230, 231, 235, 236, 241, 245, 253, 259, 267, 268]","[1, 4, 6, 7, 11, 12, 17, 20, 26, 27, 29, 31, 46, 48, 51, 54, 58, 66, 68, 71, 73, 77, 82, 87, 89, 93, 94, 99, 100, 102, 108, 111, 113, 116, 120, 121, 132, 133, 135, 138, 141, 143, 146, 151, 165, 168, 172, 176, 182, 183, 184, 186, 188, 194, 197, 200, 205, 206, 212, 216, 218, 221, 228, 233, 236, 237, 241, 242, 246, 251, 254, 262, 265, 268]",86,74,True
28,63.3239061832428,"[0, 4, 5, 6, 8, 9, 13, 14, 15, 16, 18, 32, 33, 36, 39, 40, 41, 42, 45, 47, 49, 52, 53, 57, 58, 60, 61, 62, 68, 71, 72, 73, 74, 75, 76, 81, 82, 84, 86, 90, 95, 98, 100, 105, 107, 110, 118, 120, 122, 131, 132, 133, 137, 142, 145, 147, 148, 151, 163, 166, 170, 173, 174, 175, 181, 183, 185, 189, 192, 197, 201, 205, 208, 224, 226, 227, 230, 231, 235, 236, 241, 245, 253, 259, 267, 268]","[1, 4, 6, 7, 11, 12, 17, 20, 26, 27, 29, 31, 46, 48, 51, 54, 58, 66, 68, 71, 73, 77, 82, 87, 89, 93, 94, 99, 100, 102, 108, 111, 113, 116, 120, 121, 132, 133, 135, 138, 141, 143, 146, 151, 165, 168, 172, 176, 182, 183, 184, 186, 188, 194, 197, 200, 205, 206, 212, 216, 218, 221, 228, 233, 236, 237, 241, 242, 246, 251, 254, 262, 265, 268]",86,74,True
29,30.51188039779663,"[0, 4, 5, 6, 8, 9, 13, 14, 15, 16, 18, 32, 33, 36, 39, 40, 41, 42, 45, 47, 49, 52, 53, 57, 58, 60, 61, 62, 68, 71, 72, 73, 74, 75, 76, 81, 82, 84, 86, 90, 95, 98, 100, 105, 107, 110, 118, 120, 122, 131, 132, 133, 137, 142, 145, 147, 148, 151, 163, 166, 170, 173, 174, 175, 181, 183, 185, 189, 192, 197, 201, 205, 208, 224, 226, 227, 230, 231, 235, 236, 241, 245, 253, 259, 267, 268]","[1, 4, 6, 7, 11, 12, 17, 20, 26, 27, 29, 31, 46, 48, 51, 54, 58, 66, 68, 71, 73, 77, 82, 87, 89, 93, 94, 99, 100, 102, 108, 111, 113, 116, 120, 121, 132, 133, 135, 138, 141, 143, 146, 151, 165, 168, 172, 176, 182, 183, 184, 186, 188, 194, 197, 200, 205, 206, 212, 216, 218, 221, 228, 233, 236, 237, 241, 242, 246, 251, 254, 262, 265, 268]",86,74,True
30,131.68688488006592,"[0, 4, 5, 6, 8, 9, 13, 16, 18, 20, 32, 33, 36, 39, 40, 42, 45, 47, 49, 52, 53, 57, 58, 60, 61, 62, 68, 71, 72, 73, 74, 75, 76, 81, 82, 84, 86, 90, 95, 98, 100, 105, 107, 110, 118, 120, 122, 131, 132, 133, 137, 142, 145, 147, 148, 151, 163, 166, 170, 173, 174, 175, 181, 183, 185, 189, 192, 197, 201, 205, 208, 224, 226, 227, 230, 231, 235, 236, 241, 245, 253, 259, 267, 268]","[1, 4, 6, 7, 11, 12, 17, 20, 26, 27, 29, 31, 46, 48, 51, 54, 58, 66, 68, 71, 73, 77, 82, 87, 89, 93, 94, 99, 100, 102, 108, 111, 113, 116, 120, 121, 132, 133, 135, 138, 141, 143, 146, 151, 165, 168, 172, 176, 182, 183, 184, 186, 188, 194, 197, 200, 205, 206, 212, 216, 218, 221, 228, 233, 236, 237, 241, 242, 246, 251, 254, 262, 265, 268]",84,74,True
31,46.75622367858887,"[0, 4, 5, 6, 8, 9, 13, 16, 18, 20, 32, 33, 36, 39, 40, 42, 45, 47, 49, 52, 53, 57, 58, 60, 61, 62, 68, 71, 72, 73, 74, 75, 76, 81, 82, 84, 86, 90, 95, 98, 100, 105, 107, 110, 118, 120, 122, 131, 132, 133, 137, 142, 145, 147, 148, 151, 163, 166, 170, 173, 174, 175, 181, 183, 185, 189, 192, 197, 201, 205, 208, 224, 226, 227, 230, 231, 235, 236, 241, 245, 253, 259, 267, 268]","[1, 4, 6, 7, 11, 12, 17, 20, 26, 27, 29, 31, 46, 48, 51, 54, 58, 66, 68, 71, 73, 77, 82, 87, 89, 93, 94, 99, 100, 102, 108, 111, 113, 116, 120, 121, 132, 133, 135, 138, 141, 143, 146, 151, 165, 168, 172, 176, 182, 183, 184, 186, 188, 194, 197, 200, 205, 206, 212, 216, 218, 221, 228, 233, 236, 237, 241, 242, 246, 251, 254, 262, 265, 268]",84,74,True
32,38.46758770942688,"[0, 4, 5, 6, 8, 9, 13, 14, 15, 16, 18, 32, 33, 36, 39, 40, 41, 42, 45, 47, 49, 52, 53, 57, 58, 60, 61, 62, 68, 71, 72, 73, 74, 75, 76, 81, 82, 84, 86, 90, 95, 98, 100, 105, 107, 110, 118, 120, 122, 131, 132, 133, 137, 142, 145, 147, 148, 151, 163, 166, 170, 173, 174, 175, 181, 183, 185, 189, 192, 197, 201, 205, 208, 224, 226, 227, 230, 231, 235, 236, 241, 245, 253, 259, 267, 268]","[1, 4, 6, 7, 11, 12, 17, 20, 26, 27, 29, 31, 46, 48, 51, 54, 58, 66, 68, 71, 73, 77, 82, 87, 89, 93, 94, 99, 100, 102, 108, 111, 113, 116, 120, 121, 132, 133, 135, 138, 141, 143, 146, 151, 165, 168, 172, 176, 182, 183, 184, 186, 188, 194, 197, 200, 205, 206, 212, 216, 218, 221, 228, 233, 236, 237, 241, 242, 246, 251, 254, 262, 265, 268]",86,74,True
33,75.32886743545532,"[0, 4, 5, 6, 8, 9, 13, 16, 18, 20, 32, 33, 36, 39, 40, 42, 45, 47, 49, 52, 53, 57, 58, 60, 61, 62, 68, 71, 72, 73, 74, 75, 76, 81, 82, 84, 86, 90, 95, 98, 100, 105, 107, 110, 118, 120, 122, 131, 132, 133, 137, 142, 145, 147, 148, 151, 163, 166, 170, 173, 174, 175, 181, 183, 185, 189, 192, 197, 201, 205, 208, 224, 226, 227, 230, 231, 235, 236, 241, 245, 253, 259, 267, 268]","[1, 4, 6, 7, 11, 12, 17, 20, 26, 27, 29, 31, 46, 48, 51, 54, 58, 66, 68, 71, 73, 77, 82, 87, 89, 93, 94, 99, 100, 102, 108, 111, 113, 116, 120, 121, 132, 133, 135, 138, 141, 143, 146, 151, 165, 168, 172, 176, 182, 183, 184, 186, 188, 194, 197, 200, 205, 206, 212, 216, 218, 221, 228, 233, 236, 237, 241, 242, 246, 251, 254, 262, 265, 268]",84,74,True
34,42.51066255569458,"[0, 4, 5, 6, 8, 9, 13, 14, 15, 16, 18, 32, 33, 36, 39, 40, 41, 42, 45, 47, 49, 52, 53, 57, 58, 60, 61, 62, 68, 71, 72, 73, 74, 75, 76, 81, 82, 84, 86, 90, 95, 98, 100, 105, 107, 110, 118, 120, 122, 131, 132, 133, 137, 142, 145, 147, 148, 151, 163, 166, 170, 173, 174, 175, 181, 183, 185, 189, 192, 197, 201, 205, 208, 224, 226, 227, 230, 231, 235, 236, 241, 245, 253, 259, 267, 268]","[1, 4, 6, 7, 11, 12, 17, 20, 26, 27, 29, 31, 46, 48, 51, 54, 58, 66, 68, 71, 73, 77, 82, 87, 89, 93, 94, 99, 100, 102, 108, 111, 113, 116, 120, 121, 132, 133, 135, 138, 141, 143, 146, 151, 165, 168, 172, 176, 182, 183, 184, 186, 188, 194, 197, 200, 205, 206, 212, 216, 218, 221, 228, 233, 236, 237, 241, 242, 246, 251, 254, 262, 265, 268]",86,74,True
35,66.45849394798279,"[0, 4, 5, 6, 8, 9, 13, 16, 18, 20, 32, 33, 36, 39, 40, 42, 45, 47, 49, 52, 53, 57, 58, 60, 61, 62, 68, 71, 72, 73, 74, 75, 76, 81, 82, 84, 86, 90, 95, 98, 100, 105, 107, 110, 118, 120, 122, 131, 132, 133, 137, 142, 145, 147, 148, 151, 163, 166, 170, 173, 174, 175, 181, 183, 185, 189, 192, 197, 201, 205, 208, 224, 226, 227, 230, 231, 235, 236, 241, 245, 253, 259, 267, 268]","[1, 4, 6, 7, 11, 12, 17, 20, 26, 27, 29, 31, 46, 48, 51, 54, 58, 66, 68, 71, 73, 77, 82, 87, 89, 93, 94, 99, 100, 102, 108, 111, 113, 116, 120, 121, 132, 133, 135, 138, 141, 143, 146, 151, 165, 168, 172, 176, 182, 183, 184, 186, 188, 194, 197, 200, 205, 206, 212, 216, 218, 221, 228, 233, 236, 237, 241, 242, 246, 251, 254, 262, 265, 268]",84,74,True
36,77.34732413291931,"[0, 4, 5, 6, 8, 9, 13, 16, 18, 20, 32, 33, 36, 39, 40, 42, 45, 47, 49, 52, 53, 57, 58, 60, 61, 62, 68, 71, 72, 73, 74, 75, 76, 81, 82, 84, 86, 90, 95, 98, 100, 105, 107, 110, 118, 120, 122, 131, 132, 133, 137, 142, 145, 147, 148, 151, 163, 166, 170, 173, 174, 175, 181, 183, 185, 189, 192, 197, 201, 205, 208, 224, 226, 227, 230, 231, 235, 236, 241, 245, 253, 259, 267, 268]","[1, 4, 6, 7, 11, 12, 17, 20, 26, 27, 29, 31, 46, 48, 51, 54, 58, 66, 68, 71, 73, 77, 82, 87, 89, 93, 94, 99, 100, 102, 108, 111, 113, 116, 120, 121, 132, 133, 135, 138, 141, 143, 146, 151, 165, 168, 172, 176, 182, 183, 184, 186, 188, 194, 197, 200, 205, 206, 212, 216, 218, 221, 228, 233, 236, 237, 241, 242, 246, 251, 254, 262, 265, 268]",84,74,True
37,67.7552878856659,"[0, 4, 5, 6, 8, 9, 13, 16, 18, 20, 32, 33, 36, 39, 40, 42, 45, 47, 49, 52, 53, 57, 58, 60, 61, 62, 68, 71, 72, 73, 74, 75, 76, 81, 82, 84, 86, 90, 95, 98, 100, 105, 107, 110, 118, 120, 122, 131, 132, 133, 137, 142, 145, 147, 148, 151, 163, 166, 170, 173, 174, 175, 181, 183, 185, 189, 192, 197, 201, 205, 208, 224, 226, 227, 230, 231, 235, 236, 241, 245, 253, 259, 267, 268]","[1, 4, 6, 7, 11, 12, 17, 20, 26, 27, 29, 31, 46, 48, 51, 54, 58, 66, 68, 71, 73, 77, 82, 87, 89, 93, 94, 99, 100, 102, 108, 111, 113, 116, 120, 121, 132, 133, 135, 138, 141, 143, 146, 151, 165, 168, 172, 176, 182, 183, 184, 186, 188, 194, 197, 200, 205, 206, 212, 216, 218, 221, 228, 233, 236, 237, 241, 242, 246, 251, 254, 262, 265, 268]",84,74,True
38,39.83845663070679,"[0, 4, 5, 6, 8, 9, 13, 14, 15, 16, 18, 32, 33, 36, 39, 40, 41, 42, 45, 47, 49, 52, 53, 57, 58, 60, 61, 62, 68, 71, 72, 73, 74, 75, 76, 81, 82, 84, 86, 90, 95, 98, 100, 105, 107, 110, 118, 120, 122, 131, 132, 133, 137, 142, 145, 147, 148, 151, 163, 166, 170, 173, 174, 175, 181, 183, 185, 189, 192, 197, 201, 205, 208, 224, 226, 227, 230, 231, 235, 236, 241, 245, 253, 259, 267, 268]","[1, 4, 6, 7, 11, 12, 17, 20, 26, 27, 29, 31, 46, 48, 51, 54, 58, 66, 68, 71, 73, 77, 82, 87, 89, 93, 94, 99, 100, 102, 108, 111, 113, 116, 120, 121, 132, 133, 135, 138, 141, 143, 146, 151, 165, 168, 172, 176, 182, 183, 184, 186, 188, 194, 197, 200, 205, 206, 212, 216, 218, 221, 228, 233, 236, 237, 241, 242, 246, 251, 254, 262, 265, 268]",86,74,True
39,70.4790461063385,"[0, 4, 5, 6, 8, 9, 13, 14, 15, 16, 18, 32, 33, 36, 39, 40, 41, 42, 45, 47, 49, 52, 53, 57, 58, 60, 61, 62, 68, 71, 72, 73, 74, 75, 76, 81, 82, 84, 86, 90, 95, 98, 100, 105, 107, 110, 118, 120, 122, 131, 132, 133, 137, 142, 145, 147, 148, 151, 163, 166, 170, 173, 174, 175, 181, 183, 185, 189, 192, 197, 201, 205, 208, 224, 226, 227, 230, 231, 235, 236, 241, 245, 253, 259, 267, 268]","[1, 4, 6, 7, 11, 12, 17, 20, 26, 27, 29, 31, 46, 48, 51, 54, 58, 66, 68, 71, 73, 77, 82, 87, 89, 93, 94, 99, 100, 102, 108, 111, 113, 116, 120, 121, 132, 133, 135, 138, 141, 143, 146, 151, 165, 168, 172, 176, 182, 183, 184, 186, 188, 194, 197, 200, 205, 206, 212, 216, 218, 221, 228, 233, 236, 237, 241, 242, 246, 251, 254, 262, 265, 268]",86,74,True
40,69.62304925918579,"[0, 4, 5, 6, 8, 9, 13, 14, 15, 16, 18, 32, 33, 36, 39, 40, 41, 42, 45, 47, 49, 52, 53, 57, 58, 60, 61, 62, 68, 71, 72, 73, 74, 75, 76, 81, 82, 84, 86, 90, 95, 98, 100, 105, 107, 110, 118, 120, 122, 131, 132, 133, 137, 142, 145, 147, 148, 151, 163, 166, 170, 173, 174, 175, 181, 183, 185, 189, 192, 197, 201, 205, 208, 224, 226, 227, 230, 231, 235, 236, 241, 245, 253, 259, 267, 268]","[1, 4, 6, 7, 11, 12, 17, 20, 26, 27, 29, 31, 46, 48, 51, 54, 58, 66, 68, 71, 73, 77, 82, 87, 89, 93, 94, 99, 100, 102, 108, 111, 113, 116, 120, 121, 132, 133, 135, 138, 141, 143, 146, 151, 165, 168, 172, 176, 182, 183, 184, 186, 188, 194, 197, 200, 205, 206, 212, 216, 218, 221, 228, 233, 236, 237, 241, 242, 246, 251, 254, 262, 265, 268]",86,74,True
41,72.53094100952148,"[0, 4, 5, 6, 8, 9, 13, 14, 15, 16, 18, 32, 33, 36, 39, 40, 41, 42, 45, 47, 49, 52, 53, 57, 58, 60, 61, 62, 68, 71, 72, 73, 74, 75, 76, 81, 82, 84, 86, 90, 95, 98, 100, 105, 107, 110, 118, 120, 122, 131, 132, 133, 137, 142, 145, 147, 148, 151, 163, 166, 170, 173, 174, 175, 181, 183, 185, 189, 192, 197, 201, 205, 208, 224, 226, 227, 230, 231, 235, 236, 241, 245, 253, 259, 267, 268]","[1, 4, 6, 7, 11, 12, 17, 20, 26, 27, 29, 31, 46, 48, 51, 54, 58, 66, 68, 71, 73, 77, 82, 87, 89, 93, 94, 99, 100, 102, 108, 111, 113, 116, 120, 121, 132, 133, 135, 138, 141, 143, 146, 151, 165, 168, 172, 176, 182, 183, 184, 186, 188, 194, 197, 200, 205, 206, 212, 216, 218, 221, 228, 233, 236, 237, 241, 242, 246, 251, 254, 262, 265, 268]",86,74,True
42,217.68535375595093,"[0, 4, 5, 6, 8, 9, 13, 16, 18, 20, 32, 33, 36, 39, 40, 42, 45, 47, 49, 52, 53, 57, 58, 60, 61, 62, 68, 71, 72, 73, 74, 75, 76, 81, 82, 84, 86, 90, 95, 98, 100, 105, 107, 110, 118, 120, 122, 131, 132, 133, 137, 142, 145, 147, 148, 151, 163, 166, 170, 173, 174, 175, 181, 183, 185, 189, 192, 197, 201, 205, 208, 224, 226, 227, 230, 231, 235, 236, 241, 245, 253, 259, 267, 268]","[1, 4, 6, 7, 11, 12, 17, 20, 26, 27, 29, 31, 46, 48, 51, 54, 58, 66, 68, 71, 73, 77, 82, 87, 89, 93, 94, 99, 100, 102, 108, 111, 113, 116, 120, 121, 132, 133, 135, 138, 141, 143, 146, 151, 165, 168, 172, 176, 182, 183, 184, 186, 188, 194, 197, 200, 205, 206, 212, 216, 218, 221, 228, 233, 236, 237, 241, 242, 246, 251, 254, 262, 265, 268]",84,74,True
43,76.23486852645874,"[0, 4, 5, 6, 8, 9, 13, 14, 15, 16, 18, 32, 33, 36, 39, 40, 41, 42, 45, 47, 49, 52, 53, 57, 58, 60, 61, 62, 68, 71, 72, 73, 74, 75, 76, 81, 82, 84, 86, 90, 95, 98, 100, 105, 107, 110, 118, 120, 122, 131, 132, 133, 137, 142, 145, 147, 148, 151, 163, 166, 170, 173, 174, 175, 181, 183, 185, 189, 192, 197, 201, 205, 208, 224, 226, 227, 230, 231, 235, 236, 241, 245, 253, 259, 267, 268]","[1, 4, 6, 7, 11, 12, 17, 20, 26, 27, 29, 31, 46, 48, 51, 54, 58, 66, 68, 71, 73, 77, 82, 87, 89, 93, 94, 99, 100, 102, 108, 111, 113, 116, 120, 121, 132, 133, 135, 138, 141, 143, 146, 151, 165, 168, 172, 176, 182, 183, 184, 186, 188, 194, 197, 200, 205, 206, 212, 216, 218, 221, 228, 233, 236, 237, 241, 242, 246, 251, 254, 262, 265, 268]",86,74,True
44,192.20406699180603,"[0, 4, 5, 6, 8, 9, 13, 16, 18, 20, 32, 33, 36, 39, 40, 42, 45, 47, 49, 52, 53, 57, 58, 60, 61, 62, 68, 71, 72, 73, 74, 75, 76, 81, 82, 84, 86, 90, 95, 98, 100, 105, 107, 110, 118, 120, 122, 131, 132, 133, 137, 142, 145, 147, 148, 151, 163, 166, 170, 173, 174, 175, 181, 183, 185, 189, 192, 197, 201, 205, 208, 224, 226, 227, 230, 231, 235, 236, 241, 245, 253, 259, 267, 268]","[1, 4, 6, 7, 11, 12, 17, 20, 26, 27, 29, 31, 46, 48, 51, 54, 58, 66, 68, 71, 73, 77, 82, 87, 89, 93, 94, 99, 100, 102, 108, 111, 113, 116, 120, 121, 132, 133, 135, 138, 141, 143, 146, 151, 165, 168, 172, 176, 182, 183, 184, 186, 188, 194, 197, 200, 205, 206, 212, 216, 218, 221, 228, 233, 236, 237, 241, 242, 246, 251, 254, 262, 265, 268]",84,74,True
45,79.71736645698547,"[0, 4, 5, 6, 8, 9, 13, 16, 18, 20, 32, 33, 36, 39, 40, 42, 45, 47, 49, 52, 53, 57, 58, 60, 61, 62, 68, 71, 72, 73, 74, 75, 76, 81, 82, 84, 86, 90, 95, 98, 100, 105, 107, 110, 118, 120, 122, 131, 132, 133, 137, 142, 145, 147, 148, 151, 163, 166, 170, 173, 174, 175, 181, 183, 185, 189, 192, 197, 201, 205, 208, 224, 226, 227, 230, 231, 235, 236, 241, 245, 253, 259, 267, 268]","[1, 4, 6, 7, 11, 12, 17, 20, 26, 27, 29, 31, 46, 48, 51, 54, 58, 66, 68, 71, 73, 77, 82, 87, 89, 93, 94, 99, 100, 102, 108, 111, 113, 116, 120, 121, 132, 133, 135, 138, 141, 143, 146, 151, 165, 168, 172, 176, 182, 183, 184, 186, 188, 194, 197, 200, 205, 206, 212, 216, 218, 221, 228, 233, 236, 237, 241, 242, 246, 251, 254, 262, 265, 268]",84,74,True
46,77.05474495887756,"[0, 4, 5, 6, 8, 9, 13, 16, 18, 20, 32, 33, 36, 39, 40, 42, 45, 47, 49, 52, 53, 57, 58, 60, 61, 62, 68, 71, 72, 73, 74, 75, 76, 81, 82, 84, 86, 90, 95, 98, 100, 105, 107, 110, 118, 120, 122, 131, 132, 133, 137, 142, 145, 147, 148, 151, 163, 166, 170, 173, 174, 175, 181, 183, 185, 189, 192, 197, 201, 205, 208, 224, 226, 227, 230, 231, 235, 236, 241, 245, 253, 259, 267, 268]","[1, 4, 6, 7, 11, 12, 17, 20, 26, 27, 29, 31, 46, 48, 51, 54, 58, 66, 68, 71, 73, 77, 82, 87, 89, 93, 94, 99, 100, 102, 108, 111, 113, 116, 120, 121, 132, 133, 135, 138, 141, 143, 146, 151, 165, 168, 172, 176, 182, 183, 184, 186, 188, 194, 197, 200, 205, 206, 212, 216, 218, 221, 228, 233, 236, 237, 241, 242, 246, 251, 254, 262, 265, 268]",84,74,True
47,66.00656580924988,"[0, 4, 5, 6, 8, 9, 13, 14, 15, 16, 18, 32, 33, 36, 39, 40, 41, 42, 45, 47, 49, 52, 53, 57, 58, 60, 61, 62, 68, 71, 72, 73, 74, 75, 76, 81, 82, 84, 86, 90, 95, 98, 100, 105, 107, 110, 118, 120, 122, 131, 132, 133, 137, 142, 145, 147, 148, 151, 163, 166, 170, 173, 174, 175, 181, 183, 185, 189, 192, 197, 201, 205, 208, 224, 226, 227, 230, 231, 235, 236, 241, 245, 253, 259, 267, 268]","[1, 4, 6, 7, 11, 12, 17, 20, 26, 27, 29, 31, 46, 48, 51, 54, 58, 66, 68, 71, 73, 77, 82, 87, 89, 93, 94, 99, 100, 102, 108, 111, 113, 116, 120, 121, 132, 133, 135, 138, 141, 143, 146, 151, 165, 168, 172, 176, 182, 183, 184, 186, 188, 194, 197, 200, 205, 206, 212, 216, 218, 221, 228, 233, 236, 237, 241, 242, 246, 251, 254, 262, 265, 268]",86,74,True
48,66.65327072143555,"[0, 4, 5, 6, 8, 9, 13, 14, 15, 16, 18, 32, 33, 36, 39, 40, 41, 42, 45, 47, 49, 52, 53, 57, 58, 60, 61, 62, 68, 71, 72, 73, 74, 75, 76, 81, 82, 84, 86, 90, 95, 98, 100, 105, 107, 110, 118, 120, 122, 131, 132, 133, 137, 142, 145, 147, 148, 151, 163, 166, 170, 173, 174, 175, 181, 183, 185, 189, 192, 197, 201, 205, 208, 224, 226, 227, 230, 231, 235, 236, 241, 245, 253, 259, 267, 268]","[1, 4, 6, 7, 11, 12, 17, 20, 26, 27, 29, 31, 46, 48, 51, 54, 58, 66, 68, 71, 73, 77, 82, 87, 89, 93, 94, 99, 100, 102, 108, 111, 113, 116, 120, 121, 132, 133, 135, 138, 141, 143, 146, 151, 165, 168, 172, 176, 182, 183, 184, 186, 188, 194, 197, 200, 205, 206, 212, 216, 218, 221, 228, 233, 236, 237, 241, 242, 246, 251, 254, 262, 265, 268]",86,74,True
49,91.34766602516174,"[0, 4, 5, 6, 8, 9, 13, 14, 15, 16, 18, 32, 33, 36, 39, 40, 41, 42, 45, 47, 49, 52, 53, 57, 58, 60, 61, 62, 68, 71, 72, 73, 74, 75, 76, 81, 82, 84, 86, 90, 95, 98, 100, 105, 107, 110, 118, 120, 122, 131, 132, 133, 137, 142, 145, 147, 148, 151, 163, 166, 170, 173, 174, 175, 181, 183, 185, 189, 192, 197, 201, 205, 208, 224, 226, 227, 230, 231, 235, 236, 241, 245, 253, 259, 267, 268]","[1, 4, 6, 7, 11, 12, 17, 20, 26, 27, 29, 31, 46, 48, 51, 54, 58, 66, 68, 71, 73, 77, 82, 87, 89, 93, 94, 99, 100, 102, 108, 111, 113, 116, 120, 121, 132, 133, 135, 138, 141, 143, 146, 151, 165, 168, 172, 176, 182, 183, 184, 186, 188, 194, 197, 200, 205, 206, 212, 216, 218, 221, 228, 233, 236, 237, 241, 242, 246, 251, 254, 262, 265, 268]",86,74,True
50,100.30094647407532,"[0, 4, 5, 6, 8, 9, 13, 16, 18, 20, 32, 33, 36, 39, 40, 42, 45, 47, 49, 52, 53, 57, 58, 60, 61, 62, 68, 71, 72, 73, 74, 75, 76, 81, 82, 84, 86, 90, 95, 98, 100, 105, 107, 110, 118, 120, 122, 131, 132, 133, 137, 142, 145, 147, 148, 151, 163, 166, 170, 173, 174, 175, 181, 183, 185, 189, 192, 197, 201, 205, 208, 224, 226, 227, 230, 231, 235, 236, 241, 245, 253, 259, 267, 268]","[1, 4, 6, 7, 11, 12, 17, 20, 26, 27, 29, 31, 46, 48, 51, 54, 58, 66, 68, 71, 73, 77, 82, 87, 89, 93, 94, 99, 100, 102, 108, 111, 113, 116, 120, 121, 132, 133, 135, 138, 141, 143, 146, 151, 165, 168, 172, 176, 182, 183, 184, 186, 188, 194, 197, 200, 205, 206, 212, 216, 218, 221, 228, 233, 236, 237, 241, 242, 246, 251, 254, 262, 265, 268]",84,74,True
51,60.210880279541016,"[0, 4, 5, 6, 8, 9, 13, 14, 15, 16, 18, 32, 33, 36, 39, 40, 41, 42, 45, 47, 49, 52, 53, 57, 58, 60, 61, 62, 68, 71, 72, 73, 74, 75, 76, 81, 82, 84, 86, 90, 95, 98, 100, 105, 107, 110, 118, 120, 122, 131, 132, 133, 137, 142, 145, 147, 148, 151, 163, 166, 170, 173, 174, 175, 181, 183, 185, 189, 192, 197, 201, 205, 208, 224, 226, 227, 230, 231, 235, 236, 241, 245, 253, 259, 267, 268]","[1, 4, 6, 7, 11, 12, 17, 20, 26, 27, 29, 31, 46, 48, 51, 54, 58, 66, 68, 71, 73, 77, 82, 87, 89, 93, 94, 99, 100, 102, 108, 111, 113, 116, 120, 121, 132, 133, 135, 138, 141, 143, 146, 151, 165, 168, 172, 176, 182, 183, 184, 186, 188, 194, 197, 200, 205, 206, 212, 216, 218, 221, 228, 233, 236, 237, 241, 242, 246, 251, 254, 262, 265, 268]",86,74,True
52,78.35904455184937,"[0, 4, 5, 6, 8, 9, 13, 16, 18, 20, 32, 33, 36, 39, 40, 42, 45, 47, 49, 52, 53, 57, 58, 60, 61, 62, 68, 71, 72, 73, 74, 75, 76, 81, 82, 84, 86, 90, 95, 98, 100, 105, 107, 110, 118, 120, 122, 131, 132, 133, 137, 142, 145, 147, 148, 151, 163, 166, 170, 173, 174, 175, 181, 183, 185, 189, 192, 197, 201, 205, 208, 224, 226, 227, 230, 231, 235, 236, 241, 245, 253, 259, 267, 268]","[1, 4, 6, 7, 11, 12, 17, 20, 26, 27, 29, 31, 46, 48, 51, 54, 58, 66, 68, 71, 73, 77, 82, 87, 89, 93, 94, 99, 100, 102, 108, 111, 113, 116, 120, 121, 132, 133, 135, 138, 141, 143, 146, 151, 165, 168, 172, 176, 182, 183, 184, 186, 188, 194, 197, 200, 205, 206, 212, 216, 218, 221, 228, 233, 236, 237, 241, 242, 246, 251, 254, 262, 265, 268]",84,74,True
53,123.9088819026947,"[0, 4, 5, 6, 8, 9, 13, 16, 18, 20, 32, 33, 36, 39, 40, 42, 45, 47, 49, 52, 53, 57, 58, 60, 61, 62, 68, 71, 72, 73, 74, 75, 76, 81, 82, 84, 86, 90, 95, 98, 100, 105, 107, 110, 118, 120, 122, 131, 132, 133, 137, 142, 145, 147, 148, 151, 163, 166, 170, 173, 174, 175, 181, 183, 185, 189, 192, 197, 201, 205, 208, 224, 226, 227, 230, 231, 235, 236, 241, 245, 253, 259, 267, 268]","[1, 4, 6, 7, 11, 12, 17, 20, 26, 27, 29, 31, 46, 48, 51, 54, 58, 66, 68, 71, 73, 77, 82, 87, 89, 93, 94, 99, 100, 102, 108, 111, 113, 116, 120, 121, 132, 133, 135, 138, 141, 143, 146, 151, 165, 168, 172, 176, 182, 183, 184, 186, 188, 194, 197, 200, 205, 206, 212, 216, 218, 221, 228, 233, 236, 237, 241, 242, 246, 251, 254, 262, 265, 268]",84,74,True
54,108.73600816726685,"[0, 4, 5, 6, 8, 9, 13, 16, 18, 20, 32, 33, 36, 39, 40, 42, 45, 47, 49, 52, 53, 57, 58, 60, 61, 62, 68, 71, 72, 73, 74, 75, 76, 81, 82, 84, 86, 90, 95, 98, 100, 105, 107, 110, 118, 120, 122, 131, 132, 133, 137, 142, 145, 147, 148, 151, 163, 166, 170, 173, 174, 175, 181, 183, 185, 189, 192, 197, 201, 205, 208, 224, 226, 227, 230, 231, 235, 236, 241, 245, 253, 259, 267, 268]","[1, 4, 6, 7, 11, 12, 17, 20, 26, 27, 29, 31, 46, 48, 51, 54, 58, 66, 68, 71, 73, 77, 82, 87, 89, 93, 94, 99, 100, 102, 108, 111, 113, 116, 120, 121, 132, 133, 135, 138, 141, 143, 146, 151, 165, 168, 172, 176, 182, 183, 184, 186, 188, 194, 197, 200, 205, 206, 212, 216, 218, 221, 228, 233, 236, 237, 241, 242, 246, 251, 254, 262, 265, 268]",84,74,True
55,94.9666838645935,"[0, 4, 5, 6, 8, 9, 13, 16, 18, 20, 32, 33, 36, 39, 40, 42, 45, 47, 49, 52, 53, 57, 58, 60, 61, 62, 68, 71, 72, 73, 74, 75, 76, 81, 82, 84, 86, 90, 95, 98, 100, 105, 107, 110, 118, 120, 122, 131, 132, 133, 137, 142, 145, 147, 148, 151, 163, 166, 170, 173, 174, 175, 181, 183, 185, 189, 192, 197, 201, 205, 208, 224, 226, 227, 230, 231, 235, 236, 241, 245, 253, 259, 267, 268]","[1, 4, 6, 7, 11, 12, 17, 20, 26, 27, 29, 31, 46, 48, 51, 54, 58, 66, 68, 71, 73, 77, 82, 87, 89, 93, 94, 99, 100, 102, 108, 111, 113, 116, 120, 121, 132, 133, 135, 138, 141, 143, 146, 151, 165, 168, 172, 176, 182, 183, 184, 186, 188, 194, 197, 200, 205, 206, 212, 216, 218, 221, 228, 233, 236, 237, 241, 242, 246, 251, 254, 262, 265, 268]",84,74,True
56,147.52974915504456,"[0, 4, 5, 6, 8, 9, 13, 16, 18, 20, 32, 33, 36, 39, 40, 42, 45, 47, 49, 52, 53, 57, 58, 60, 61, 62, 68, 71, 72, 73, 74, 75, 76, 81, 82, 84, 86, 90, 95, 98, 100, 105, 107, 110, 118, 120, 122, 131, 132, 133, 137, 142, 145, 147, 148, 151, 163, 166, 170, 173, 174, 175, 181, 183, 185, 189, 192, 197, 201, 205, 208, 224, 226, 227, 230, 231, 235, 236, 241, 245, 253, 259, 267, 268]","[1, 4, 6, 7, 11, 12, 17, 20, 26, 27, 29, 31, 46, 48, 51, 54, 58, 66, 68, 71, 73, 77, 82, 87, 89, 93, 94, 99, 100, 102, 108, 111, 113, 116, 120, 121, 132, 133, 135, 138, 141, 143, 146, 151, 165, 168, 172, 176, 182, 183, 184, 186, 188, 194, 197, 200, 205, 206, 212, 216, 218, 221, 228, 233, 236, 237, 241, 242, 246, 251, 254, 262, 265, 268]",84,74,True
57,92.31566858291626,"[0, 4, 5, 6, 8, 9, 13, 14, 15, 16, 18, 32, 33, 36, 39, 40, 41, 42, 45, 47, 49, 52, 53, 57, 58, 60, 61, 62, 68, 71, 72, 73, 74, 75, 76, 81, 82, 84, 86, 90, 95, 98, 100, 105, 107, 110, 118, 120, 122, 131, 132, 133, 137, 142, 145, 147, 148, 151, 163, 166, 170, 173, 174, 175, 181, 183, 185, 189, 192, 197, 201, 205, 208, 224, 226, 227, 230, 231, 235, 236, 241, 245, 253, 259, 267, 268]","[1, 4, 6, 7, 11, 12, 17, 20, 26, 27, 29, 31, 46, 48, 51, 54, 58, 66, 68, 71, 73, 77, 82, 87, 89, 93, 94, 99, 100, 102, 108, 111, 113, 116, 120, 121, 132, 133, 135, 138, 141, 143, 146, 151, 165, 168, 172, 176, 182, 183, 184, 186, 188, 194, 197, 200, 205, 206, 212, 216, 218, 221, 228, 233, 236, 237, 241, 242, 246, 251, 254, 262, 265, 268]",86,74,True
58,63.39426255226135,"[0, 4, 5, 6, 8, 9, 13, 16, 18, 20, 32, 33, 36, 39, 40, 42, 45, 47, 49, 52, 53, 57, 58, 62, 68, 71, 72, 73, 74, 75, 76, 81, 82, 84, 86, 89, 90, 95, 98, 100, 105, 107, 110, 118, 120, 122, 131, 132, 133, 137, 142, 145, 147, 148, 151, 163, 166, 170, 173, 174, 175, 181, 183, 185, 189, 192, 197, 201, 205, 208, 224, 226, 227, 230, 231, 235, 236, 241, 245, 253, 259, 267, 268]","[1, 4, 6, 7, 11, 12, 17, 20, 26, 27, 29, 31, 46, 48, 51, 54, 58, 66, 68, 71, 73, 77, 82, 87, 89, 93, 94, 99, 100, 102, 108, 111, 113, 116, 120, 121, 132, 133, 135, 138, 141, 143, 146, 151, 165, 168, 172, 176, 182, 183, 184, 186, 188, 194, 197, 200, 205, 206, 212, 216, 218, 221, 228, 233, 236, 237, 241, 242, 246, 251, 254, 262, 265, 268]",83,74,True
59,126.75603437423706,"[0, 4, 5, 6, 8, 9, 13, 14, 15, 16, 18, 32, 33, 36, 39, 40, 41, 42, 45, 47, 49, 52, 53, 57, 58, 60, 61, 62, 68, 71, 72, 73, 74, 75, 76, 81, 82, 84, 86, 90, 95, 98, 100, 105, 107, 110, 118, 120, 122, 131, 132, 133, 137, 142, 145, 147, 148, 151, 163, 166, 170, 173, 174, 175, 181, 183, 185, 189, 192, 197, 201, 205, 208, 224, 226, 227, 230, 231, 235, 236, 241, 245, 253, 259, 267, 268]","[1, 4, 6, 7, 11, 12, 17, 20, 26, 27, 29, 31, 46, 48, 51, 54, 58, 66, 68, 71, 73, 77, 82, 87, 89, 93, 94, 99, 100, 102, 108, 111, 113, 116, 120, 121, 132, 133, 135, 138, 141, 143, 146, 151, 165, 168, 172, 176, 182, 183, 184, 186, 188, 194, 197, 200, 205, 206, 212, 216, 218, 221, 228, 233, 236, 237, 241, 242, 246, 251, 254, 262, 265, 268]",86,74,True
60,147.20282816886902,"[0, 4, 5, 6, 8, 9, 13, 14, 15, 16, 18, 32, 33, 36, 39, 40, 41, 42, 45, 47, 49, 52, 53, 57, 58, 60, 61, 62, 68, 71, 72, 73, 74, 75, 76, 81, 82, 84, 86, 90, 95, 98, 100, 105, 107, 110, 118, 120, 122, 131, 132, 133, 137, 142, 145, 147, 148, 151, 163, 166, 170, 173, 174, 175, 181, 183, 185, 189, 192, 197, 201, 205, 208, 224, 226, 227, 230, 231, 235, 236, 241, 245, 253, 259, 267, 268]","[1, 4, 6, 7, 11, 12, 17, 20, 26, 27, 29, 31, 46, 48, 51, 54, 58, 66, 68, 71, 73, 77, 82, 87, 89, 93, 94, 99, 100, 102, 108, 111, 113, 116, 120, 121, 132, 133, 135, 138, 141, 143, 146, 151, 165, 168, 172, 176, 182, 183, 184, 186, 188, 194, 197, 200, 205, 206, 212, 216, 218, 221, 228, 233, 236, 237, 241, 242, 246, 251, 254, 262, 265, 268]",86,74,True
61,155.80588006973267,"[0, 4, 5, 6, 8, 9, 13, 14, 15, 16, 18, 32, 33, 36, 39, 40, 41, 42, 45, 47, 49, 52, 53, 57, 58, 60, 61, 62, 68, 71, 72, 73, 74, 75, 76, 81, 82, 84, 86, 90, 95, 98, 100, 105, 107, 110, 118, 120, 122, 131, 132, 133, 137, 142, 145, 147, 148, 151, 163, 166, 170, 173, 174, 175, 181, 183, 185, 189, 192, 197, 201, 205, 208, 224, 226, 227, 230, 231, 235, 236, 241, 245, 253, 259, 267, 268]","[1, 4, 6, 7, 11, 12, 17, 20, 26, 27, 29, 31, 46, 48, 51, 54, 58, 66, 68, 71, 73, 77, 82, 87, 89, 93, 94, 99, 100, 102, 108, 111, 113, 116, 120, 121, 132, 133, 135, 138, 141, 143, 146, 151, 165, 168, 172, 176, 182, 183, 184, 186, 188, 194, 197, 200, 205, 206, 212, 216, 218, 221, 228, 233, 236, 237, 241, 242, 246, 251, 254, 262, 265, 268]",86,74,True
62,231.0565586090088,"[0, 4, 5, 6, 8, 9, 13, 16, 18, 20, 32, 33, 36, 39, 40, 42, 45, 47, 49, 52, 53, 57, 58, 60, 61, 62, 68, 71, 72, 73, 74, 75, 76, 81, 82, 84, 86, 90, 95, 98, 100, 105, 107, 110, 118, 120, 122, 131, 132, 133, 137, 142, 145, 147, 148, 151, 163, 166, 170, 173, 174, 175, 181, 183, 185, 189, 192, 197, 201, 205, 208, 224, 226, 227, 230, 231, 235, 236, 241, 245, 253, 259, 267, 268]","[1, 4, 6, 7, 11, 12, 17, 20, 26, 27, 29, 31, 46, 48, 51, 54, 58, 66, 68, 71, 73, 77, 82, 87, 89, 93, 94, 99, 100, 102, 108, 111, 113, 116, 120, 121, 132, 133, 135, 138, 141, 143, 146, 151, 165, 168, 172, 176, 182, 183, 184, 186, 188, 194, 197, 200, 205, 206, 212, 216, 218, 221, 228, 233, 236, 237, 241, 242, 246, 251, 254, 262, 265, 268]",84,74,True
63,342.02507615089417,"[0, 4, 5, 6, 8, 9, 13, 16, 18, 20, 32, 33, 36, 39, 40, 42, 45, 47, 49, 52, 53, 57, 58, 60, 61, 62, 68, 71, 72, 73, 74, 75, 76, 81, 82, 84, 86, 90, 95, 98, 100, 105, 107, 110, 118, 120, 122, 131, 132, 133, 137, 142, 145, 147, 148, 151, 163, 166, 170, 173, 174, 175, 181, 183, 185, 189, 192, 197, 201, 205, 208, 224, 226, 227, 230, 231, 235, 236, 241, 245, 253, 259, 267, 268]","[1, 4, 6, 7, 11, 12, 17, 20, 26, 27, 29, 31, 46, 48, 51, 54, 58, 66, 68, 71, 73, 77, 82, 87, 89, 93, 94, 99, 100, 102, 108, 111, 113, 116, 120, 121, 132, 133, 135, 138, 141, 143, 146, 151, 165, 168, 172, 176, 182, 183, 184, 186, 188, 194, 197, 200, 205, 206, 212, 216, 218, 221, 228, 233, 236, 237, 241, 242, 246, 251, 254, 262, 265, 268]",84,74,True
64,186.19426369667053,"[0, 4, 5, 6, 8, 9, 13, 16, 18, 20, 32, 33, 36, 39, 40, 42, 45, 47, 49, 52, 53, 57, 58, 60, 61, 62, 68, 71, 72, 73, 74, 75, 76, 81, 82, 84, 86, 90, 95, 98, 100, 105, 107, 110, 118, 120, 122, 131, 132, 133, 137, 142, 145, 147, 148, 151, 163, 166, 170, 173, 174, 175, 181, 183, 185, 189, 192, 197, 201, 205, 208, 224, 226, 227, 230, 231, 235, 236, 241, 245, 253, 259, 267, 268]","[1, 4, 6, 7, 11, 12, 17, 20, 26, 27, 29, 31, 46, 48, 51, 54, 58, 66, 68, 71, 73, 77, 82, 87, 89, 93, 94, 99, 100, 102, 108, 111, 113, 116, 120, 121, 132, 133, 135, 138, 141, 143, 146, 151, 165, 168, 172, 176, 182, 183, 184, 186, 188, 194, 197, 200, 205, 206, 212, 216, 218, 221, 228, 233, 236, 237, 241, 242, 246, 251, 254, 262, 265, 268]",84,74,True
65,174.35267543792725,"[0, 4, 5, 6, 8, 9, 13, 16, 18, 20, 32, 33, 36, 39, 40, 42, 45, 47, 49, 52, 53, 57, 58, 60, 61, 62, 68, 71, 72, 73, 74, 75, 76, 81, 82, 84, 86, 90, 95, 98, 100, 105, 107, 110, 118, 120, 122, 131, 132, 133, 137, 142, 145, 147, 148, 151, 163, 166, 170, 173, 174, 175, 181, 183, 185, 189, 192, 197, 201, 205, 208, 224, 226, 227, 230, 231, 235, 236, 241, 245, 253, 259, 267, 268]","[1, 4, 6, 7, 11, 12, 17, 20, 26, 27, 29, 31, 46, 48, 51, 54, 58, 66, 68, 71, 73, 77, 82, 87, 89, 93, 94, 99, 100, 102, 108, 111, 113, 116, 120, 121, 132, 133, 135, 138, 141, 143, 146, 151, 165, 168, 172, 176, 182, 183, 184, 186, 188, 194, 197, 200, 205, 206, 212, 216, 218, 221, 228, 233, 236, 237, 241, 242, 246, 251, 254, 262, 265, 268]",84,74,True
66,154.49232006072998,"[0, 4, 5, 6, 8, 9, 13, 14, 15, 16, 18, 32, 33, 36, 39, 40, 41, 42, 45, 47, 49, 52, 53, 57, 58, 60, 61, 62, 68, 71, 72, 73, 74, 75, 76, 81, 82, 84, 86, 90, 95, 98, 100, 105, 107, 110, 118, 120, 122, 131, 132, 133, 137, 142, 145, 147, 148, 151, 163, 166, 170, 173, 174, 175, 181, 183, 185, 189, 192, 197, 201, 205, 208, 224, 226, 227, 230, 231, 235, 236, 241, 245, 253, 259, 267, 268]","[1, 4, 6, 7, 11, 12, 17, 20, 26, 27, 29, 31, 46, 48, 51, 54, 58, 66, 68, 71, 73, 77, 82, 87, 89, 93, 94, 99, 100, 102, 108, 111, 113, 116, 120, 121, 132, 133, 135, 138, 141, 143, 146, 151, 165, 168, 172, 176, 182, 183, 184, 186, 188, 194, 197, 200, 205, 206, 212, 216, 218, 221, 228, 233, 236, 237, 241, 242, 246, 251, 254, 262, 265, 268]",86,74,True
67,358.06529116630554,"[0, 4, 5, 6, 8, 9, 13, 16, 18, 20, 32, 33, 36, 39, 40, 42, 45, 47, 49, 52, 53, 57, 58, 60, 61, 62, 68, 71, 72, 73, 74, 75, 76, 81, 82, 84, 86, 90, 95, 98, 100, 105, 107, 110, 118, 120, 122, 131, 132, 133, 137, 142, 145, 147, 148, 151, 163, 166, 170, 173, 174, 175, 181, 183, 185, 189, 192, 197, 201, 205, 208, 224, 226, 227, 230, 231, 235, 236, 241, 245, 253, 259, 267, 268]","[1, 4, 6, 7, 11, 12, 17, 20, 26, 27, 29, 31, 46, 48, 51, 54, 58, 66, 68, 71, 73, 77, 82, 87, 89, 93, 94, 99, 100, 102, 108, 111, 113, 116, 120, 121, 132, 133, 135, 138, 141, 143, 146, 151, 165, 168, 172, 176, 182, 183, 184, 186, 188, 194, 197, 200, 205, 206, 212, 216, 218, 221, 228, 233, 236, 237, 241, 242, 246, 251, 254, 262, 265, 268]",84,74,True
68,296.9447100162506,"[0, 4, 5, 6, 8, 9, 13, 16, 18, 20, 32, 33, 36, 39, 40, 42, 45, 47, 49, 52, 53, 57, 58, 60, 61, 62, 68, 71, 72, 73, 74, 75, 76, 81, 82, 84, 86, 90, 95, 98, 100, 105, 107, 110, 118, 120, 122, 131, 132, 133, 137, 142, 145, 147, 148, 151, 163, 166, 170, 173, 174, 175, 181, 183, 185, 189, 192, 197, 201, 205, 208, 224, 226, 227, 230, 231, 235, 236, 241, 245, 253, 259, 267, 268]","[1, 4, 6, 7, 11, 12, 17, 20, 26, 27, 29, 31, 46, 48, 51, 54, 58, 66, 68, 71, 73, 77, 82, 87, 89, 93, 94, 99, 100, 102, 108, 111, 113, 116, 120, 121, 132, 133, 135, 138, 141, 143, 146, 151, 165, 168, 172, 176, 182, 183, 184, 186, 188, 194, 197, 200, 205, 206, 212, 216, 218, 221, 228, 233, 236, 237, 241, 242, 246, 251, 254, 262, 265, 268]",84,74,True
69,157.73016476631165,"[0, 4, 5, 6, 8, 9, 13, 16, 18, 20, 32, 33, 36, 39, 40, 42, 45, 47, 49, 52, 53, 57, 58, 60, 61, 62, 68, 71, 72, 73, 74, 75, 76, 81, 82, 84, 86, 90, 95, 98, 100, 105, 107, 110, 118, 120, 122, 131, 132, 133, 137, 142, 145, 147, 148, 151, 163, 166, 170, 173, 174, 175, 181, 183, 185, 189, 192, 197, 201, 205, 208, 224, 226, 227, 230, 231, 235, 236, 241, 245, 253, 259, 267, 268]","[1, 4, 6, 7, 11, 12, 17, 20, 26, 27, 29, 31, 46, 48, 51, 54, 58, 66, 68, 71, 73, 77, 82, 87, 89, 93, 94, 99, 100, 102, 108, 111, 113, 116, 120, 121, 132, 133, 135, 138, 141, 143, 146, 151, 165, 168, 172, 176, 182, 183, 184, 186, 188, 194, 197, 200, 205, 206, 212, 216, 218, 221, 228, 233, 236, 237, 241, 242, 246, 251, 254, 262, 265, 268]",84,74,True
70,161.0833945274353,"[0, 4, 5, 6, 8, 9, 13, 16, 18, 20, 32, 33, 36, 39, 40, 42, 45, 47, 49, 52, 53, 57, 58, 60, 61, 62, 68, 71, 72, 73, 74, 75, 76, 81, 82, 84, 86, 90, 95, 98, 100, 105, 107, 110, 118, 120, 122, 131, 132, 133, 137, 142, 145, 147, 148, 151, 163, 166, 170, 173, 174, 175, 181, 183, 185, 189, 192, 197, 201, 205, 208, 224, 226, 227, 230, 231, 235, 236, 241, 245, 253, 259, 267, 268]","[1, 4, 6, 7, 11, 12, 17, 20, 26, 27, 29, 31, 46, 48, 51, 54, 58, 66, 68, 71, 73, 77, 82, 87, 89, 93, 94, 99, 100, 102, 108, 111, 113, 116, 120, 121, 132, 133, 135, 138, 141, 143, 146, 151, 165, 168, 172, 176, 182, 183, 184, 186, 188, 194, 197, 200, 205, 206, 212, 216, 218, 221, 228, 233, 236, 237, 241, 242, 246, 251, 254, 262, 265, 268]",84,74,True
71,139.07199144363403,"[0, 4, 5, 6, 8, 9, 13, 16, 18, 20, 32, 33, 36, 39, 40, 42, 45, 47, 49, 52, 53, 57, 58, 62, 68, 71, 72, 73, 74, 75, 76, 81, 82, 84, 86, 89, 90, 95, 98, 100, 105, 107, 110, 118, 120, 122, 131, 132, 133, 137, 142, 145, 147, 148, 151, 163, 166, 170, 173, 174, 175, 181, 183, 185, 189, 192, 197, 201, 205, 208, 224, 226, 227, 230, 231, 235, 236, 241, 245, 253, 259, 267, 268]","[1, 4, 6, 7, 11, 12, 17, 20, 26, 27, 29, 31, 46, 48, 51, 54, 58, 66, 68, 71, 73, 77, 82, 87, 89, 93, 94, 99, 100, 102, 108, 111, 113, 116, 120, 121, 132, 133, 135, 138, 141, 143, 146, 151, 165, 168, 172, 176, 182, 183, 184, 186, 188, 194, 197, 200, 205, 206, 212, 216, 218, 221, 228, 233, 236, 237, 241, 242, 246, 251, 254, 262, 265, 268]",83,74,True
72,162.05234241485596,"[0, 4, 5, 6, 8, 9, 13, 16, 18, 20, 32, 33, 36, 39, 40, 42, 45, 47, 49, 52, 53, 57, 58, 62, 68, 71, 72, 73, 74, 75, 76, 81, 82, 84, 86, 89, 90, 95, 98, 100, 105, 107, 110, 118, 120, 122, 131, 132, 133, 137, 142, 145, 147, 148, 151, 163, 166, 170, 173, 174, 175, 181, 183, 185, 189, 192, 197, 201, 205, 208, 224, 226, 227, 230, 231, 235, 236, 241, 245, 253, 259, 267, 268]","[1, 4, 6, 7, 11, 12, 17, 20, 26, 27, 29, 31, 46, 48, 51, 54, 58, 66, 68, 71, 73, 77, 82, 87, 89, 93, 94, 99, 100, 102, 108, 111, 113, 116, 120, 121, 132, 133, 135, 138, 141, 143, 146, 151, 165, 168, 172, 176, 182, 183, 184, 186, 188, 194, 197, 200, 205, 206, 212, 216, 218, 221, 228, 233, 236, 237, 241, 242, 246, 251, 254, 262, 265, 268]",83,74,True
73,216.2140190601349,"[0, 4, 5, 6, 8, 9, 13, 16, 18, 20, 32, 33, 36, 39, 40, 42, 45, 47, 49, 52, 53, 57, 58, 60, 61, 62, 68, 71, 72, 73, 74, 75, 76, 81, 82, 84, 86, 90, 95, 98, 100, 105, 107, 110, 118, 120, 122, 131, 132, 133, 137, 142, 145, 147, 148, 151, 163, 166, 170, 173, 174, 175, 181, 183, 185, 189, 192, 197, 201, 205, 208, 224, 226, 227, 230, 231, 235, 236, 241, 245, 253, 259, 267, 268]","[1, 4, 6, 7, 11, 12, 17, 20, 26, 27, 29, 31, 46, 48, 51, 54, 58, 66, 68, 71, 73, 77, 82, 87, 89, 93, 94, 99, 100, 102, 108, 111, 113, 116, 120, 121, 132, 133, 135, 138, 141, 143, 146, 151, 165, 168, 172, 176, 182, 183, 184, 186, 188, 194, 197, 200, 205, 206, 212, 216, 218, 221, 228, 233, 236, 237, 241, 242, 246, 251, 254, 262, 265, 268]",84,74,True
74,231.60882878303528,"[0, 4, 5, 6, 8, 9, 13, 16, 18, 20, 32, 33, 36, 39, 40, 42, 45, 47, 49, 52, 53, 57, 58, 60, 61, 62, 68, 71, 72, 73, 74, 75, 76, 81, 82, 84, 86, 90, 95, 98, 100, 105, 107, 110, 118, 120, 122, 131, 132, 133, 137, 142, 145, 147, 148, 151, 163, 166, 170, 173, 174, 175, 181, 183, 185, 189, 192, 197, 201, 205, 208, 224, 226, 227, 230, 231, 235, 236, 241, 245, 253, 259, 267, 268]","[1, 4, 6, 7, 11, 12, 17, 20, 26, 27, 29, 31, 46, 48, 51, 54, 58, 66, 68, 71, 73, 77, 82, 87, 89, 93, 94, 99, 100, 102, 108, 111, 113, 116, 120, 121, 132, 133, 135, 138, 141, 143, 146, 151, 165, 168, 172, 176, 182, 183, 184, 186, 188, 194, 197, 200, 205, 206, 212, 216, 218, 221, 228, 233, 236, 237, 241, 242, 246, 251, 254, 262, 265, 268]",84,74,True
75,155.32165026664734,"[0, 4, 5, 6, 8, 9, 13, 16, 18, 20, 32, 33, 36, 39, 40, 42, 45, 47, 49, 52, 53, 57, 58, 60, 61, 62, 68, 71, 72, 73, 74, 75, 76, 81, 82, 84, 86, 90, 95, 98, 100, 105, 107, 110, 118, 120, 122, 131, 132, 133, 137, 142, 145, 147, 148, 151, 163, 166, 170, 173, 174, 175, 181, 183, 185, 189, 192, 197, 201, 205, 208, 224, 226, 227, 230, 231, 235, 236, 241, 245, 253, 259, 267, 268]","[1, 4, 6, 7, 11, 12, 17, 20, 26, 27, 29, 31, 46, 48, 51, 54, 58, 66, 68, 71, 73, 77, 82, 87, 89, 93, 94, 99, 100, 102, 108, 111, 113, 116, 120, 121, 132, 133, 135, 138, 141, 143, 146, 151, 165, 168, 172, 176, 182, 183, 184, 186, 188, 194, 197, 200, 205, 206, 212, 216, 218, 221, 228, 233, 236, 237, 241, 242, 246, 251, 254, 262, 265, 268]",84,74,True
76,183.76516246795654,"[0, 4, 5, 6, 8, 9, 13, 16, 18, 20, 32, 33, 36, 39, 40, 42, 45, 47, 49, 52, 53, 57, 58, 60, 61, 62, 68, 71, 72, 73, 74, 75, 76, 81, 82, 84, 86, 90, 95, 98, 100, 105, 107, 110, 118, 120, 122, 131, 132, 133, 137, 142, 145, 147, 148, 151, 163, 166, 170, 173, 174, 175, 181, 183, 185, 189, 192, 197, 201, 205, 208, 224, 226, 227, 230, 231, 235, 236, 241, 245, 253, 259, 267, 268]","[1, 4, 6, 7, 11, 12, 17, 20, 26, 27, 29, 31, 46, 48, 51, 54, 58, 66, 68, 71, 73, 77, 82, 87, 89, 93, 94, 99, 100, 102, 108, 111, 113, 116, 120, 121, 132, 133, 135, 138, 141, 143, 146, 151, 165, 168, 172, 176, 182, 183, 184, 186, 188, 194, 197, 200, 205, 206, 212, 216, 218, 221, 228, 233, 236, 237, 241, 242, 246, 251, 254, 262, 265, 268]",84,74,True
77,149.98862648010254,"[0, 4, 5, 6, 8, 9, 13, 16, 18, 20, 32, 33, 36, 39, 40, 42, 45, 47, 49, 52, 53, 57, 58, 60, 61, 62, 68, 71, 72, 73, 74, 75, 76, 81, 82, 84, 86, 90, 95, 98, 100, 105, 107, 110, 118, 120, 122, 131, 132, 133, 137, 142, 145, 147, 148, 151, 163, 166, 170, 173, 174, 175, 181, 183, 185, 189, 192, 197, 201, 205, 208, 224, 226, 227, 230, 231, 235, 236, 241, 245, 253, 259, 267, 268]","[1, 4, 6, 7, 11, 12, 17, 20, 26, 27, 29, 31, 46, 48, 51, 54, 58, 66, 68, 71, 73, 77, 82, 87, 89, 93, 94, 99, 100, 102, 108, 111, 113, 116, 120, 121, 132, 133, 135, 138, 141, 143, 146, 151, 165, 168, 172, 176, 182, 183, 184, 186, 188, 194, 197, 200, 205, 206, 212, 216, 218, 221, 228, 233, 236, 237, 241, 242, 246, 251, 254, 262, 265, 268]",84,74,True
78,142.7972855567932,"[0, 4, 5, 6, 8, 9, 13, 16, 18, 20, 32, 33, 36, 40, 42, 45, 47, 49, 52, 53, 57, 58, 62, 68, 71, 72, 73, 74, 75, 81, 82, 84, 86, 89, 90, 95, 98, 100, 105, 107, 110, 118, 120, 122, 131, 132, 133, 137, 142, 145, 147, 148, 151, 163, 166, 170, 173, 174, 175, 181, 183, 185, 189, 192, 196, 199, 201, 205, 208, 224, 226, 227, 230, 231, 235, 236, 241, 245, 253, 259, 267, 268]","[1, 4, 6, 7, 11, 12, 17, 20, 26, 27, 29, 31, 46, 48, 51, 54, 58, 66, 68, 71, 73, 77, 82, 87, 89, 93, 94, 99, 100, 102, 108, 111, 113, 116, 120, 121, 132, 133, 135, 138, 141, 143, 146, 151, 165, 168, 172, 176, 182, 183, 184, 186, 188, 194, 197, 200, 205, 206, 212, 216, 218, 221, 228, 233, 236, 237, 241, 242, 246, 251, 254, 262, 265, 268]",82,74,True
79,404.7379744052887,"[0, 4, 5, 6, 8, 9, 13, 16, 18, 20, 32, 33, 36, 39, 40, 42, 45, 47, 49, 52, 53, 57, 58, 60, 61, 62, 68, 71, 72, 73, 74, 75, 76, 81, 82, 84, 86, 90, 95, 98, 100, 105, 107, 110, 118, 120, 122, 131, 132, 133, 137, 142, 145, 147, 148, 151, 163, 166, 170, 173, 174, 175, 181, 183, 185, 189, 192, 197, 201, 205, 208, 224, 226, 227, 230, 231, 235, 236, 241, 245, 253, 259, 267, 268]","[1, 4, 6, 7, 11, 12, 17, 20, 26, 27, 29, 31, 46, 48, 51, 54, 58, 66, 68, 71, 73, 77, 82, 87, 89, 93, 94, 99, 100, 102, 108, 111, 113, 116, 120, 121, 132, 133, 135, 138, 141, 143, 146, 151, 165, 168, 172, 176, 182, 183, 184, 186, 188, 194, 197, 200, 205, 206, 212, 216, 218, 221, 228, 233, 236, 237, 241, 242, 246, 251, 254, 262, 265, 268]",84,74,True
80,365.49415278434753,"[0, 4, 5, 6, 8, 9, 13, 16, 18, 20, 32, 33, 36, 39, 40, 42, 45, 47, 49, 52, 53, 57, 58, 60, 61, 62, 68, 71, 72, 73, 74, 75, 76, 81, 82, 84, 86, 90, 95, 98, 100, 105, 107, 110, 118, 120, 122, 131, 132, 133, 137, 142, 145, 147, 148, 151, 163, 166, 170, 173, 174, 175, 181, 183, 185, 189, 192, 197, 201, 205, 208, 224, 226, 227, 230, 231, 235, 236, 241, 245, 253, 259, 267, 268]","[1, 4, 6, 7, 11, 12, 17, 20, 26, 27, 29, 31, 46, 48, 51, 54, 58, 66, 68, 71, 73, 77, 82, 87, 89, 93, 94, 99, 100, 102, 108, 111, 113, 116, 120, 121, 132, 133, 135, 138, 141, 143, 146, 151, 165, 168, 172, 176, 182, 183, 184, 186, 188, 194, 197, 200, 205, 206, 212, 216, 218, 221, 228, 233, 236, 237, 241, 242, 246, 251, 254, 262, 265, 268]",84,74,True
81,402.0382013320923,"[0, 4, 5, 6, 8, 9, 13, 16, 18, 20, 32, 33, 36, 39, 40, 42, 45, 47, 49, 52, 53, 57, 58, 62, 68, 71, 72, 73, 74, 75, 76, 81, 82, 84, 86, 89, 90, 95, 98, 100, 105, 107, 110, 118, 120, 122, 131, 132, 133, 137, 142, 145, 147, 148, 151, 163, 166, 170, 173, 174, 175, 181, 183, 185, 189, 192, 197, 201, 205, 208, 224, 226, 227, 230, 231, 235, 236, 241, 245, 253, 259, 267, 268]","[1, 4, 6, 7, 11, 12, 17, 20, 26, 27, 29, 31, 46, 48, 51, 54, 58, 66, 68, 71, 73, 77, 82, 87, 89, 93, 94, 99, 100, 102, 108, 111, 113, 116, 120, 121, 132, 133, 135, 138, 141, 143, 146, 151, 165, 168, 172, 176, 182, 183, 184, 186, 188, 194, 197, 200, 205, 206, 212, 216, 218, 221, 228, 233, 236, 237, 241, 242, 246, 251, 254, 262, 265, 268]",83,74,True
82,279.10792088508606,"[0, 4, 5, 6, 8, 9, 13, 14, 15, 16, 18, 32, 33, 36, 39, 40, 41, 42, 45, 47, 49, 52, 53, 57, 58, 60, 61, 62, 68, 71, 72, 73, 74, 75, 76, 81, 82, 84, 86, 90, 95, 98, 100, 105, 107, 110, 118, 120, 122, 131, 132, 133, 137, 142, 145, 147, 148, 151, 163, 166, 170, 173, 174, 175, 181, 183, 185, 189, 192, 197, 201, 205, 208, 224, 226, 227, 230, 231, 235, 236, 241, 245, 253, 259, 267, 268]","[1, 4, 6, 7, 11, 12, 17, 20, 26, 27, 29, 31, 46, 48, 51, 54, 58, 66, 68, 71, 73, 77, 82, 87, 89, 93, 94, 99, 100, 102, 108, 111, 113, 116, 120, 121, 132, 133, 135, 138, 141, 143, 146, 151, 165, 168, 172, 176, 182, 183, 184, 186, 188, 194, 197, 200, 205, 206, 212, 216, 218, 221, 228, 233, 236, 237, 241, 242, 246, 251, 254, 262, 265, 268]",86,74,True
83,519.4683599472046,"[0, 4, 5, 6, 8, 9, 13, 16, 18, 20, 32, 33, 36, 39, 40, 42, 45, 47, 49, 52, 53, 57, 58, 60, 61, 62, 68, 71, 72, 73, 74, 75, 76, 81, 82, 84, 86, 90, 95, 98, 100, 105, 107, 110, 118, 120, 122, 131, 132, 133, 137, 142, 145, 147, 148, 151, 163, 166, 170, 173, 174, 175, 181, 183, 185, 189, 192, 197, 201, 205, 208, 224, 226, 227, 230, 231, 235, 236, 241, 245, 253, 259, 267, 268]","[1, 4, 6, 7, 11, 12, 17, 20, 26, 27, 29, 31, 46, 48, 51, 54, 58, 66, 68, 71, 73, 77, 82, 87, 89, 93, 94, 99, 100, 102, 108, 111, 113, 116, 120, 121, 132, 133, 135, 138, 141, 143, 146, 151, 165, 168, 172, 176, 182, 183, 184, 186, 188, 194, 197, 200, 205, 206, 212, 216, 218, 221, 228, 233, 236, 237, 241, 242, 246, 251, 254, 262, 265, 268]",84,74,True
84,404.3563303947449,"[0, 4, 5, 6, 8, 9, 13, 16, 18, 20, 32, 33, 36, 39, 40, 42, 45, 47, 49, 52, 53, 57, 58, 62, 68, 71, 72, 73, 74, 75, 76, 81, 82, 84, 86, 89, 90, 95, 98, 100, 105, 107, 110, 118, 120, 122, 131, 132, 133, 137, 142, 145, 147, 148, 151, 163, 166, 170, 173, 174, 175, 181, 183, 185, 189, 192, 197, 201, 205, 208, 224, 226, 227, 230, 231, 235, 236, 241, 245, 253, 259, 267, 268]","[1, 4, 6, 7, 11, 12, 17, 20, 26, 27, 29, 31, 46, 48, 51, 54, 58, 66, 68, 71, 73, 77, 82, 87, 89, 93, 94, 99, 100, 102, 108, 111, 113, 116, 120, 121, 132, 133, 135, 138, 141, 143, 146, 151, 165, 168, 172, 176, 182, 183, 184, 186, 188, 194, 197, 200, 205, 206, 212, 216, 218, 221, 228, 233, 236, 237, 241, 242, 246, 251, 254, 262, 265, 268]",83,74,True
85,396.2119514942169,"[0, 4, 5, 6, 8, 9, 13, 16, 18, 20, 32, 33, 36, 39, 40, 42, 45, 47, 49, 52, 53, 57, 58, 62, 68, 71, 72, 73, 74, 75, 76, 81, 82, 84, 86, 89, 90, 95, 98, 100, 105, 107, 110, 118, 120, 122, 131, 132, 133, 137, 142, 145, 147, 148, 151, 163, 166, 170, 173, 174, 175, 181, 183, 185, 189, 192, 197, 201, 205, 208, 224, 226, 227, 230, 231, 235, 236, 241, 245, 253, 259, 267, 268]","[1, 4, 6, 7, 11, 12, 17, 20, 26, 27, 29, 31, 46, 48, 51, 54, 58, 66, 68, 71, 73, 77, 82, 87, 89, 93, 94, 99, 100, 102, 108, 111, 113, 116, 120, 121, 132, 133, 135, 138, 141, 143, 146, 151, 165, 168, 172, 176, 182, 183, 184, 186, 188, 194, 197, 200, 205, 206, 212, 216, 218, 221, 228, 233, 236, 237, 241, 242, 246, 251, 254, 262, 265, 268]",83,74,True
86,266.45562386512756,"[0, 4, 5, 6, 8, 9, 13, 16, 18, 20, 32, 33, 36, 39, 40, 42, 45, 47, 49, 52, 53, 57, 58, 62, 68, 71, 72, 73, 74, 75, 76, 81, 82, 84, 86, 89, 90, 95, 98, 100, 105, 107, 110, 118, 120, 122, 131, 132, 133, 137, 142, 145, 147, 148, 151, 163, 166, 170, 173, 174, 175, 181, 183, 185, 189, 192, 197, 201, 205, 208, 224, 226, 227, 230, 231, 235, 236, 241, 245, 253, 259, 267, 268]","[1, 4, 6, 7, 11, 12, 17, 20, 26, 27, 29, 31, 46, 48, 51, 54, 58, 66, 68, 71, 73, 77, 82, 87, 89, 93, 94, 99, 100, 102, 108, 111, 113, 116, 120, 121, 132, 133, 135, 138, 141, 143, 146, 151, 165, 168, 172, 176, 182, 183, 184, 186, 188, 194, 197, 200, 205, 206, 212, 216, 218, 221, 228, 233, 236, 237, 241, 242, 246, 251, 254, 262, 265, 268]",83,74,True
87,336.94557666778564,"[0, 4, 5, 6, 8, 9, 13, 16, 18, 20, 32, 33, 36, 39, 40, 42, 45, 47, 49, 52, 53, 57, 58, 62, 68, 71, 72, 73, 74, 75, 76, 81, 82, 84, 86, 89, 90, 95, 98, 100, 105, 107, 110, 118, 120, 122, 131, 132, 133, 137, 142, 145, 147, 148, 151, 163, 166, 170, 173, 174, 175, 181, 183, 185, 189, 192, 197, 201, 205, 208, 224, 226, 227, 230, 231, 235, 236, 241, 245, 253, 259, 267, 268]","[1, 4, 6, 7, 11, 12, 17, 20, 26, 27, 29, 31, 46, 48, 51, 54, 58, 66, 68, 71, 73, 77, 82, 87, 89, 93, 94, 99, 100, 102, 108, 111, 113, 116, 120, 121, 132, 133, 135, 138, 141, 143, 146, 151, 165, 168, 172, 176, 182, 183, 184, 186, 188, 194, 197, 200, 205, 206, 212, 216, 218, 221, 228, 233, 236, 237, 241, 242, 246, 251, 254, 262, 265, 268]",83,74,True
88,344.43969464302063,"[0, 4, 5, 6, 8, 9, 13, 16, 18, 20, 32, 33, 36, 39, 40, 42, 45, 47, 49, 52, 53, 57, 58, 60, 61, 62, 68, 71, 72, 73, 74, 75, 76, 81, 82, 84, 86, 90, 95, 98, 100, 105, 107, 110, 118, 120, 122, 131, 132, 133, 137, 142, 145, 147, 148, 151, 163, 166, 170, 173, 174, 175, 181, 183, 185, 189, 192, 197, 201, 205, 208, 224, 226, 227, 230, 231, 235, 236, 241, 245, 253, 259, 267, 268]","[1, 4, 6, 7, 11, 12, 17, 20, 26, 27, 29, 31, 46, 48, 51, 54, 58, 66, 68, 71, 73, 77, 82, 87, 89, 93, 94, 99, 100, 102, 108, 111, 113, 116, 120, 121, 132, 133, 135, 138, 141, 143, 146, 151, 165, 168, 172, 176, 182, 183, 184, 186, 188, 194, 197, 200, 205, 206, 212, 216, 218, 221, 228, 233, 236, 237, 241, 242, 246, 251, 254, 262, 265, 268]",84,74,True
89,307.5835511684418,"[0, 4, 5, 6, 8, 9, 13, 16, 18, 20, 32, 33, 36, 39, 40, 42, 45, 47, 49, 52, 53, 57, 58, 60, 61, 62, 68, 71, 72, 73, 74, 75, 76, 81, 82, 84, 86, 90, 95, 98, 100, 105, 107, 110, 118, 120, 122, 131, 132, 133, 137, 142, 145, 147, 148, 151, 163, 166, 170, 173, 174, 175, 181, 183, 185, 189, 192, 197, 201, 205, 208, 224, 226, 227, 230, 231, 235, 236, 241, 245, 253, 259, 267, 268]","[1, 4, 6, 7, 11, 12, 17, 20, 26, 27, 29, 31, 46, 48, 51, 54, 58, 66, 68, 71, 73, 77, 82, 87, 89, 93, 94, 99, 100, 102, 108, 111, 113, 116, 120, 121, 132, 133, 135, 138, 141, 143, 146, 151, 165, 168, 172, 176, 182, 183, 184, 186, 188, 194, 197, 200, 205, 206, 212, 216, 218, 221, 228, 233, 236, 237, 241, 242, 246, 251, 254, 262, 265, 268]",84,74,True
90,306.52104330062866,"[0, 4, 5, 6, 8, 9, 13, 16, 18, 20, 32, 33, 36, 39, 40, 42, 45, 47, 49, 52, 53, 57, 58, 62, 68, 71, 72, 73, 74, 75, 76, 81, 82, 84, 86, 89, 90, 95, 98, 100, 105, 107, 110, 118, 120, 122, 131, 132, 133, 137, 142, 145, 147, 148, 151, 163, 166, 170, 173, 174, 175, 181, 183, 185, 189, 192, 197, 201, 205, 208, 224, 226, 227, 230, 231, 235, 236, 241, 245, 253, 259, 267, 268]","[1, 4, 6, 7, 11, 12, 17, 20, 26, 27, 29, 31, 46, 48, 51, 54, 58, 66, 68, 71, 73, 77, 82, 87, 89, 93, 94, 99, 100, 102, 108, 111, 113, 116, 120, 121, 132, 133, 135, 138, 141, 143, 146, 151, 165, 168, 172, 176, 182, 183, 184, 186, 188, 194, 197, 200, 205, 206, 212, 216, 218, 221, 228, 233, 236, 237, 241, 242, 246, 251, 254, 262, 265, 268]",83,74,True
91,274.3731827735901,"[0, 4, 5, 6, 8, 9, 13, 16, 18, 20, 32, 33, 36, 39, 40, 42, 45, 47, 49, 52, 53, 57, 58, 62, 68, 71, 72, 73, 74, 75, 76, 81, 82, 84, 86, 89, 90, 95, 98, 100, 105, 107, 110, 118, 120, 122, 131, 132, 133, 137, 142, 145, 147, 148, 151, 163, 166, 170, 173, 174, 175, 181, 183, 185, 189, 192, 197, 201, 205, 208, 224, 226, 227, 230, 231, 235, 236, 241, 245, 253, 259, 267, 268]","[1, 4, 6, 7, 11, 12, 17, 20, 26, 27, 29, 31, 46, 48, 51, 54, 58, 66, 68, 71, 73, 77, 82, 87, 89, 93, 94, 99, 100, 102, 108, 111, 113, 116, 120, 121, 132, 133, 135, 138, 141, 143, 146, 151, 165, 168, 172, 176, 182, 183, 184, 186, 188, 194, 197, 200, 205, 206, 212, 216, 218, 221, 228, 233, 236, 237, 241, 242, 246, 251, 254, 262, 265, 268]",83,74,True
92,264.0311050415039,"[0, 4, 5, 6, 8, 9, 13, 16, 18, 20, 32, 33, 36, 39, 40, 42, 45, 47, 49, 52, 53, 57, 58, 62, 68, 71, 72, 73, 74, 75, 76, 81, 82, 84, 86, 89, 90, 95, 98, 100, 105, 107, 110, 118, 120, 122, 131, 132, 133, 137, 142, 145, 147, 148, 151, 163, 166, 170, 173, 174, 175, 181, 183, 185, 189, 192, 197, 201, 205, 208, 224, 226, 227, 230, 231, 235, 236, 241, 245, 253, 259, 267, 268]","[1, 4, 6, 7, 11, 12, 17, 20, 26, 27, 29, 31, 46, 48, 51, 54, 58, 66, 68, 71, 73, 77, 82, 87, 89, 93, 94, 99, 100, 102, 108, 111, 113, 116, 120, 121, 132, 133, 135, 138, 141, 143, 146, 151, 165, 168, 172, 176, 182, 183, 184, 186, 188, 194, 197, 200, 205, 206, 212, 216, 218, 221, 228, 233, 236, 237, 241, 242, 246, 251, 254, 262, 265, 268]",83,74,True
93,281.5523235797882,"[0, 4, 5, 6, 8, 9, 13, 14, 15, 16, 18, 32, 33, 36, 39, 40, 41, 42, 45, 47, 49, 52, 53, 57, 58, 60, 61, 62, 68, 71, 72, 73, 74, 75, 76, 81, 82, 84, 86, 90, 95, 98, 100, 105, 107, 110, 118, 120, 122, 131, 132, 133, 137, 142, 145, 147, 148, 151, 163, 166, 170, 173, 174, 175, 181, 183, 185, 189, 192, 197, 201, 205, 208, 224, 226, 227, 230, 231, 235, 236, 241, 245, 253, 259, 267, 268]","[1, 4, 6, 7, 11, 12, 17, 20, 26, 27, 29, 31, 46, 48, 51, 54, 58, 66, 68, 71, 73, 77, 82, 87, 89, 93, 94, 99, 100, 102, 108, 111, 113, 116, 120, 121, 132, 133, 135, 138, 141, 143, 146, 151, 165, 168, 172, 176, 182, 183, 184, 186, 188, 194, 197, 200, 205, 206, 212, 216, 218, 221, 228, 233, 236, 237, 241, 242, 246, 251, 254, 262, 265, 268]",86,74,True
94,496.88652515411377,"[0, 4, 5, 6, 8, 9, 13, 16, 18, 20, 32, 33, 36, 39, 40, 42, 45, 47, 49, 52, 53, 57, 58, 60, 61, 62, 68, 71, 72, 73, 74, 75, 76, 81, 82, 84, 86, 90, 95, 98, 100, 105, 107, 110, 118, 120, 122, 131, 132, 133, 137, 142, 145, 147, 148, 151, 163, 166, 170, 173, 174, 175, 181, 183, 185, 189, 192, 197, 201, 205, 208, 224, 226, 227, 230, 231, 235, 236, 241, 245, 253, 259, 267, 268]","[1, 4, 6, 7, 11, 12, 17, 20, 26, 27, 29, 31, 46, 48, 51, 54, 58, 66, 68, 71, 73, 77, 82, 87, 89, 93, 94, 99, 100, 102, 108, 111, 113, 116, 120, 121, 132, 133, 135, 138, 141, 143, 146, 151, 165, 168, 172, 176, 182, 183, 184, 186, 188, 194, 197, 200, 205, 206, 212, 216, 218, 221, 228, 233, 236, 237, 241, 242, 246, 251, 254, 262, 265, 268]",84,74,True
95,345.99726033210754,"[0, 4, 5, 6, 8, 9, 13, 16, 18, 20, 32, 33, 36, 39, 40, 42, 45, 47, 49, 52, 53, 57, 58, 60, 61, 62, 68, 71, 72, 73, 74, 75, 76, 81, 82, 84, 86, 90, 95, 98, 100, 105, 107, 110, 118, 120, 122, 131, 132, 133, 137, 142, 145, 147, 148, 151, 163, 166, 170, 173, 174, 175, 181, 183, 185, 189, 192, 197, 201, 205, 208, 224, 226, 227, 230, 231, 235, 236, 241, 245, 253, 259, 267, 268]","[1, 4, 6, 7, 11, 12, 17, 20, 26, 27, 29, 31, 46, 48, 51, 54, 58, 66, 68, 71, 73, 77, 82, 87, 89, 93, 94, 99, 100, 102, 108, 111, 113, 116, 120, 121, 132, 133, 135, 138, 141, 143, 146, 151, 165, 168, 172, 176, 182, 183, 184, 186, 188, 194, 197, 200, 205, 206, 212, 216, 218, 221, 228, 233, 236, 237, 241, 242, 246, 251, 254, 262, 265, 268]",84,74,True
96,421.2711992263794,"[0, 4, 5, 6, 8, 9, 13, 16, 18, 20, 32, 33, 36, 39, 40, 42, 45, 47, 49, 52, 53, 57, 58, 60, 61, 62, 68, 71, 72, 73, 74, 75, 76, 81, 82, 84, 86, 90, 95, 98, 100, 105, 107, 110, 118, 120, 122, 131, 132, 133, 137, 142, 145, 147, 148, 151, 163, 166, 170, 173, 174, 175, 181, 183, 185, 189, 192, 197, 201, 205, 208, 224, 226, 227, 230, 231, 235, 236, 241, 245, 253, 259, 267, 268]","[1, 4, 6, 7, 11, 12, 17, 20, 26, 27, 29, 31, 46, 48, 51, 54, 58, 66, 68, 71, 73, 77, 82, 87, 89, 93, 94, 99, 100, 102, 108, 111, 113, 116, 120, 121, 132, 133, 135, 138, 141, 143, 146, 151, 165, 168, 172, 176, 182, 183, 184, 186, 188, 194, 197, 200, 205, 206, 212, 216, 218, 221, 228, 233, 236, 237, 241, 242, 246, 251, 254, 262, 265, 268]",84,74,True
97,275.34804821014404,"[0, 4, 5, 6, 8, 9, 13, 16, 18, 20, 32, 33, 36, 39, 40, 42, 45, 47, 49, 52, 53, 57, 58, 62, 68, 71, 72, 73, 74, 75, 76, 81, 82, 84, 86, 89, 90, 95, 98, 100, 105, 107, 110, 118, 120, 122, 131, 132, 133, 137, 142, 145, 147, 148, 151, 163, 166, 170, 173, 174, 175, 181, 183, 185, 189, 192, 197, 201, 205, 208, 224, 226, 227, 230, 231, 235, 236, 241, 245, 253, 259, 267, 268]","[1, 4, 6, 7, 11, 12, 17, 20, 26, 27, 29, 31, 46, 48, 51, 54, 58, 66, 68, 71, 73, 77, 82, 87, 89, 93, 94, 99, 100, 102, 108, 111, 113, 116, 120, 121, 132, 133, 135, 138, 141, 143, 146, 151, 165, 168, 172, 176, 182, 183, 184, 186, 188, 194, 197, 200, 205, 206, 212, 216, 218, 221, 228, 233, 236, 237, 241, 242, 246, 251, 254, 262, 265, 268]",83,74,True
98,249.85804295539856,"[0, 4, 5, 6, 8, 9, 13, 16, 18, 20, 32, 33, 36, 40, 42, 45, 47, 49, 52, 53, 57, 58, 62, 68, 71, 72, 73, 74, 75, 81, 82, 84, 86, 89, 90, 95, 98, 100, 105, 107, 110, 118, 120, 122, 131, 132, 133, 137, 142, 145, 147, 148, 151, 163, 166, 170, 173, 174, 175, 181, 183, 185, 189, 192, 196, 199, 201, 205, 208, 224, 226, 227, 230, 231, 235, 236, 241, 245, 253, 259, 267, 268]","[1, 4, 6, 7, 11, 12, 17, 20, 26, 27, 29, 31, 46, 48, 51, 54, 58, 66, 68, 71, 73, 77, 82, 87, 89, 93, 94, 99, 100, 102, 108, 111, 113, 116, 120, 121, 132, 133, 135, 138, 141, 143, 146, 151, 165, 168, 172, 176, 182, 183, 184, 186, 188, 194, 197, 200, 205, 206, 212, 216, 218, 221, 228, 233, 236, 237, 241, 242, 246, 251, 254, 262, 265, 268]",82,74,True
99,630.0462362766266,"[0, 4, 5, 6, 8, 9, 13, 16, 18, 20, 32, 33, 36, 39, 40, 42, 45, 47, 49, 52, 53, 57, 58, 60, 61, 62, 68, 71, 72, 73, 74, 75, 76, 81, 82, 84, 86, 90, 95, 98, 100, 105, 107, 110, 118, 120, 122, 131, 132, 133, 137, 142, 145, 147, 148, 151, 163, 166, 170, 173, 174, 175, 181, 183, 185, 189, 192, 197, 201, 205, 208, 224, 226, 227, 230, 231, 235, 236, 241, 245, 253, 259, 267, 268]","[1, 4, 6, 7, 11, 12, 17, 20, 26, 27, 29, 31, 46, 48, 51, 54, 58, 66, 68, 71, 73, 77, 82, 87, 89, 93, 94, 99, 100, 102, 108, 111, 113, 116, 120, 121, 132, 133, 135, 138, 141, 143, 146, 151, 165, 168, 172, 176, 182, 183, 184, 186, 188, 194, 197, 200, 205, 206, 212, 216, 218, 221, 228, 233, 236, 237, 241, 242, 246, 251, 254, 262, 265, 268]",84,74,True
100,627.2415761947632,"[0, 4, 5, 6, 8, 9, 13, 16, 18, 20, 32, 33, 36, 39, 40, 42, 45, 47, 49, 52, 53, 57, 58, 60, 61, 62, 68, 71, 72, 73, 74, 75, 76, 81, 82, 84, 86, 90, 95, 98, 100, 105, 107, 110, 118, 120, 122, 131, 132, 133, 137, 142, 145, 147, 148, 151, 163, 166, 170, 173, 174, 175, 181, 183, 185, 189, 192, 197, 201, 205, 208, 224, 226, 227, 230, 231, 235, 236, 241, 245, 253, 259, 267, 268]","[1, 4, 6, 7, 11, 12, 17, 20, 26, 27, 29, 31, 46, 48, 51, 54, 58, 66, 68, 71, 73, 77, 82, 87, 89, 93, 94, 99, 100, 102, 108, 111, 113, 116, 120, 121, 132, 133, 135, 138, 141, 143, 146, 151, 165, 168, 172, 176, 182, 183, 184, 186, 188, 194, 197, 200, 205, 206, 212, 216, 218, 221, 228, 233, 236, 237, 241, 242, 246, 251, 254, 262, 265, 268]",84,74,True
101,659.5067563056946,"[0, 4, 5, 6, 8, 9, 13, 16, 18, 20, 32, 33, 36, 39, 40, 42, 45, 47, 49, 52, 53, 57, 58, 62, 68, 71, 72, 73, 74, 75, 76, 81, 82, 84, 86, 89, 90, 95, 98, 100, 105, 107, 110, 118, 120, 122, 131, 132, 133, 137, 142, 145, 147, 148, 151, 163, 166, 170, 173, 174, 175, 181, 183, 185, 189, 192, 197, 201, 205, 208, 224, 226, 227, 230, 231, 235, 236, 241, 245, 253, 259, 267, 268]","[1, 4, 6, 7, 11, 12, 17, 20, 26, 27, 29, 31, 46, 48, 51, 54, 58, 66, 68, 71, 73, 77, 82, 87, 89, 93, 94, 99, 100, 102, 108, 111, 113, 116, 120, 121, 132, 133, 135, 138, 141, 143, 146, 151, 165, 168, 172, 176, 182, 183, 184, 186, 188, 194, 197, 200, 205, 206, 212, 216, 218, 221, 228, 233, 236, 237, 241, 242, 246, 251, 254, 262, 265, 268]",83,74,True
102,507.52155590057373,"[0, 4, 5, 6, 8, 9, 13, 16, 18, 20, 32, 33, 36, 39, 40, 42, 45, 47, 49, 52, 53, 57, 58, 62, 68, 71, 72, 73, 74, 75, 76, 81, 82, 84, 86, 89, 90, 95, 98, 100, 105, 107, 110, 118, 120, 122, 131, 132, 133, 137, 142, 145, 147, 148, 151, 163, 166, 170, 173, 174, 175, 181, 183, 185, 189, 192, 197, 201, 205, 208, 224, 226, 227, 230, 231, 235, 236, 241, 245, 253, 259, 267, 268]","[1, 4, 6, 7, 11, 12, 17, 20, 26, 27, 29, 31, 46, 48, 51, 54, 58, 66, 68, 71, 73, 77, 82, 87, 89, 93, 94, 99, 100, 102, 108, 111, 113, 116, 120, 121, 132, 133, 135, 138, 141, 143, 146, 151, 165, 168, 172, 176, 182, 183, 184, 186, 188, 194, 197, 200, 205, 206, 212, 216, 218, 221, 228, 233, 236, 237, 241, 242, 246, 251, 254, 262, 265, 268]",83,74,True
103,732.2098376750946,"[0, 4, 5, 6, 8, 9, 13, 16, 18, 20, 32, 33, 36, 40, 42, 45, 47, 49, 52, 53, 57, 58, 62, 68, 71, 72, 73, 74, 75, 81, 82, 84, 86, 89, 90, 95, 98, 100, 105, 107, 110, 118, 120, 122, 131, 132, 133, 137, 142, 145, 147, 148, 151, 163, 166, 170, 173, 174, 175, 181, 183, 185, 189, 192, 196, 199, 201, 205, 208, 224, 226, 227, 230, 231, 235, 236, 241, 245, 253, 259, 267, 268]","[1, 4, 6, 7, 11, 12, 17, 20, 26, 27, 29, 31, 46, 48, 51, 54, 58, 66, 68, 71, 73, 77, 82, 87, 89, 93, 94, 99, 100, 102, 108, 111, 113, 116, 120, 121, 132, 133, 135, 138, 141, 143, 146, 151, 165, 168, 172, 176, 182, 183, 184, 186, 188, 194, 197, 200, 205, 206, 212, 216, 218, 221, 228, 233, 236, 237, 241, 242, 246, 251, 254, 262, 265, 268]",82,74,True
104,717.1373524665833,"[0, 4, 5, 6, 8, 9, 13, 16, 18, 20, 32, 33, 36, 40, 42, 45, 47, 49, 52, 53, 57, 58, 62, 68, 71, 72, 73, 74, 75, 81, 82, 84, 86, 89, 90, 95, 98, 100, 105, 107, 110, 118, 120, 122, 131, 132, 133, 137, 142, 145, 147, 148, 151, 163, 166, 170, 173, 174, 175, 181, 183, 185, 189, 192, 196, 199, 201, 205, 208, 224, 226, 227, 230, 231, 235, 236, 241, 245, 253, 259, 267, 268]","[1, 4, 6, 7, 11, 12, 17, 20, 26, 27, 29, 31, 46, 48, 51, 54, 58, 66, 68, 71, 73, 77, 82, 87, 89, 93, 94, 99, 100, 102, 108, 111, 113, 116, 120, 121, 132, 133, 135, 138, 141, 143, 146, 151, 165, 168, 172, 176, 182, 183, 184, 186, 188, 194, 197, 200, 205, 206, 212, 216, 218, 221, 228, 233, 236, 237, 241, 242, 246, 251, 254, 262, 265, 268]",82,74,True
105,940.3017859458923,"[0, 4, 5, 6, 8, 9, 13, 16, 18, 20, 32, 33, 36, 40, 42, 45, 47, 49, 52, 53, 57, 58, 62, 68, 71, 72, 73, 74, 75, 81, 82, 84, 86, 89, 90, 95, 98, 100, 105, 107, 110, 118, 120, 122, 131, 132, 133, 137, 142, 145, 147, 148, 151, 163, 166, 170, 173, 174, 175, 181, 183, 185, 189, 192, 196, 199, 201, 205, 208, 224, 226, 227, 230, 231, 235, 236, 241, 245, 253, 259, 267, 268]","[1, 4, 6, 7, 11, 12, 17, 20, 26, 27, 29, 31, 46, 48, 51, 54, 58, 66, 68, 71, 73, 77, 82, 87, 89, 93, 94, 99, 100, 102, 108, 111, 113, 116, 120, 121, 132, 133, 135, 138, 141, 143, 146, 151, 165, 168, 172, 176, 182, 183, 184, 186, 188, 194, 197, 200, 205, 206, 212, 216, 218, 221, 228, 233, 236, 237, 241, 242, 246, 251, 254, 262, 265, 268]",82,74,True
106,690.8280167579651,"[0, 4, 5, 6, 8, 9, 13, 16, 18, 20, 32, 33, 36, 39, 40, 42, 45, 47, 49, 52, 53, 57, 58, 62, 68, 71, 72, 73, 74, 75, 76, 81, 82, 84, 86, 89, 90, 95, 98, 100, 105, 107, 110, 118, 120, 122, 131, 132, 133, 137, 142, 145, 147, 148, 151, 163, 166, 170, 173, 174, 175, 181, 183, 185, 189, 192, 197, 201, 205, 208, 224, 226, 227, 230, 231, 235, 236, 241, 245, 253, 259, 267, 268]","[1, 4, 6, 7, 11, 12, 17, 20, 26, 27, 29, 31, 46, 48, 51, 54, 58, 66, 68, 71, 73, 77, 82, 87, 89, 93, 94, 99, 100, 102, 108, 111, 113, 116, 120, 121, 132, 133, 135, 138, 141, 143, 146, 151, 165, 168, 172, 176, 182, 183, 184, 186, 188, 194, 197, 200, 205, 206, 212, 216, 218, 221, 228, 233, 236, 237, 241, 242, 246, 251, 254, 262, 265, 268]",83,74,True
107,878.3085234165192,"[0, 4, 5, 6, 8, 9, 13, 16, 18, 20, 32, 33, 36, 39, 40, 42, 45, 47, 49, 52, 53, 57, 58, 62, 68, 71, 72, 73, 74, 75, 76, 81, 82, 84, 86, 89, 90, 95, 98, 100, 105, 107, 110, 118, 120, 122, 131, 132, 133, 137, 142, 145, 147, 148, 151, 163, 166, 170, 173, 174, 175, 181, 183, 185, 189, 192, 197, 201, 205, 208, 224, 226, 227, 230, 231, 235, 236, 241, 245, 253, 259, 267, 268]","[1, 4, 6, 7, 11, 12, 17, 20, 26, 27, 29, 31, 46, 48, 51, 54, 58, 66, 68, 71, 73, 77, 82, 87, 89, 93, 94, 99, 100, 102, 108, 111, 113, 116, 120, 121, 132, 133, 135, 138, 141, 143, 146, 151, 165, 168, 172, 176, 182, 183, 184, 186, 188, 194, 197, 200, 205, 206, 212, 216, 218, 221, 228, 233, 236, 237, 241, 242, 246, 251, 254, 262, 265, 268]",83,74,True
108,480.2169506549835,"[0, 4, 5, 6, 8, 9, 13, 14, 15, 16, 18, 32, 33, 36, 39, 40, 41, 42, 45, 47, 49, 52, 53, 57, 58, 60, 61, 62, 68, 71, 72, 73, 74, 75, 76, 81, 82, 84, 86, 90, 95, 98, 100, 105, 107, 110, 118, 120, 122, 131, 132, 133, 137, 142, 145, 147, 148, 151, 163, 166, 170, 173, 174, 175, 181, 183, 185, 189, 192, 197, 201, 205, 208, 224, 226, 227, 230, 231, 235, 236, 241, 245, 253, 259, 267, 268]","[1, 4, 6, 7, 11, 12, 17, 20, 26, 27, 29, 31, 46, 48, 51, 54, 58, 66, 68, 71, 73, 77, 82, 87, 89, 93, 94, 99, 100, 102, 108, 111, 113, 116, 120, 121, 132, 133, 135, 138, 141, 143, 146, 151, 165, 168, 172, 176, 182, 183, 184, 186, 188, 194, 197, 200, 205, 206, 212, 216, 218, 221, 228, 233, 236, 237, 241, 242, 246, 251, 254, 262, 265, 268]",86,74,True
109,677.7860283851624,"[0, 4, 5, 6, 8, 9, 13, 16, 18, 20, 32, 33, 36, 39, 40, 42, 45, 47, 49, 52, 53, 57, 58, 62, 68, 71, 72, 73, 74, 75, 76, 81, 82, 84, 86, 89, 90, 95, 98, 100, 105, 107, 110, 118, 120, 122, 131, 132, 133, 137, 142, 145, 147, 148, 151, 163, 166, 170, 173, 174, 175, 181, 183, 185, 189, 192, 197, 201, 205, 208, 224, 226, 227, 230, 231, 235, 236, 241, 245, 253, 259, 267, 268]","[1, 4, 6, 7, 11, 12, 17, 20, 26, 27, 29, 31, 46, 48, 51, 54, 58, 66, 68, 71, 73, 77, 82, 87, 89, 93, 94, 99, 100, 102, 108, 111, 113, 116, 120, 121, 132, 133, 135, 138, 141, 143, 146, 151, 165, 168, 172, 176, 182, 183, 184, 186, 188, 194, 197, 200, 205, 206, 212, 216, 218, 221, 228, 233, 236, 237, 241, 242, 246, 251, 254, 262, 265, 268]",83,74,True
110,562.0464379787445,"[0, 4, 5, 6, 8, 9, 13, 16, 18, 20, 32, 33, 36, 39, 40, 42, 45, 47, 49, 52, 53, 57, 58, 62, 68, 71, 72, 73, 74, 75, 76, 81, 82, 84, 86, 89, 90, 95, 98, 100, 105, 107, 110, 118, 120, 122, 131, 132, 133, 137, 142, 145, 147, 148, 151, 163, 166, 170, 173, 174, 175, 181, 183, 185, 189, 192, 197, 201, 205, 208, 224, 226, 227, 230, 231, 235, 236, 241, 245, 253, 259, 267, 268]","[1, 4, 6, 7, 11, 12, 17, 20, 26, 27, 29, 31, 46, 48, 51, 54, 58, 66, 68, 71, 73, 77, 82, 87, 89, 93, 94, 99, 100, 102, 108, 111, 113, 116, 120, 121, 132, 133, 135, 138, 141, 143, 146, 151, 165, 168, 172, 176, 182, 183, 184, 186, 188, 194, 197, 200, 205, 206, 212, 216, 218, 221, 228, 233, 236, 237, 241, 242, 246, 251, 254, 262, 265, 268]",83,74,True
111,590.3804426193237,"[0, 4, 5, 6, 8, 9, 13, 16, 18, 20, 32, 33, 36, 40, 42, 45, 47, 49, 52, 53, 57, 58, 62, 68, 71, 72, 73, 74, 75, 81, 82, 84, 86, 89, 90, 95, 98, 100, 105, 107, 110, 118, 120, 122, 131, 132, 133, 137, 142, 145, 147, 148, 151, 163, 166, 170, 173, 174, 175, 181, 183, 185, 189, 192, 196, 199, 201, 205, 208, 224, 226, 227, 230, 231, 235, 236, 241, 245, 253, 259, 267, 268]","[1, 4, 6, 7, 11, 12, 17, 20, 26, 27, 29, 31, 46, 48, 51, 54, 58, 66, 68, 71, 73, 77, 82, 87, 89, 93, 94, 99, 100, 102, 108, 111, 113, 116, 120, 121, 132, 133, 135, 138, 141, 143, 146, 151, 165, 168, 172, 176, 182, 183, 184, 186, 188, 194, 197, 200, 205, 206, 212, 216, 218, 221, 228, 233, 236, 237, 241, 242, 246, 251, 254, 262, 265, 268]",82,74,True
112,551.3172721862793,"[0, 4, 5, 6, 8, 9, 13, 16, 18, 20, 32, 33, 36, 39, 40, 42, 45, 47, 49, 52, 53, 57, 58, 62, 68, 71, 72, 73, 74, 75, 76, 81, 82, 84, 86, 89, 90, 95, 98, 100, 105, 107, 110, 118, 120, 122, 131, 132, 133, 137, 142, 145, 147, 148, 151, 163, 166, 170, 173, 174, 175, 181, 183, 185, 189, 192, 197, 201, 205, 208, 224, 226, 227, 230, 231, 235, 236, 241, 245, 253, 259, 267, 268]","[1, 4, 6, 7, 11, 12, 17, 20, 26, 27, 29, 31, 46, 48, 51, 54, 58, 66, 68, 71, 73, 77, 82, 87, 89, 93, 94, 99, 100, 102, 108, 111, 113, 116, 120, 121, 132, 133, 135, 138, 141, 143, 146, 151, 165, 168, 172, 176, 182, 183, 184, 186, 188, 194, 197, 200, 205, 206, 212, 216, 218, 221, 228, 233, 236, 237, 241, 242, 246, 251, 254, 262, 265, 268]",83,74,True
113,527.1789937019348,"[0, 4, 5, 6, 8, 9, 13, 16, 18, 20, 32, 33, 36, 39, 40, 42, 45, 47, 49, 52, 53, 57, 58, 60, 61, 62, 68, 71, 72, 73, 74, 75, 76, 81, 82, 84, 86, 90, 95, 98, 100, 105, 107, 110, 118, 120, 122, 131, 132, 133, 137, 142, 145, 147, 148, 151, 163, 166, 170, 173, 174, 175, 181, 183, 185, 189, 192, 197, 201, 205, 208, 224, 226, 227, 230, 231, 235, 236, 241, 245, 253, 259, 267, 268]","[1, 4, 6, 7, 11, 12, 17, 20, 26, 27, 29, 31, 46, 48, 51, 54, 58, 66, 68, 71, 73, 77, 82, 87, 89, 93, 94, 99, 100, 102, 108, 111, 113, 116, 120, 121, 132, 133, 135, 138, 141, 143, 146, 151, 165, 168, 172, 176, 182, 183, 184, 186, 188, 194, 197, 200, 205, 206, 212, 216, 218, 221, 228, 233, 236, 237, 241, 242, 246, 251, 254, 262, 265, 268]",84,74,True
114,721.3808441162109,"[0, 4, 5, 6, 8, 9, 13, 16, 18, 20, 32, 33, 36, 39, 40, 42, 45, 47, 49, 52, 53, 57, 58, 62, 68, 71, 72, 73, 74, 75, 76, 81, 82, 84, 86, 89, 90, 95, 98, 100, 105, 107, 110, 118, 120, 122, 131, 132, 133, 137, 142, 145, 147, 148, 151, 163, 166, 170, 173, 174, 175, 181, 183, 185, 189, 192, 197, 201, 205, 208, 224, 226, 227, 230, 231, 235, 236, 241, 245, 253, 259, 267, 268]","[1, 4, 6, 7, 11, 12, 17, 20, 26, 27, 29, 31, 46, 48, 51, 54, 58, 66, 68, 71, 73, 77, 82, 87, 89, 93, 94, 99, 100, 102, 108, 111, 113, 116, 120, 121, 132, 133, 135, 138, 141, 143, 146, 151, 165, 168, 172, 176, 182, 183, 184, 186, 188, 194, 197, 200, 205, 206, 212, 216, 218, 221, 228, 233, 236, 237, 241, 242, 246, 251, 254, 262, 265, 268]",83,74,True
115,649.2095537185669,"[0, 4, 5, 6, 8, 9, 13, 16, 18, 20, 32, 33, 36, 39, 40, 42, 45, 47, 49, 52, 53, 57, 58, 62, 68, 71, 72, 73, 74, 75, 76, 81, 82, 84, 86, 89, 90, 95, 98, 100, 105, 107, 110, 118, 120, 122, 131, 132, 133, 137, 142, 145, 147, 148, 151, 163, 166, 170, 173, 174, 175, 181, 183, 185, 189, 192, 197, 201, 205, 208, 224, 226, 227, 230, 231, 235, 236, 241, 245, 253, 259, 267, 268]","[1, 4, 6, 7, 11, 12, 17, 20, 26, 27, 29, 31, 46, 48, 51, 54, 58, 66, 68, 71, 73, 77, 82, 87, 89, 93, 94, 99, 100, 102, 108, 111, 113, 116, 120, 121, 132, 133, 135, 138, 141, 143, 146, 151, 165, 168, 172, 176, 182, 183, 184, 186, 188, 194, 197, 200, 205, 206, 212, 216, 218, 221, 228, 233, 236, 237, 241, 242, 246, 251, 254, 262, 265, 268]",83,74,True
116,504.4694435596466,"[0, 4, 5, 6, 8, 9, 13, 16, 18, 20, 32, 33, 36, 39, 40, 42, 45, 47, 49, 52, 53, 57, 58, 60, 61, 62, 68, 71, 72, 73, 74, 75, 76, 81, 82, 84, 86, 90, 95, 98, 100, 105, 107, 110, 118, 120, 122, 131, 132, 133, 137, 142, 145, 147, 148, 151, 163, 166, 170, 173, 174, 175, 181, 183, 185, 189, 192, 197, 201, 205, 208, 224, 226, 227, 230, 231, 235, 236, 241, 245, 253, 259, 267, 268]","[1, 4, 6, 7, 11, 12, 17, 20, 26, 27, 29, 31, 46, 48, 51, 54, 58, 66, 68, 71, 73, 77, 82, 87, 89, 93, 94, 99, 100, 102, 108, 111, 113, 116, 120, 121, 132, 133, 135, 138, 141, 143, 146, 151, 165, 168, 172, 176, 182, 183, 184, 186, 188, 194, 197, 200, 205, 206, 212, 216, 218, 221, 228, 233, 236, 237, 241, 242, 246, 251, 254, 262, 265, 268]",84,74,True
117,549.6218347549438,"[0, 4, 5, 6, 8, 9, 13, 16, 18, 20, 32, 33, 36, 39, 40, 42, 45, 47, 49, 52, 53, 57, 58, 62, 68, 71, 72, 73, 74, 75, 76, 81, 82, 84, 86, 89, 90, 95, 98, 100, 105, 107, 110, 118, 120, 122, 131, 132, 133, 137, 142, 145, 147, 148, 151, 163, 166, 170, 173, 174, 175, 181, 183, 185, 189, 192, 197, 201, 205, 208, 224, 226, 227, 230, 231, 235, 236, 241, 245, 253, 259, 267, 268]","[1, 4, 6, 7, 11, 12, 17, 20, 26, 27, 29, 31, 46, 48, 51, 54, 58, 66, 68, 71, 73, 77, 82, 87, 89, 93, 94, 99, 100, 102, 108, 111, 113, 116, 120, 121, 132, 133, 135, 138, 141, 143, 146, 151, 165, 168, 172, 176, 182, 183, 184, 186, 188, 194, 197, 200, 205, 206, 212, 216, 218, 221, 228, 233, 236, 237, 241, 242, 246, 251, 254, 262, 265, 268]",83,74,True
118,547.9972574710846,"[0, 4, 5, 6, 8, 9, 13, 16, 18, 20, 32, 33, 36, 39, 40, 42, 45, 47, 49, 52, 53, 57, 58, 62, 68, 71, 72, 73, 74, 75, 76, 81, 82, 84, 86, 89, 90, 95, 98, 100, 105, 107, 110, 118, 120, 122, 131, 132, 133, 137, 142, 145, 147, 148, 151, 163, 166, 170, 173, 174, 175, 181, 183, 185, 189, 192, 197, 201, 205, 208, 224, 226, 227, 230, 231, 235, 236, 241, 245, 253, 259, 267, 268]","[1, 4, 6, 7, 11, 12, 17, 20, 26, 27, 29, 31, 46, 48, 51, 54, 58, 66, 68, 71, 73, 77, 82, 87, 89, 93, 94, 99, 100, 102, 108, 111, 113, 116, 120, 121, 132, 133, 135, 138, 141, 143, 146, 151, 165, 168, 172, 176, 182, 183, 184, 186, 188, 194, 197, 200, 205, 206, 212, 216, 218, 221, 228, 233, 236, 237, 241, 242, 246, 251, 254, 262, 265, 268]",83,74,True
119,1108.9828281402588,"[0, 4, 5, 6, 8, 9, 13, 16, 18, 20, 32, 33, 36, 39, 40, 42, 45, 47, 49, 52, 53, 57, 58, 60, 61, 62, 68, 71, 72, 73, 74, 75, 76, 81, 82, 84, 86, 90, 95, 98, 100, 105, 107, 110, 118, 120, 122, 131, 132, 133, 137, 142, 145, 147, 148, 151, 163, 166, 170, 173, 174, 175, 181, 183, 185, 189, 192, 197, 201, 205, 208, 224, 226, 227, 230, 231, 235, 236, 241, 245, 253, 259, 267, 268]","[1, 4, 6, 7, 11, 12, 17, 20, 26, 27, 29, 31, 46, 48, 51, 54, 58, 66, 68, 71, 73, 77, 82, 87, 89, 93, 94, 99, 100, 102, 108, 111, 113, 116, 120, 121, 132, 133, 135, 138, 141, 143, 146, 151, 165, 168, 172, 176, 182, 183, 184, 186, 188, 194, 197, 200, 205, 206, 212, 216, 218, 221, 228, 233, 236, 237, 241, 242, 246, 251, 254, 262, 265, 268]",84,74,True
120,1136.5346014499664,"[0, 4, 5, 6, 8, 9, 13, 16, 18, 20, 32, 33, 36, 39, 40, 42, 45, 47, 49, 52, 53, 57, 58, 62, 68, 71, 72, 73, 74, 75, 76, 81, 82, 84, 86, 89, 90, 95, 98, 100, 105, 107, 110, 118, 120, 122, 131, 132, 133, 137, 142, 145, 147, 148, 151, 163, 166, 170, 173, 174, 175, 181, 183, 185, 189, 192, 197, 201, 205, 208, 224, 226, 227, 230, 231, 235, 236, 241, 245, 253, 259, 267, 268]","[1, 4, 6, 7, 11, 12, 17, 20, 26, 27, 29, 31, 46, 48, 51, 54, 58, 66, 68, 71, 73, 77, 82, 87, 89, 93, 94, 99, 100, 102, 108, 111, 113, 116, 120, 121, 132, 133, 135, 138, 141, 143, 146, 151, 165, 168, 172, 176, 182, 183, 184, 186, 188, 194, 197, 200, 205, 206, 212, 216, 218, 221, 228, 233, 236, 237, 241, 242, 246, 251, 254, 262, 265, 268]",83,74,True
121,1240.8722732067108,"[0, 4, 5, 6, 8, 9, 13, 16, 18, 20, 32, 33, 36, 39, 40, 42, 45, 47, 49, 52, 53, 57, 58, 62, 68, 71, 72, 73, 74, 75, 76, 81, 82, 84, 86, 89, 90, 95, 98, 100, 105, 107, 110, 118, 120, 122, 131, 132, 133, 137, 142, 145, 147, 148, 151, 163, 166, 170, 173, 174, 175, 181, 183, 185, 189, 192, 197, 201, 205, 208, 224, 226, 227, 230, 231, 235, 236, 241, 245, 253, 259, 267, 268]","[1, 4, 6, 7, 11, 12, 17, 20, 26, 27, 29, 31, 46, 48, 51, 54, 58, 66, 68, 71, 73, 77, 82, 87, 89, 93, 94, 99, 100, 102, 108, 111, 113, 116, 120, 121, 132, 133, 135, 138, 141, 143, 146, 151, 165, 168, 172, 176, 182, 183, 184, 186, 188, 194, 197, 200, 205, 206, 212, 216, 218, 221, 228, 233, 236, 237, 241, 242, 246, 251, 254, 262, 265, 268]",83,74,True
122,1178.564363002777,"[0, 4, 5, 6, 8, 9, 13, 16, 18, 20, 32, 33, 36, 39, 40, 42, 45, 47, 49, 52, 53, 57, 58, 62, 68, 71, 72, 73, 74, 75, 76, 81, 82, 84, 86, 89, 90, 95, 98, 100, 105, 107, 110, 118, 120, 122, 131, 132, 133, 137, 142, 145, 147, 148, 151, 163, 166, 170, 173, 174, 175, 181, 183, 185, 189, 192, 197, 201, 205, 208, 224, 226, 227, 230, 231, 235, 236, 241, 245, 253, 259, 267, 268]","[1, 4, 6, 7, 11, 12, 17, 20, 26, 27, 29, 31, 46, 48, 51, 54, 58, 66, 68, 71, 73, 77, 82, 87, 89, 93, 94, 99, 100, 102, 108, 111, 113, 116, 120, 121, 132, 133, 135, 138, 141, 143, 146, 151, 165, 168, 172, 176, 182, 183, 184, 186, 188, 194, 197, 200, 205, 206, 212, 216, 218, 221, 228, 233, 236, 237, 241, 242, 246, 251, 254, 262, 265, 268]",83,74,True
123,1028.4120419025421,"[0, 4, 5, 6, 8, 9, 13, 16, 18, 20, 32, 33, 36, 40, 42, 45, 47, 49, 52, 53, 57, 58, 62, 68, 71, 72, 73, 74, 75, 81, 82, 84, 86, 89, 90, 95, 98, 100, 105, 107, 110, 118, 120, 122, 131, 132, 133, 137, 142, 145, 147, 148, 151, 163, 166, 170, 173, 174, 175, 181, 183, 185, 189, 192, 196, 199, 201, 205, 208, 224, 226, 227, 230, 231, 235, 236, 241, 245, 253, 259, 267, 268]","[1, 4, 6, 7, 11, 12, 17, 20, 26, 27, 29, 31, 46, 48, 51, 54, 58, 66, 68, 71, 73, 77, 82, 87, 89, 93, 94, 99, 100, 102, 108, 111, 113, 116, 120, 121, 132, 133, 135, 138, 141, 143, 146, 151, 165, 168, 172, 176, 182, 183, 184, 186, 188, 194, 197, 200, 205, 206, 212, 216, 218, 221, 228, 233, 236, 237, 241, 242, 246, 251, 254, 262, 265, 268]",82,74,True
124,1249.9544925689697,"[0, 4, 5, 6, 8, 9, 13, 16, 18, 20, 32, 33, 36, 40, 42, 45, 47, 49, 52, 53, 57, 58, 62, 68, 71, 72, 73, 74, 75, 81, 82, 84, 86, 89, 90, 95, 98, 100, 105, 107, 110, 118, 120, 122, 131, 132, 133, 137, 142, 145, 147, 148, 151, 163, 166, 170, 173, 174, 175, 181, 183, 185, 189, 192, 196, 199, 201, 205, 208, 224, 226, 227, 230, 231, 235, 236, 241, 245, 253, 259, 267, 268]","[1, 4, 6, 7, 11, 12, 17, 20, 26, 27, 29, 31, 46, 48, 51, 54, 58, 66, 68, 71, 73, 77, 82, 87, 89, 93, 94, 99, 100, 102, 108, 111, 113, 116, 120, 121, 132, 133, 135, 138, 141, 143, 146, 151, 165, 168, 172, 176, 182, 183, 184, 186, 188, 194, 197, 200, 205, 206, 212, 216, 218, 221, 228, 233, 236, 237, 241, 242, 246, 251, 254, 262, 265, 268]",82,74,True
125,1461.3372240066528,"[0, 4, 5, 6, 8, 9, 13, 16, 18, 20, 32, 33, 36, 40, 42, 45, 47, 49, 52, 53, 57, 58, 62, 68, 71, 72, 73, 74, 75, 81, 82, 84, 86, 89, 90, 95, 98, 100, 105, 107, 110, 118, 120, 122, 131, 132, 133, 137, 142, 145, 147, 148, 151, 163, 166, 170, 173, 174, 175, 181, 183, 185, 189, 192, 196, 199, 201, 205, 208, 224, 226, 227, 230, 231, 235, 236, 241, 245, 253, 259, 267, 268]","[1, 4, 6, 7, 11, 12, 17, 20, 26, 27, 29, 31, 46, 48, 51, 54, 58, 66, 68, 71, 73, 77, 82, 87, 89, 93, 94, 99, 100, 102, 108, 111, 113, 116, 120, 121, 132, 133, 135, 138, 141, 143, 146, 151, 165, 168, 172, 176, 182, 183, 184, 186, 188, 194, 197, 200, 205, 206, 212, 216, 218, 221, 228, 233, 236, 237, 241, 242, 246, 251, 254, 262, 265, 268]",82,74,True
126,1053.477791070938,"[0, 4, 5, 6, 8, 9, 13, 16, 18, 20, 32, 33, 36, 39, 40, 42, 45, 47, 49, 52, 53, 57, 58, 62, 68, 71, 72, 73, 74, 75, 76, 81, 82, 84, 86, 89, 90, 95, 98, 100, 105, 107, 110, 118, 120, 122, 131, 132, 133, 137, 142, 145, 147, 148, 151, 163, 166, 170, 173, 174, 175, 181, 183, 185, 189, 192, 197, 201, 205, 208, 224, 226, 227, 230, 231, 235, 236, 241, 245, 253, 259, 267, 268]","[1, 4, 6, 7, 11, 12, 17, 20, 26, 27, 29, 31, 46, 48, 51, 54, 58, 66, 68, 71, 73, 77, 82, 87, 89, 93, 94, 99, 100, 102, 108, 111, 113, 116, 120, 121, 132, 133, 135, 138, 141, 143, 146, 151, 165, 168, 172, 176, 182, 183, 184, 186, 188, 194, 197, 200, 205, 206, 212, 216, 218, 221, 228, 233, 236, 237, 241, 242, 246, 251, 254, 262, 265, 268]",83,74,True
127,1231.3830924034119,"[0, 4, 5, 6, 8, 9, 13, 16, 18, 20, 32, 33, 36, 39, 40, 42, 45, 47, 49, 52, 53, 57, 58, 62, 68, 71, 72, 73, 74, 75, 76, 81, 82, 84, 86, 89, 90, 95, 98, 100, 105, 107, 110, 118, 120, 122, 131, 132, 133, 137, 142, 145, 147, 148, 151, 163, 166, 170, 173, 174, 175, 181, 183, 185, 189, 192, 197, 201, 205, 208, 224, 226, 227, 230, 231, 235, 236, 241, 245, 253, 259, 267, 268]","[1, 4, 6, 7, 11, 12, 17, 20, 26, 27, 29, 31, 46, 48, 51, 54, 58, 66, 68, 71, 73, 77, 82, 87, 89, 93, 94, 99, 100, 102, 108, 111, 113, 116, 120, 121, 132, 133, 135, 138, 141, 143, 146, 151, 165, 168, 172, 176, 182, 183, 184, 186, 188, 194, 197, 200, 205, 206, 212, 216, 218, 221, 228, 233, 236, 237, 241, 242, 246, 251, 254, 262, 265, 268]",83,74,True
128,1023.4287326335907,"[0, 4, 5, 6, 8, 9, 13, 16, 18, 20, 32, 33, 36, 39, 40, 42, 45, 47, 49, 52, 53, 57, 58, 62, 68, 71, 72, 73, 74, 75, 76, 81, 82, 84, 86, 89, 90, 95, 98, 100, 105, 107, 110, 118, 120, 122, 131, 132, 133, 137, 142, 145, 147, 148, 151, 163, 166, 170, 173, 174, 175, 181, 183, 185, 189, 192, 197, 201, 205, 208, 224, 226, 227, 230, 231, 235, 236, 241, 245, 253, 259, 267, 268]","[1, 4, 6, 7, 11, 12, 17, 20, 26, 27, 29, 31, 46, 48, 51, 54, 58, 66, 68, 71, 73, 77, 82, 87, 89, 93, 94, 99, 100, 102, 108, 111, 113, 116, 120, 121, 132, 133, 135, 138, 141, 143, 146, 151, 165, 168, 172, 176, 182, 183, 184, 186, 188, 194, 197, 200, 205, 206, 212, 216, 218, 221, 228, 233, 236, 237, 241, 242, 246, 251, 254, 262, 265, 268]",83,74,True
128,1389.9370079040527,"[0, 4, 5, 6, 8, 9, 13, 16, 18, 20, 32, 33, 36, 40, 42, 45, 47, 49, 52, 53, 57, 58, 62, 68, 71, 72, 73, 74, 75, 81, 82, 84, 86, 89, 90, 95, 98, 100, 105, 107, 110, 118, 120, 122, 131, 132, 133, 137, 142, 145, 147, 148, 151, 163, 166, 170, 173, 174, 175, 181, 183, 185, 189, 192, 196, 199, 201, 205, 208, 224, 226, 227, 230, 231, 235, 236, 241, 245, 253, 259, 267, 268]","[1, 4, 6, 7, 11, 12, 17, 20, 26, 27, 29, 31, 46, 48, 51, 54, 58, 66, 68, 71, 73, 77, 82, 87, 89, 93, 94, 99, 100, 102, 108, 111, 113, 116, 120, 121, 132, 133, 135, 138, 141, 143, 146, 151, 165, 168, 172, 176, 182, 183, 184, 186, 188, 194, 197, 200, 205, 206, 212, 216, 218, 221, 228, 233, 236, 237, 241, 242, 246, 251, 254, 262, 265, 268]",82,74,True
129,1027.8689560890198,"[0, 4, 5, 6, 8, 9, 13, 16, 18, 20, 32, 33, 36, 39, 40, 42, 45, 47, 49, 52, 53, 57, 58, 62, 68, 71, 72, 73, 74, 75, 76, 81, 82, 84, 86, 89, 90, 95, 98, 100, 105, 107, 110, 118, 120, 122, 131, 132, 133, 137, 142, 145, 147, 148, 151, 163, 166, 170, 173, 174, 175, 181, 183, 185, 189, 192, 197, 201, 205, 208, 224, 226, 227, 230, 231, 235, 236, 241, 245, 253, 259, 267, 268]","[1, 4, 6, 7, 11, 12, 17, 20, 26, 27, 29, 31, 46, 48, 51, 54, 58, 66, 68, 71, 73, 77, 82, 87, 89, 93, 94, 99, 100, 102, 108, 111, 113, 116, 120, 121, 132, 133, 135, 138, 141, 143, 146, 151, 165, 168, 172, 176, 182, 183, 184, 186, 188, 194, 197, 200, 205, 206, 212, 216, 218, 221, 228, 233, 236, 237, 241, 242, 246, 251, 254, 262, 265, 268]",83,74,True
130,1037.2640542984009,"[0, 4, 5, 6, 8, 9, 13, 16, 18, 20, 32, 33, 36, 40, 42, 45, 47, 49, 52, 53, 57, 58, 62, 68, 71, 72, 73, 74, 75, 81, 82, 84, 86, 89, 90, 95, 98, 100, 105, 107, 110, 118, 120, 122, 131, 132, 133, 137, 142, 145, 147, 148, 151, 163, 166, 170, 173, 174, 175, 181, 183, 185, 189, 192, 196, 199, 201, 205, 208, 224, 226, 227, 230, 231, 235, 236, 241, 245, 253, 259, 267, 268]","[1, 4, 6, 7, 11, 12, 17, 20, 26, 27, 29, 31, 46, 48, 51, 54, 58, 66, 68, 71, 73, 77, 82, 87, 89, 93, 94, 99, 100, 102, 108, 111, 113, 116, 120, 121, 132, 133, 135, 138, 141, 143, 146, 151, 165, 168, 172, 176, 182, 183, 184, 186, 188, 194, 197, 200, 205, 206, 212, 216, 218, 221, 228, 233, 236, 237, 241, 242, 246, 251, 254, 262, 265, 268]",82,74,True
131,1177.7529957294464,"[0, 4, 5, 6, 8, 9, 13, 16, 18, 20, 32, 33, 36, 40, 42, 45, 47, 49, 52, 53, 57, 58, 62, 68, 71, 72, 73, 74, 75, 81, 82, 84, 86, 89, 90, 95, 98, 100, 105, 107, 110, 118, 120, 122, 131, 132, 133, 137, 142, 145, 147, 148, 151, 163, 166, 170, 173, 174, 175, 181, 183, 185, 189, 192, 196, 199, 201, 205, 208, 224, 226, 227, 230, 231, 235, 236, 241, 245, 253, 259, 267, 268]","[1, 4, 6, 7, 11, 12, 17, 20, 26, 27, 29, 31, 46, 48, 51, 54, 58, 66, 68, 71, 73, 77, 82, 87, 89, 93, 94, 99, 100, 102, 108, 111, 113, 116, 120, 121, 132, 133, 135, 138, 141, 143, 146, 151, 165, 168, 172, 176, 182, 183, 184, 186, 188, 194, 197, 200, 205, 206, 212, 216, 218, 221, 228, 233, 236, 237, 241, 242, 246, 251, 254, 262, 265, 268]",82,74,True
132,1000.7116448879242,"[0, 4, 5, 6, 8, 9, 13, 16, 18, 20, 32, 33, 36, 39, 40, 42, 45, 47, 49, 52, 53, 57, 58, 62, 68, 71, 72, 73, 74, 75, 76, 81, 82, 84, 86, 89, 90, 95, 98, 100, 105, 107, 110, 118, 120, 122, 131, 132, 133, 137, 142, 145, 147, 148, 151, 163, 166, 170, 173, 174, 175, 181, 183, 185, 189, 192, 197, 201, 205, 208, 224, 226, 227, 230, 231, 235, 236, 241, 245, 253, 259, 267, 268]","[1, 4, 6, 7, 11, 12, 17, 20, 26, 27, 29, 31, 46, 48, 51, 54, 58, 66, 68, 71, 73, 77, 82, 87, 89, 93, 94, 99, 100, 102, 108, 111, 113, 116, 120, 121, 132, 133, 135, 138, 141, 143, 146, 151, 165, 168, 172, 176, 182, 183, 184, 186, 188, 194, 197, 200, 205, 206, 212, 216, 218, 221, 228, 233, 236, 237, 241, 242, 246, 251, 254, 262, 265, 268]",83,74,True
133,1144.9954221248627,"[0, 4, 5, 6, 8, 9, 13, 16, 18, 20, 32, 33, 36, 39, 40, 42, 45, 47, 49, 52, 53, 57, 58, 62, 68, 71, 72, 73, 74, 75, 76, 81, 82, 84, 86, 89, 90, 95, 98, 100, 105, 107, 110, 118, 120, 122, 131, 132, 133, 137, 142, 145, 147, 148, 151, 163, 166, 170, 173, 174, 175, 181, 183, 185, 189, 192, 197, 201, 205, 208, 224, 226, 227, 230, 231, 235, 236, 241, 245, 253, 259, 267, 268]","[1, 4, 6, 7, 11, 12, 17, 20, 26, 27, 29, 31, 46, 48, 51, 54, 58, 66, 68, 71, 73, 77, 82, 87, 89, 93, 94, 99, 100, 102, 108, 111, 113, 116, 120, 121, 132, 133, 135, 138, 141, 143, 146, 151, 165, 168, 172, 176, 182, 183, 184, 186, 188, 194, 197, 200, 205, 206, 212, 216, 218, 221, 228, 233, 236, 237, 241, 242, 246, 251, 254, 262, 265, 268]",83,74,True
134,1216.9833216667175,"[0, 4, 5, 6, 8, 9, 13, 16, 18, 20, 32, 33, 36, 39, 40, 42, 45, 47, 49, 52, 53, 57, 58, 62, 68, 71, 72, 73, 74, 75, 76, 81, 82, 84, 86, 89, 90, 95, 98, 100, 105, 107, 110, 118, 120, 122, 131, 132, 133, 137, 142, 145, 147, 148, 151, 163, 166, 170, 173, 174, 175, 181, 183, 185, 189, 192, 197, 201, 205, 208, 224, 226, 227, 230, 231, 235, 236, 241, 245, 253, 259, 267, 268]","[1, 4, 6, 7, 11, 12, 17, 20, 26, 27, 29, 31, 46, 48, 51, 54, 58, 66, 68, 71, 73, 77, 82, 87, 89, 93, 94, 99, 100, 102, 108, 111, 113, 116, 120, 121, 132, 133, 135, 138, 141, 143, 146, 151, 165, 168, 172, 176, 182, 183, 184, 186, 188, 194, 197, 200, 205, 206, 212, 216, 218, 221, 228, 233, 236, 237, 241, 242, 246, 251, 254, 262, 265, 268]",83,74,True
135,1072.1458015441895,"[0, 4, 5, 6, 8, 9, 13, 16, 18, 20, 32, 33, 36, 39, 40, 42, 45, 47, 49, 52, 53, 57, 58, 62, 68, 71, 72, 73, 74, 75, 76, 81, 82, 84, 86, 89, 90, 95, 98, 100, 105, 107, 110, 118, 120, 122, 131, 132, 133, 137, 142, 145, 147, 148, 151, 163, 166, 170, 173, 174, 175, 181, 183, 185, 189, 192, 197, 201, 205, 208, 224, 226, 227, 230, 231, 235, 236, 241, 245, 253, 259, 267, 268]","[1, 4, 6, 7, 11, 12, 17, 20, 26, 27, 29, 31, 46, 48, 51, 54, 58, 66, 68, 71, 73, 77, 82, 87, 89, 93, 94, 99, 100, 102, 108, 111, 113, 116, 120, 121, 132, 133, 135, 138, 141, 143, 146, 151, 165, 168, 172, 176, 182, 183, 184, 186, 188, 194, 197, 200, 205, 206, 212, 216, 218, 221, 228, 233, 236, 237, 241, 242, 246, 251, 254, 262, 265, 268]",83,74,True
136,981.7057459354401,"[0, 4, 5, 6, 8, 9, 13, 16, 18, 20, 32, 33, 36, 40, 42, 45, 47, 49, 52, 53, 57, 58, 62, 68, 71, 72, 73, 74, 75, 81, 82, 84, 86, 89, 90, 95, 98, 100, 105, 107, 110, 118, 120, 122, 131, 132, 133, 137, 142, 145, 147, 148, 151, 163, 166, 170, 173, 174, 175, 181, 183, 185, 189, 192, 196, 199, 201, 205, 208, 224, 226, 227, 230, 231, 235, 236, 241, 245, 253, 259, 267, 268]","[1, 4, 6, 7, 11, 12, 17, 20, 26, 27, 29, 31, 46, 48, 51, 54, 58, 66, 68, 71, 73, 77, 82, 87, 89, 93, 94, 99, 100, 102, 108, 111, 113, 116, 120, 121, 132, 133, 135, 138, 141, 143, 146, 151, 165, 168, 172, 176, 182, 183, 184, 186, 188, 194, 197, 200, 205, 206, 212, 216, 218, 221, 228, 233, 236, 237, 241, 242, 246, 251, 254, 262, 265, 268]",82,74,True
137,948.9071245193481,"[0, 4, 5, 6, 8, 9, 13, 16, 18, 20, 32, 33, 36, 40, 42, 45, 47, 49, 52, 53, 57, 58, 62, 68, 71, 72, 73, 74, 75, 81, 82, 84, 86, 89, 90, 95, 98, 100, 105, 107, 110, 118, 120, 122, 131, 132, 133, 137, 142, 145, 147, 148, 151, 163, 166, 170, 173, 174, 175, 181, 183, 185, 189, 192, 196, 199, 201, 205, 208, 224, 226, 227, 230, 231, 235, 236, 241, 245, 253, 259, 267, 268]","[1, 4, 6, 7, 11, 12, 17, 20, 26, 27, 29, 31, 46, 48, 51, 54, 58, 66, 68, 71, 73, 77, 82, 87, 89, 93, 94, 99, 100, 102, 108, 111, 113, 116, 120, 121, 132, 133, 135, 138, 141, 143, 146, 151, 165, 168, 172, 176, 182, 183, 184, 186, 188, 194, 197, 200, 205, 206, 212, 216, 218, 221, 228, 233, 236, 237, 241, 242, 246, 251, 254, 262, 265, 268]",82,74,True
138,1913.9091057777405,"[0, 4, 5, 6, 8, 9, 13, 16, 18, 20, 32, 33, 36, 40, 42, 45, 47, 49, 52, 53, 57, 58, 62, 68, 71, 72, 73, 74, 75, 81, 82, 84, 86, 89, 90, 95, 98, 100, 105, 107, 110, 118, 120, 122, 131, 132, 133, 137, 142, 145, 147, 148, 151, 163, 166, 170, 173, 174, 175, 181, 183, 185, 189, 192, 196, 199, 201, 205, 208, 224, 226, 227, 230, 231, 235, 236, 241, 245, 253, 259, 267, 268]","[1, 4, 6, 7, 11, 12, 17, 20, 26, 27, 29, 31, 46, 48, 51, 54, 58, 66, 68, 71, 73, 77, 82, 87, 89, 93, 94, 99, 100, 102, 108, 111, 113, 116, 120, 121, 132, 133, 135, 138, 141, 143, 146, 151, 165, 168, 172, 176, 182, 183, 184, 186, 188, 194, 197, 200, 205, 206, 212, 216, 218, 221, 228, 233, 236, 237, 241, 242, 246, 251, 254, 262, 265, 268]",82,74,True
139,1595.4460887908936,"[0, 4, 5, 6, 8, 9, 13, 16, 18, 20, 32, 33, 36, 40, 42, 45, 47, 49, 52, 53, 57, 58, 62, 68, 71, 72, 73, 74, 75, 81, 82, 84, 86, 89, 90, 95, 98, 100, 105, 107, 110, 118, 120, 122, 131, 132, 133, 137, 142, 145, 147, 148, 151, 163, 166, 170, 173, 174, 175, 181, 183, 185, 189, 192, 196, 199, 201, 205, 208, 224, 226, 227, 230, 231, 235, 236, 241, 245, 253, 259, 267, 268]","[1, 4, 6, 7, 11, 12, 17, 20, 26, 27, 29, 31, 46, 48, 51, 54, 58, 66, 68, 71, 73, 77, 82, 87, 89, 93, 94, 99, 100, 102, 108, 111, 113, 116, 120, 121, 132, 133, 135, 138, 141, 143, 146, 151, 165, 168, 172, 176, 182, 183, 184, 186, 188, 194, 197, 200, 205, 206, 212, 216, 218, 221, 228, 233, 236, 237, 241, 242, 246, 251, 254, 262, 265, 268]",82,74,True
140,1842.2743587493896,"[0, 4, 5, 6, 8, 9, 13, 16, 18, 20, 32, 33, 36, 40, 42, 45, 47, 49, 52, 53, 57, 58, 62, 68, 71, 72, 73, 74, 75, 81, 82, 84, 86, 89, 90, 95, 98, 100, 105, 107, 110, 118, 120, 122, 131, 132, 133, 137, 142, 145, 147, 148, 151, 163, 166, 170, 173, 174, 175, 181, 183, 185, 189, 192, 196, 199, 201, 205, 208, 224, 226, 227, 230, 231, 235, 236, 241, 245, 253, 259, 267, 268]","[1, 4, 6, 7, 11, 12, 17, 20, 26, 27, 29, 31, 46, 48, 51, 54, 58, 66, 68, 71, 73, 77, 82, 87, 89, 93, 94, 99, 100, 102, 108, 111, 113, 116, 120, 121, 132, 133, 135, 138, 141, 143, 146, 151, 165, 168, 172, 176, 182, 183, 184, 186, 188, 194, 197, 200, 205, 206, 212, 216, 218, 221, 228, 233, 236, 237, 241, 242, 246, 251, 254, 262, 265, 268]",82,74,True
141,1885.674908876419,"[0, 4, 5, 6, 8, 9, 13, 16, 18, 20, 32, 33, 36, 40, 42, 45, 47, 49, 52, 53, 57, 58, 62, 68, 71, 72, 73, 74, 75, 81, 82, 84, 86, 89, 90, 95, 98, 100, 105, 107, 110, 118, 120, 122, 131, 132, 133, 137, 142, 145, 147, 148, 151, 163, 166, 170, 173, 174, 175, 181, 183, 185, 189, 192, 196, 199, 201, 205, 208, 224, 226, 227, 230, 231, 235, 236, 241, 245, 253, 259, 267, 268]","[1, 4, 6, 7, 11, 12, 17, 20, 26, 27, 29, 31, 46, 48, 51, 54, 58, 66, 68, 71, 73, 77, 82, 87, 89, 93, 94, 99, 100, 102, 108, 111, 113, 116, 120, 121, 132, 133, 135, 138, 141, 143, 146, 151, 165, 168, 172, 176, 182, 183, 184, 186, 188, 194, 197, 200, 205, 206, 212, 216, 218, 221, 228, 233, 236, 237, 241, 242, 246, 251, 254, 262, 265, 268]",82,74,True
142,1599.6683933734894,"[0, 4, 5, 6, 8, 9, 13, 16, 18, 20, 32, 33, 36, 40, 42, 45, 47, 49, 52, 53, 57, 58, 62, 68, 71, 72, 73, 74, 75, 81, 82, 84, 86, 89, 90, 95, 98, 100, 105, 107, 110, 118, 120, 122, 131, 132, 133, 137, 142, 145, 147, 148, 151, 163, 166, 170, 173, 174, 175, 181, 183, 185, 189, 192, 196, 199, 201, 205, 208, 224, 226, 227, 230, 231, 235, 236, 241, 245, 253, 259, 267, 268]","[1, 4, 6, 7, 11, 12, 17, 20, 26, 27, 29, 31, 46, 48, 51, 54, 58, 66, 68, 71, 73, 77, 82, 87, 89, 93, 94, 99, 100, 102, 108, 111, 113, 116, 120, 121, 132, 133, 135, 138, 141, 143, 146, 151, 165, 168, 172, 176, 182, 183, 184, 186, 188, 194, 197, 200, 205, 206, 212, 216, 218, 221, 228, 233, 236, 237, 241, 242, 246, 251, 254, 262, 265, 268]",82,74,True
143,1840.1914608478546,"[0, 4, 5, 6, 8, 9, 13, 16, 18, 20, 32, 33, 36, 40, 42, 45, 47, 49, 52, 53, 57, 58, 62, 68, 71, 72, 73, 74, 75, 81, 82, 84, 86, 89, 90, 95, 98, 100, 105, 107, 110, 118, 120, 122, 131, 132, 133, 137, 142, 145, 147, 148, 151, 163, 166, 170, 173, 174, 175, 181, 183, 185, 189, 192, 196, 199, 201, 205, 208, 224, 226, 227, 230, 231, 235, 236, 241, 245, 253, 259, 267, 268]","[1, 4, 6, 7, 11, 12, 17, 20, 26, 27, 29, 31, 46, 48, 51, 54, 58, 66, 68, 71, 73, 77, 82, 87, 89, 93, 94, 99, 100, 102, 108, 111, 113, 116, 120, 121, 132, 133, 135, 138, 141, 143, 146, 151, 165, 168, 172, 176, 182, 183, 184, 186, 188, 194, 197, 200, 205, 206, 212, 216, 218, 221, 228, 233, 236, 237, 241, 242, 246, 251, 254, 262, 265, 268]",82,74,True
144,1967.6766409873962,"[0, 4, 5, 6, 8, 9, 13, 16, 18, 20, 32, 33, 36, 40, 42, 45, 47, 49, 52, 53, 57, 58, 62, 68, 71, 72, 73, 74, 75, 81, 82, 84, 86, 89, 90, 95, 98, 100, 105, 107, 110, 118, 120, 122, 131, 132, 133, 137, 142, 145, 147, 148, 151, 163, 166, 170, 173, 174, 175, 181, 183, 185, 189, 192, 196, 199, 201, 205, 208, 224, 226, 227, 230, 231, 235, 236, 241, 245, 253, 259, 267, 268]","[1, 4, 6, 7, 11, 12, 17, 20, 26, 27, 29, 31, 46, 48, 51, 54, 58, 66, 68, 71, 73, 77, 82, 87, 89, 93, 94, 99, 100, 102, 108, 111, 113, 116, 120, 121, 132, 133, 135, 138, 141, 143, 146, 151, 165, 168, 172, 176, 182, 183, 184, 186, 188, 194, 197, 200, 205, 206, 212, 216, 218, 221, 228, 233, 236, 237, 241, 242, 246, 251, 254, 262, 265, 268]",82,74,True
145,1418.3979897499084,"[0, 4, 5, 6, 8, 9, 13, 16, 18, 20, 32, 33, 36, 40, 42, 45, 47, 49, 52, 53, 57, 58, 62, 68, 71, 72, 73, 74, 75, 81, 82, 84, 86, 89, 90, 95, 98, 100, 105, 107, 110, 118, 120, 122, 131, 132, 133, 137, 142, 145, 147, 148, 151, 163, 166, 170, 173, 174, 175, 181, 183, 185, 189, 192, 196, 199, 201, 205, 208, 224, 226, 227, 230, 231, 235, 236, 241, 245, 253, 259, 267, 268]","[1, 4, 6, 7, 11, 12, 17, 20, 26, 27, 29, 31, 46, 48, 51, 54, 58, 66, 68, 71, 73, 77, 82, 87, 89, 93, 94, 99, 100, 102, 108, 111, 113, 116, 120, 121, 132, 133, 135, 138, 141, 143, 146, 151, 165, 168, 172, 176, 182, 183, 184, 186, 188, 194, 197, 200, 205, 206, 212, 216, 218, 221, 228, 233, 236, 237, 241, 242, 246, 251, 254, 262, 265, 268]",82,74,True
146,1366.8564093112946,"[0, 4, 5, 6, 8, 9, 13, 16, 18, 20, 32, 33, 36, 40, 42, 45, 47, 49, 52, 53, 57, 58, 62, 68, 71, 72, 73, 74, 75, 81, 82, 84, 86, 89, 90, 95, 98, 100, 105, 107, 110, 118, 120, 122, 131, 132, 133, 137, 142, 145, 147, 148, 151, 163, 166, 170, 173, 174, 175, 181, 183, 185, 189, 192, 196, 199, 201, 205, 208, 224, 226, 227, 230, 231, 235, 236, 241, 245, 253, 259, 267, 268]","[1, 4, 6, 7, 11, 12, 17, 20, 26, 27, 29, 31, 46, 48, 51, 54, 58, 66, 68, 71, 73, 77, 82, 87, 89, 93, 94, 99, 100, 102, 108, 111, 113, 116, 120, 121, 132, 133, 135, 138, 141, 143, 146, 151, 165, 168, 172, 176, 182, 183, 184, 186, 188, 194, 197, 200, 205, 206, 212, 216, 218, 221, 228, 233, 236, 237, 241, 242, 246, 251, 254, 262, 265, 268]",82,74,True
147,1870.319002866745,"[0, 4, 5, 6, 8, 9, 13, 16, 18, 20, 32, 33, 36, 40, 42, 45, 47, 49, 52, 53, 57, 58, 62, 68, 71, 72, 73, 74, 75, 81, 82, 84, 86, 89, 90, 95, 98, 100, 105, 107, 110, 118, 120, 122, 131, 132, 133, 137, 142, 145, 147, 148, 151, 163, 166, 170, 173, 174, 175, 181, 183, 185, 189, 192, 196, 199, 201, 205, 208, 224, 226, 227, 230, 231, 235, 236, 241, 245, 253, 259, 267, 268]","[1, 4, 6, 7, 11, 12, 17, 20, 26, 27, 29, 31, 46, 48, 51, 54, 58, 66, 68, 71, 73, 77, 82, 87, 89, 93, 94, 99, 100, 102, 108, 111, 113, 116, 120, 121, 132, 133, 135, 138, 141, 143, 146, 151, 165, 168, 172, 176, 182, 183, 184, 186, 188, 194, 197, 200, 205, 206, 212, 216, 218, 221, 228, 233, 236, 237, 241, 242, 246, 251, 254, 262, 265, 268]",82,74,True
148,1878.450383424759,"[0, 4, 5, 6, 8, 9, 13, 16, 18, 20, 32, 33, 36, 40, 42, 45, 47, 49, 52, 53, 57, 58, 62, 68, 71, 72, 73, 74, 75, 81, 82, 84, 86, 89, 90, 95, 98, 100, 105, 107, 110, 118, 120, 122, 131, 132, 133, 137, 142, 145, 147, 148, 151, 163, 166, 170, 173, 174, 175, 181, 183, 185, 189, 192, 196, 199, 201, 205, 208, 224, 226, 227, 230, 231, 235, 236, 241, 245, 253, 259, 267, 268]","[1, 4, 6, 7, 11, 12, 17, 20, 26, 27, 29, 31, 46, 48, 51, 54, 58, 66, 68, 71, 73, 77, 82, 87, 89, 93, 94, 99, 100, 102, 108, 111, 113, 116, 120, 121, 132, 133, 135, 138, 141, 143, 146, 151, 165, 168, 172, 176, 182, 183, 184, 186, 188, 194, 197, 200, 205, 206, 212, 216, 218, 221, 228, 233, 236, 237, 241, 242, 246, 251, 254, 262, 265, 268]",82,74,True
149,1862.957082271576,"[0, 4, 5, 6, 8, 9, 13, 16, 18, 20, 32, 33, 36, 40, 42, 45, 47, 49, 52, 53, 57, 58, 62, 68, 71, 72, 73, 74, 75, 81, 82, 84, 86, 89, 90, 95, 98, 100, 105, 107, 110, 118, 120, 122, 131, 132, 133, 137, 142, 145, 147, 148, 151, 163, 166, 170, 173, 174, 175, 181, 183, 185, 189, 192, 196, 199, 201, 205, 208, 224, 226, 227, 230, 231, 235, 236, 241, 245, 253, 259, 267, 268]","[1, 4, 6, 7, 11, 12, 17, 20, 26, 27, 29, 31, 46, 48, 51, 54, 58, 66, 68, 71, 73, 77, 82, 87, 89, 93, 94, 99, 100, 102, 108, 111, 113, 116, 120, 121, 132, 133, 135, 138, 141, 143, 146, 151, 165, 168, 172, 176, 182, 183, 184, 186, 188, 194, 197, 200, 205, 206, 212, 216, 218, 221, 228, 233, 236, 237, 241, 242, 246, 251, 254, 262, 265, 268]",82,74,True
150,1920.7240567207336,"[0, 4, 5, 6, 8, 9, 13, 16, 18, 20, 32, 33, 36, 40, 42, 45, 47, 49, 52, 53, 57, 58, 62, 68, 71, 72, 73, 74, 75, 81, 82, 84, 86, 89, 90, 95, 98, 100, 105, 107, 110, 118, 120, 122, 131, 132, 133, 137, 142, 145, 147, 148, 151, 163, 166, 170, 173, 174, 175, 181, 183, 185, 189, 192, 196, 199, 201, 205, 208, 224, 226, 227, 230, 231, 235, 236, 241, 245, 253, 259, 267, 268]","[1, 4, 6, 7, 11, 12, 17, 20, 26, 27, 29, 31, 46, 48, 51, 54, 58, 66, 68, 71, 73, 77, 82, 87, 89, 93, 94, 99, 100, 102, 108, 111, 113, 116, 120, 121, 132, 133, 135, 138, 141, 143, 146, 151, 165, 168, 172, 176, 182, 183, 184, 186, 188, 194, 197, 200, 205, 206, 212, 216, 218, 221, 228, 233, 236, 237, 241, 242, 246, 251, 254, 262, 265, 268]",82,74,True
151,1887.7105286121368,"[0, 4, 5, 6, 8, 9, 13, 16, 18, 20, 32, 33, 36, 40, 42, 45, 47, 49, 52, 53, 57, 58, 62, 68, 71, 72, 73, 74, 75, 81, 82, 84, 86, 89, 90, 95, 98, 100, 105, 107, 110, 118, 120, 122, 131, 132, 133, 137, 142, 145, 147, 148, 151, 163, 166, 170, 173, 174, 175, 181, 183, 185, 189, 192, 196, 199, 201, 205, 208, 224, 226, 227, 230, 231, 235, 236, 241, 245, 253, 259, 267, 268]","[1, 4, 6, 7, 11, 12, 17, 20, 26, 27, 29, 31, 46, 48, 51, 54, 58, 66, 68, 71, 73, 77, 82, 87, 89, 93, 94, 99, 100, 102, 108, 111, 113, 116, 120, 121, 132, 133, 135, 138, 141, 143, 146, 151, 165, 168, 172, 176, 182, 183, 184, 186, 188, 194, 197, 200, 205, 206, 212, 216, 218, 221, 228, 233, 236, 237, 241, 242, 246, 251, 254, 262, 265, 268]",82,74,True
152,1693.5632147789001,"[0, 4, 5, 6, 8, 9, 13, 16, 18, 20, 32, 33, 36, 40, 42, 45, 47, 49, 52, 53, 57, 58, 62, 68, 71, 72, 73, 74, 75, 81, 82, 84, 86, 89, 90, 95, 98, 100, 105, 107, 110, 118, 120, 122, 131, 132, 133, 137, 142, 145, 147, 148, 151, 163, 166, 170, 173, 174, 175, 181, 183, 185, 189, 192, 196, 199, 201, 205, 208, 224, 226, 227, 230, 231, 235, 236, 241, 245, 253, 259, 267, 268]","[1, 4, 6, 7, 11, 12, 17, 20, 26, 27, 29, 31, 46, 48, 51, 54, 58, 66, 68, 71, 73, 77, 82, 87, 89, 93, 94, 99, 100, 102, 108, 111, 113, 116, 120, 121, 132, 133, 135, 138, 141, 143, 146, 151, 165, 168, 172, 176, 182, 183, 184, 186, 188, 194, 197, 200, 205, 206, 212, 216, 218, 221, 228, 233, 236, 237, 241, 242, 246, 251, 254, 262, 265, 268]",82,74,True
153,1653.3419678211212,"[0, 4, 5, 6, 8, 9, 13, 16, 18, 20, 32, 33, 36, 40, 42, 45, 47, 49, 52, 53, 57, 58, 62, 68, 71, 72, 73, 74, 75, 81, 82, 84, 86, 89, 90, 95, 98, 100, 105, 107, 110, 118, 120, 122, 131, 132, 133, 137, 142, 145, 147, 148, 151, 163, 166, 170, 173, 174, 175, 181, 183, 185, 189, 192, 196, 199, 201, 205, 208, 224, 226, 227, 230, 231, 235, 236, 241, 245, 253, 259, 267, 268]","[1, 4, 6, 7, 11, 12, 17, 20, 26, 27, 29, 31, 46, 48, 51, 54, 58, 66, 68, 71, 73, 77, 82, 87, 89, 93, 94, 99, 100, 102, 108, 111, 113, 116, 120, 121, 132, 133, 135, 138, 141, 143, 146, 151, 165, 168, 172, 176, 182, 183, 184, 186, 188, 194, 197, 200, 205, 206, 212, 216, 218, 221, 228, 233, 236, 237, 241, 242, 246, 251, 254, 262, 265, 268]",82,74,True
154,1637.6899950504303,"[0, 4, 5, 6, 8, 9, 13, 16, 18, 20, 32, 33, 36, 40, 42, 45, 47, 49, 52, 53, 57, 58, 62, 68, 71, 72, 73, 74, 75, 81, 82, 84, 86, 89, 90, 95, 98, 100, 105, 107, 110, 118, 120, 122, 131, 132, 133, 137, 142, 145, 147, 148, 151, 163, 166, 170, 173, 174, 175, 181, 183, 185, 189, 192, 196, 199, 201, 205, 208, 224, 226, 227, 230, 231, 235, 236, 241, 245, 253, 259, 267, 268]","[1, 4, 6, 7, 11, 12, 17, 20, 26, 27, 29, 31, 46, 48, 51, 54, 58, 66, 68, 71, 73, 77, 82, 87, 89, 93, 94, 99, 100, 102, 108, 111, 113, 116, 120, 121, 132, 133, 135, 138, 141, 143, 146, 151, 165, 168, 172, 176, 182, 183, 184, 186, 188, 194, 197, 200, 205, 206, 212, 216, 218, 221, 228, 233, 236, 237, 241, 242, 246, 251, 254, 262, 265, 268]",82,74,True
155,1309.8227279186249,"[0, 4, 5, 6, 8, 9, 13, 16, 18, 20, 32, 33, 36, 40, 42, 45, 47, 49, 52, 53, 57, 58, 62, 68, 71, 72, 73, 74, 75, 81, 82, 84, 86, 89, 90, 95, 98, 100, 105, 107, 110, 118, 120, 122, 131, 132, 133, 137, 142, 145, 147, 148, 151, 163, 166, 170, 173, 174, 175, 181, 183, 185, 189, 192, 196, 199, 201, 205, 208, 224, 226, 227, 230, 231, 235, 236, 241, 245, 253, 259, 267, 268]","[1, 4, 6, 7, 11, 12, 17, 20, 26, 27, 29, 31, 46, 48, 51, 54, 58, 66, 68, 71, 73, 77, 82, 87, 89, 93, 94, 99, 100, 102, 108, 111, 113, 116, 120, 121, 132, 133, 135, 138, 141, 143, 146, 151, 165, 168, 172, 176, 182, 183, 184, 186, 188, 194, 197, 200, 205, 206, 212, 216, 218, 221, 228, 233, 236, 237, 241, 242, 246, 251, 254, 262, 265, 268]",82,74,True
156,987.2602291107178,"[0, 4, 5, 6, 8, 9, 13, 16, 18, 20, 32, 33, 36, 40, 42, 45, 47, 49, 52, 53, 57, 58, 62, 68, 71, 72, 73, 74, 75, 81, 82, 84, 86, 89, 90, 95, 98, 100, 105, 107, 110, 118, 120, 122, 131, 132, 133, 137, 142, 145, 147, 148, 151, 163, 166, 170, 173, 174, 175, 181, 183, 185, 189, 192, 196, 199, 201, 205, 208, 224, 226, 227, 230, 231, 235, 236, 241, 245, 253, 259, 267, 268]","[1, 4, 6, 7, 11, 12, 17, 20, 26, 27, 29, 31, 46, 48, 51, 54, 58, 66, 68, 71, 73, 77, 82, 87, 89, 93, 94, 99, 100, 102, 108, 111, 113, 116, 120, 121, 132, 133, 135, 138, 141, 143, 146, 151, 165, 168, 172, 176, 182, 183, 184, 186, 188, 194, 197, 200, 205, 206, 212, 216, 218, 221, 228, 233, 236, 237, 241, 242, 246, 251, 254, 262, 265, 268]",82,74,True
157,797.8965156078339,"[0, 4, 5, 6, 8, 9, 13, 16, 18, 20, 32, 33, 36, 40, 42, 45, 47, 49, 52, 53, 57, 58, 62, 68, 71, 72, 73, 74, 75, 81, 82, 84, 86, 89, 90, 95, 98, 100, 105, 107, 110, 118, 120, 122, 131, 132, 133, 137, 142, 145, 147, 148, 151, 163, 166, 170, 173, 174, 175, 181, 183, 185, 189, 192, 196, 199, 201, 205, 208, 224, 226, 227, 230, 231, 235, 236, 241, 245, 253, 259, 267, 268]","[1, 4, 6, 7, 11, 12, 17, 20, 26, 27, 29, 31, 46, 48, 51, 54, 58, 66, 68, 71, 73, 77, 82, 87, 89, 93, 94, 99, 100, 102, 108, 111, 113, 116, 120, 121, 132, 133, 135, 138, 141, 143, 146, 151, 165, 168, 172, 176, 182, 183, 184, 186, 188, 194, 197, 200, 205, 206, 212, 216, 218, 221, 228, 233, 236, 237, 241, 242, 246, 251, 254, 262, 265, 268]",82,74,True
