ID,Time,Solution,Expected Solution,Number of Vertices,Number of vertices expected,Valid Solution
1,0.8230850696563721,"[7, 9, 10, 12, 13, 15, 19, 20, 24, 28, 31, 34, 38, 40, 44, 45, 47, 48, 52, 58, 61, 68, 70, 73, 75, 82, 83, 88, 90, 101, 105, 110, 112, 113, 120, 127, 140, 143, 145, 148, 150, 151, 155, 162, 166, 170, 173, 178, 179, 183, 185, 186, 192, 193, 196, 199, 205, 207, 211, 213, 214, 216, 222, 227, 228, 235, 237, 239, 243, 245, 252, 259, 262, 269, 275, 282, 284, 290, 292, 295, 300, 303, 305, 308]","[1, 6, 8, 10, 11, 13, 14, 16, 19, 21, 28, 32, 35, 39, 41, 43, 45, 48, 49, 53, 59, 62, 69, 71, 74, 83, 84, 89, 90, 95, 101, 102, 105, 109, 111, 113, 114, 121, 123, 128, 140, 144, 147, 151, 152, 156, 159, 163, 171, 174, 176, 179, 183, 187, 190, 195, 196, 198, 200, 206, 208, 212, 214, 216, 218, 220, 222, 228, 229, 238, 241, 247, 248, 260, 263, 276, 283, 288, 291, 293, 299, 301, 306, 309]",84,84,True
2,0.772472620010376,"[7, 9, 10, 12, 13, 15, 18, 20, 27, 31, 34, 38, 40, 42, 44, 45, 47, 49, 52, 58, 61, 68, 70, 73, 82, 83, 91, 96, 100, 104, 109, 110, 113, 117, 120, 122, 123, 127, 140, 143, 146, 148, 150, 151, 155, 162, 166, 170, 173, 175, 178, 183, 185, 186, 192, 193, 196, 199, 205, 207, 211, 213, 215, 217, 219, 221, 227, 228, 237, 240, 246, 247, 262, 275, 282, 290, 292, 295, 297, 300, 302, 305, 309, 310]","[1, 6, 8, 10, 11, 13, 14, 16, 19, 21, 28, 32, 35, 39, 41, 43, 45, 48, 49, 53, 59, 62, 69, 71, 74, 83, 84, 89, 90, 95, 101, 102, 105, 109, 111, 113, 114, 121, 123, 128, 140, 144, 147, 151, 152, 156, 159, 163, 171, 174, 176, 179, 183, 187, 190, 195, 196, 198, 200, 206, 208, 212, 214, 216, 218, 220, 222, 228, 229, 238, 241, 247, 248, 260, 263, 276, 283, 288, 291, 293, 299, 301, 306, 309]",84,84,True
3,1.0813868045806885,"[7, 9, 10, 12, 13, 15, 20, 24, 28, 31, 34, 38, 40, 41, 44, 45, 47, 50, 52, 58, 61, 68, 70, 73, 75, 82, 83, 86, 88, 89, 92, 96, 100, 102, 104, 110, 114, 117, 120, 122, 130, 140, 143, 147, 150, 155, 158, 162, 166, 173, 175, 178, 183, 185, 186, 189, 194, 196, 199, 205, 207, 211, 213, 215, 217, 219, 221, 227, 228, 237, 240, 246, 247, 262, 275, 280, 282, 290, 292, 295, 298, 300, 305, 310]","[1, 6, 8, 10, 11, 13, 14, 16, 19, 21, 28, 32, 35, 39, 41, 43, 45, 48, 49, 53, 59, 62, 69, 71, 74, 83, 84, 89, 90, 95, 101, 102, 105, 109, 111, 113, 114, 121, 123, 128, 140, 144, 147, 151, 152, 156, 159, 163, 171, 174, 176, 179, 183, 187, 190, 195, 196, 198, 200, 206, 208, 212, 214, 216, 218, 220, 222, 228, 229, 238, 241, 247, 248, 260, 263, 276, 283, 288, 291, 293, 299, 301, 306, 309]",84,84,True
4,0.8543884754180908,"[5, 7, 9, 11, 12, 13, 15, 18, 20, 27, 31, 34, 38, 40, 44, 45, 47, 48, 50, 52, 58, 61, 68, 70, 73, 82, 83, 88, 95, 100, 101, 105, 109, 110, 114, 117, 120, 122, 127, 139, 143, 146, 148, 150, 151, 155, 162, 166, 170, 173, 175, 178, 183, 186, 192, 193, 196, 199, 205, 207, 211, 213, 215, 217, 219, 221, 227, 228, 236, 240, 246, 247, 259, 262, 275, 282, 290, 292, 295, 296, 298, 300, 304, 308]","[1, 6, 8, 10, 11, 13, 14, 16, 19, 21, 28, 32, 35, 39, 41, 43, 45, 48, 49, 53, 59, 62, 69, 71, 74, 83, 84, 89, 90, 95, 101, 102, 105, 109, 111, 113, 114, 121, 123, 128, 140, 144, 147, 151, 152, 156, 159, 163, 171, 174, 176, 179, 183, 187, 190, 195, 196, 198, 200, 206, 208, 212, 214, 216, 218, 220, 222, 228, 229, 238, 241, 247, 248, 260, 263, 276, 283, 288, 291, 293, 299, 301, 306, 309]",84,84,True
5,0.9311203956604004,"[4, 7, 11, 12, 13, 15, 21, 22, 23, 31, 35, 38, 40, 44, 45, 47, 48, 52, 58, 61, 63, 68, 70, 73, 82, 83, 89, 97, 98, 105, 109, 110, 113, 117, 127, 140, 143, 145, 147, 150, 151, 155, 162, 166, 170, 173, 178, 179, 183, 185, 186, 188, 191, 193, 196, 199, 205, 207, 211, 213, 215, 217, 219, 221, 227, 228, 235, 237, 240, 243, 245, 259, 262, 269, 275, 280, 282, 290, 292, 295, 300, 303, 305, 306]","[1, 6, 8, 10, 11, 13, 14, 16, 19, 21, 28, 32, 35, 39, 41, 43, 45, 48, 49, 53, 59, 62, 69, 71, 74, 83, 84, 89, 90, 95, 101, 102, 105, 109, 111, 113, 114, 121, 123, 128, 140, 144, 147, 151, 152, 156, 159, 163, 171, 174, 176, 179, 183, 187, 190, 195, 196, 198, 200, 206, 208, 212, 214, 216, 218, 220, 222, 228, 229, 238, 241, 247, 248, 260, 263, 276, 283, 288, 291, 293, 299, 301, 306, 309]",84,84,True
6,0.7946441173553467,"[5, 7, 11, 12, 13, 15, 16, 23, 28, 31, 34, 38, 40, 47, 48, 50, 52, 58, 61, 68, 70, 73, 82, 83, 88, 89, 94, 100, 101, 105, 108, 113, 117, 120, 127, 131, 140, 143, 147, 148, 150, 151, 155, 162, 166, 169, 173, 175, 178, 183, 186, 192, 193, 196, 199, 205, 207, 211, 213, 215, 217, 219, 221, 227, 228, 235, 237, 240, 246, 247, 258, 259, 262, 265, 266, 275, 282, 287, 290, 292, 298, 299, 305, 308]","[1, 6, 8, 10, 11, 13, 14, 16, 19, 21, 28, 32, 35, 39, 41, 43, 45, 48, 49, 53, 59, 62, 69, 71, 74, 83, 84, 89, 90, 95, 101, 102, 105, 109, 111, 113, 114, 121, 123, 128, 140, 144, 147, 151, 152, 156, 159, 163, 171, 174, 176, 179, 183, 187, 190, 195, 196, 198, 200, 206, 208, 212, 214, 216, 218, 220, 222, 228, 229, 238, 241, 247, 248, 260, 263, 276, 283, 288, 291, 293, 299, 301, 306, 309]",84,84,True
7,1.1034905910491943,"[7, 9, 12, 13, 15, 19, 20, 21, 31, 34, 38, 40, 47, 48, 52, 61, 68, 70, 73, 75, 82, 83, 84, 86, 90, 100, 105, 110, 114, 117, 120, 123, 127, 129, 131, 137, 140, 143, 145, 148, 150, 155, 162, 166, 169, 173, 175, 178, 183, 185, 186, 192, 193, 196, 199, 205, 207, 211, 213, 216, 220, 222, 227, 228, 232, 237, 239, 242, 246, 247, 252, 262, 275, 281, 282, 284, 288, 292, 295, 297, 301, 302, 306, 310]","[1, 6, 8, 10, 11, 13, 14, 16, 19, 21, 28, 32, 35, 39, 41, 43, 45, 48, 49, 53, 59, 62, 69, 71, 74, 83, 84, 89, 90, 95, 101, 102, 105, 109, 111, 113, 114, 121, 123, 128, 140, 144, 147, 151, 152, 156, 159, 163, 171, 174, 176, 179, 183, 187, 190, 195, 196, 198, 200, 206, 208, 212, 214, 216, 218, 220, 222, 228, 229, 238, 241, 247, 248, 260, 263, 276, 283, 288, 291, 293, 299, 301, 306, 309]",84,84,True
8,0.8464138507843018,"[7, 12, 13, 15, 16, 23, 28, 31, 34, 38, 40, 41, 44, 45, 47, 50, 52, 58, 61, 68, 70, 73, 82, 83, 90, 100, 102, 109, 110, 115, 117, 120, 123, 140, 143, 147, 148, 150, 151, 155, 157, 162, 166, 170, 173, 175, 178, 183, 185, 186, 192, 193, 196, 199, 205, 207, 211, 213, 215, 217, 219, 220, 221, 227, 228, 234, 237, 240, 246, 258, 262, 269, 275, 281, 282, 284, 290, 292, 295, 297, 301, 302, 306, 310]","[1, 6, 8, 10, 11, 13, 14, 16, 19, 21, 28, 32, 35, 39, 41, 43, 45, 48, 49, 53, 59, 62, 69, 71, 74, 83, 84, 89, 90, 95, 101, 102, 105, 109, 111, 113, 114, 121, 123, 128, 140, 144, 147, 151, 152, 156, 159, 163, 171, 174, 176, 179, 183, 187, 190, 195, 196, 198, 200, 206, 208, 212, 214, 216, 218, 220, 222, 228, 229, 238, 241, 247, 248, 260, 263, 276, 283, 288, 291, 293, 299, 301, 306, 309]",84,84,True
9,0.8678359985351562,"[6, 7, 9, 11, 12, 13, 15, 20, 24, 28, 31, 34, 38, 40, 44, 45, 47, 48, 52, 58, 61, 63, 68, 70, 71, 73, 75, 82, 83, 95, 96, 98, 100, 105, 110, 115, 117, 122, 123, 127, 138, 139, 143, 145, 148, 150, 155, 162, 163, 166, 169, 175, 178, 183, 186, 192, 193, 196, 199, 205, 207, 211, 213, 215, 217, 219, 221, 227, 228, 236, 240, 246, 247, 259, 262, 275, 282, 290, 292, 295, 300, 302, 304, 308]","[1, 6, 8, 10, 11, 13, 14, 16, 19, 21, 28, 32, 35, 39, 41, 43, 45, 48, 49, 53, 59, 62, 69, 71, 74, 83, 84, 89, 90, 95, 101, 102, 105, 109, 111, 113, 114, 121, 123, 128, 140, 144, 147, 151, 152, 156, 159, 163, 171, 174, 176, 179, 183, 187, 190, 195, 196, 198, 200, 206, 208, 212, 214, 216, 218, 220, 222, 228, 229, 238, 241, 247, 248, 260, 263, 276, 283, 288, 291, 293, 299, 301, 306, 309]",84,84,True
10,0.8364770412445068,"[5, 7, 9, 11, 12, 13, 15, 20, 24, 28, 31, 34, 38, 40, 47, 48, 52, 58, 61, 63, 68, 70, 73, 82, 83, 88, 90, 101, 105, 108, 109, 115, 117, 122, 127, 131, 139, 143, 145, 146, 148, 150, 151, 155, 162, 166, 170, 173, 175, 178, 183, 186, 192, 193, 195, 196, 199, 205, 207, 211, 213, 215, 217, 219, 221, 227, 228, 237, 240, 243, 245, 259, 262, 269, 275, 282, 284, 287, 290, 292, 298, 300, 305, 308]","[1, 6, 8, 10, 11, 13, 14, 16, 19, 21, 28, 32, 35, 39, 41, 43, 45, 48, 49, 53, 59, 62, 69, 71, 74, 83, 84, 89, 90, 95, 101, 102, 105, 109, 111, 113, 114, 121, 123, 128, 140, 144, 147, 151, 152, 156, 159, 163, 171, 174, 176, 179, 183, 187, 190, 195, 196, 198, 200, 206, 208, 212, 214, 216, 218, 220, 222, 228, 229, 238, 241, 247, 248, 260, 263, 276, 283, 288, 291, 293, 299, 301, 306, 309]",84,84,True
11,0.8707878589630127,"[5, 7, 9, 10, 12, 13, 15, 19, 20, 24, 27, 31, 34, 38, 40, 44, 47, 48, 52, 58, 61, 68, 70, 73, 82, 83, 88, 89, 94, 100, 101, 104, 108, 109, 113, 117, 120, 127, 140, 143, 145, 150, 151, 155, 158, 162, 166, 170, 173, 175, 178, 183, 186, 190, 193, 196, 199, 200, 205, 207, 211, 213, 215, 217, 219, 221, 227, 228, 235, 237, 240, 246, 259, 262, 269, 275, 282, 287, 290, 292, 298, 299, 305, 308]","[1, 6, 8, 10, 11, 13, 14, 16, 19, 21, 28, 32, 35, 39, 41, 43, 45, 48, 49, 53, 59, 62, 69, 71, 74, 83, 84, 89, 90, 95, 101, 102, 105, 109, 111, 113, 114, 121, 123, 128, 140, 144, 147, 151, 152, 156, 159, 163, 171, 174, 176, 179, 183, 187, 190, 195, 196, 198, 200, 206, 208, 212, 214, 216, 218, 220, 222, 228, 229, 238, 241, 247, 248, 260, 263, 276, 283, 288, 291, 293, 299, 301, 306, 309]",84,84,True
12,0.8970322608947754,"[7, 9, 10, 12, 13, 15, 19, 20, 21, 31, 34, 38, 40, 47, 48, 52, 61, 68, 70, 71, 73, 75, 82, 83, 84, 86, 87, 90, 101, 104, 110, 115, 117, 120, 123, 127, 129, 131, 137, 143, 145, 148, 150, 155, 162, 166, 170, 173, 178, 179, 183, 185, 186, 192, 193, 196, 199, 205, 207, 211, 213, 215, 217, 222, 227, 228, 235, 237, 240, 243, 245, 252, 262, 269, 275, 282, 284, 288, 292, 295, 300, 303, 305, 308]","[1, 6, 8, 10, 11, 13, 14, 16, 19, 21, 28, 32, 35, 39, 41, 43, 45, 48, 49, 53, 59, 62, 69, 71, 74, 83, 84, 89, 90, 95, 101, 102, 105, 109, 111, 113, 114, 121, 123, 128, 140, 144, 147, 151, 152, 156, 159, 163, 171, 174, 176, 179, 183, 187, 190, 195, 196, 198, 200, 206, 208, 212, 214, 216, 218, 220, 222, 228, 229, 238, 241, 247, 248, 260, 263, 276, 283, 288, 291, 293, 299, 301, 306, 309]",84,84,True
13,0.9030542373657227,"[7, 9, 12, 13, 15, 20, 24, 28, 31, 34, 38, 40, 44, 45, 47, 48, 52, 58, 61, 68, 70, 73, 82, 83, 90, 109, 110, 115, 117, 120, 123, 127, 139, 143, 145, 146, 148, 150, 151, 155, 157, 162, 166, 170, 173, 175, 178, 183, 185, 186, 192, 193, 196, 199, 205, 207, 211, 213, 215, 217, 219, 220, 221, 227, 228, 234, 237, 240, 243, 245, 262, 269, 275, 281, 282, 284, 290, 292, 295, 297, 301, 302, 306, 310]","[1, 6, 8, 10, 11, 13, 14, 16, 19, 21, 28, 32, 35, 39, 41, 43, 45, 48, 49, 53, 59, 62, 69, 71, 74, 83, 84, 89, 90, 95, 101, 102, 105, 109, 111, 113, 114, 121, 123, 128, 140, 144, 147, 151, 152, 156, 159, 163, 171, 174, 176, 179, 183, 187, 190, 195, 196, 198, 200, 206, 208, 212, 214, 216, 218, 220, 222, 228, 229, 238, 241, 247, 248, 260, 263, 276, 283, 288, 291, 293, 299, 301, 306, 309]",84,84,True
14,0.8108572959899902,"[7, 9, 10, 12, 13, 15, 19, 20, 21, 31, 34, 38, 40, 44, 45, 47, 48, 52, 61, 68, 73, 82, 83, 84, 88, 89, 94, 100, 101, 105, 109, 110, 112, 113, 120, 127, 129, 137, 140, 143, 145, 148, 149, 150, 151, 155, 162, 166, 170, 173, 178, 179, 181, 184, 186, 192, 193, 196, 199, 205, 207, 211, 213, 215, 217, 219, 221, 227, 228, 235, 237, 240, 245, 259, 262, 269, 275, 282, 292, 295, 298, 299, 305, 308]","[1, 6, 8, 10, 11, 13, 14, 16, 19, 21, 28, 32, 35, 39, 41, 43, 45, 48, 49, 53, 59, 62, 69, 71, 74, 83, 84, 89, 90, 95, 101, 102, 105, 109, 111, 113, 114, 121, 123, 128, 140, 144, 147, 151, 152, 156, 159, 163, 171, 174, 176, 179, 183, 187, 190, 195, 196, 198, 200, 206, 208, 212, 214, 216, 218, 220, 222, 228, 229, 238, 241, 247, 248, 260, 263, 276, 283, 288, 291, 293, 299, 301, 306, 309]",84,84,True
15,1.008730173110962,"[5, 6, 7, 11, 12, 15, 16, 18, 19, 28, 32, 34, 38, 40, 44, 47, 48, 52, 54, 58, 61, 64, 68, 70, 71, 73, 76, 82, 83, 88, 89, 96, 100, 105, 107, 115, 117, 120, 122, 123, 127, 143, 145, 148, 150, 155, 162, 166, 170, 173, 175, 178, 183, 186, 192, 193, 195, 198, 200, 205, 207, 211, 213, 215, 217, 219, 221, 227, 228, 237, 240, 246, 258, 259, 262, 269, 275, 286, 290, 292, 298, 300, 305, 309]","[1, 6, 8, 10, 11, 13, 14, 16, 19, 21, 28, 32, 35, 39, 41, 43, 45, 48, 49, 53, 59, 62, 69, 71, 74, 83, 84, 89, 90, 95, 101, 102, 105, 109, 111, 113, 114, 121, 123, 128, 140, 144, 147, 151, 152, 156, 159, 163, 171, 174, 176, 179, 183, 187, 190, 195, 196, 198, 200, 206, 208, 212, 214, 216, 218, 220, 222, 228, 229, 238, 241, 247, 248, 260, 263, 276, 283, 288, 291, 293, 299, 301, 306, 309]",84,84,True
16,0.9190757274627686,"[7, 9, 10, 12, 13, 15, 20, 24, 28, 31, 34, 38, 40, 41, 44, 45, 47, 50, 52, 58, 61, 68, 70, 73, 82, 83, 90, 99, 102, 105, 109, 110, 114, 117, 120, 123, 130, 140, 143, 147, 148, 150, 151, 155, 162, 166, 173, 175, 178, 183, 185, 186, 192, 193, 196, 199, 205, 207, 211, 213, 217, 220, 221, 227, 228, 237, 240, 242, 248, 251, 262, 275, 279, 281, 282, 284, 290, 292, 295, 297, 301, 302, 306, 310]","[1, 6, 8, 10, 11, 13, 14, 16, 19, 21, 28, 32, 35, 39, 41, 43, 45, 48, 49, 53, 59, 62, 69, 71, 74, 83, 84, 89, 90, 95, 101, 102, 105, 109, 111, 113, 114, 121, 123, 128, 140, 144, 147, 151, 152, 156, 159, 163, 171, 174, 176, 179, 183, 187, 190, 195, 196, 198, 200, 206, 208, 212, 214, 216, 218, 220, 222, 228, 229, 238, 241, 247, 248, 260, 263, 276, 283, 288, 291, 293, 299, 301, 306, 309]",84,84,True
17,0.8585319519042969,"[7, 10, 12, 13, 15, 16, 18, 28, 31, 34, 38, 40, 44, 45, 47, 49, 52, 58, 61, 68, 70, 73, 82, 83, 95, 96, 100, 105, 109, 110, 113, 117, 120, 122, 127, 128, 140, 143, 146, 148, 150, 151, 155, 162, 166, 170, 173, 175, 178, 183, 185, 186, 192, 193, 196, 199, 205, 207, 211, 213, 215, 217, 219, 221, 227, 228, 236, 240, 246, 258, 259, 262, 275, 279, 280, 282, 290, 292, 295, 297, 300, 302, 305, 309]","[1, 6, 8, 10, 11, 13, 14, 16, 19, 21, 28, 32, 35, 39, 41, 43, 45, 48, 49, 53, 59, 62, 69, 71, 74, 83, 84, 89, 90, 95, 101, 102, 105, 109, 111, 113, 114, 121, 123, 128, 140, 144, 147, 151, 152, 156, 159, 163, 171, 174, 176, 179, 183, 187, 190, 195, 196, 198, 200, 206, 208, 212, 214, 216, 218, 220, 222, 228, 229, 238, 241, 247, 248, 260, 263, 276, 283, 288, 291, 293, 299, 301, 306, 309]",84,84,True
18,0.8474583625793457,"[5, 7, 9, 11, 12, 13, 15, 19, 20, 25, 27, 31, 34, 38, 40, 44, 47, 48, 52, 58, 61, 63, 68, 70, 71, 73, 82, 83, 88, 89, 96, 100, 105, 109, 110, 115, 117, 122, 123, 127, 143, 145, 148, 150, 151, 155, 162, 166, 169, 173, 175, 178, 183, 186, 192, 193, 196, 199, 205, 207, 211, 213, 215, 217, 219, 221, 227, 228, 237, 240, 246, 247, 259, 262, 275, 282, 287, 290, 292, 295, 298, 300, 305, 309]","[1, 6, 8, 10, 11, 13, 14, 16, 19, 21, 28, 32, 35, 39, 41, 43, 45, 48, 49, 53, 59, 62, 69, 71, 74, 83, 84, 89, 90, 95, 101, 102, 105, 109, 111, 113, 114, 121, 123, 128, 140, 144, 147, 151, 152, 156, 159, 163, 171, 174, 176, 179, 183, 187, 190, 195, 196, 198, 200, 206, 208, 212, 214, 216, 218, 220, 222, 228, 229, 238, 241, 247, 248, 260, 263, 276, 283, 288, 291, 293, 299, 301, 306, 309]",84,84,True
19,0.9375467300415039,"[0, 6, 10, 12, 13, 15, 16, 18, 28, 31, 34, 44, 45, 48, 52, 58, 61, 63, 68, 70, 73, 75, 80, 82, 83, 88, 89, 96, 100, 103, 104, 110, 114, 117, 122, 127, 130, 138, 140, 143, 145, 146, 154, 155, 158, 162, 172, 173, 175, 178, 180, 183, 189, 194, 196, 199, 205, 207, 211, 213, 215, 217, 219, 221, 227, 228, 237, 240, 246, 247, 255, 258, 259, 260, 262, 264, 275, 282, 290, 292, 295, 300, 305, 309]","[1, 6, 8, 10, 11, 13, 14, 16, 19, 21, 28, 32, 35, 39, 41, 43, 45, 48, 49, 53, 59, 62, 69, 71, 74, 83, 84, 89, 90, 95, 101, 102, 105, 109, 111, 113, 114, 121, 123, 128, 140, 144, 147, 151, 152, 156, 159, 163, 171, 174, 176, 179, 183, 187, 190, 195, 196, 198, 200, 206, 208, 212, 214, 216, 218, 220, 222, 228, 229, 238, 241, 247, 248, 260, 263, 276, 283, 288, 291, 293, 299, 301, 306, 309]",84,84,True
20,0.8753185272216797,"[7, 9, 11, 12, 13, 15, 19, 20, 21, 31, 34, 38, 40, 47, 48, 52, 61, 68, 70, 73, 75, 82, 83, 84, 86, 88, 89, 92, 96, 100, 105, 110, 115, 117, 120, 122, 127, 129, 131, 137, 138, 140, 143, 145, 148, 150, 155, 162, 166, 170, 173, 175, 178, 183, 186, 192, 193, 196, 199, 205, 207, 211, 213, 215, 217, 219, 221, 227, 228, 236, 240, 246, 247, 262, 275, 280, 282, 288, 292, 295, 298, 300, 305, 310]","[1, 6, 8, 10, 11, 13, 14, 16, 19, 21, 28, 32, 35, 39, 41, 43, 45, 48, 49, 53, 59, 62, 69, 71, 74, 83, 84, 89, 90, 95, 101, 102, 105, 109, 111, 113, 114, 121, 123, 128, 140, 144, 147, 151, 152, 156, 159, 163, 171, 174, 176, 179, 183, 187, 190, 195, 196, 198, 200, 206, 208, 212, 214, 216, 218, 220, 222, 228, 229, 238, 241, 247, 248, 260, 263, 276, 283, 288, 291, 293, 299, 301, 306, 309]",84,84,True
21,0.9023532867431641,"[7, 10, 12, 13, 15, 17, 18, 22, 24, 28, 31, 34, 38, 40, 44, 45, 47, 48, 52, 58, 61, 63, 68, 70, 73, 75, 82, 83, 88, 89, 96, 100, 104, 110, 113, 117, 122, 127, 140, 143, 145, 150, 151, 155, 162, 163, 166, 170, 175, 178, 183, 185, 186, 188, 191, 193, 196, 199, 205, 207, 211, 213, 215, 217, 219, 221, 227, 228, 237, 240, 245, 259, 262, 269, 275, 280, 282, 290, 292, 295, 298, 300, 305, 310]","[1, 6, 8, 10, 11, 13, 14, 16, 19, 21, 28, 32, 35, 39, 41, 43, 45, 48, 49, 53, 59, 62, 69, 71, 74, 83, 84, 89, 90, 95, 101, 102, 105, 109, 111, 113, 114, 121, 123, 128, 140, 144, 147, 151, 152, 156, 159, 163, 171, 174, 176, 179, 183, 187, 190, 195, 196, 198, 200, 206, 208, 212, 214, 216, 218, 220, 222, 228, 229, 238, 241, 247, 248, 260, 263, 276, 283, 288, 291, 293, 299, 301, 306, 309]",84,84,True
22,0.8910057544708252,"[7, 9, 12, 13, 15, 20, 24, 28, 31, 34, 38, 40, 44, 45, 47, 48, 49, 52, 58, 61, 68, 70, 73, 75, 82, 83, 90, 100, 105, 110, 114, 117, 120, 123, 127, 139, 143, 146, 148, 150, 151, 155, 162, 166, 170, 173, 175, 178, 183, 185, 186, 192, 193, 196, 199, 205, 207, 211, 213, 217, 220, 221, 227, 228, 232, 237, 240, 242, 246, 247, 251, 262, 275, 281, 282, 284, 290, 292, 295, 297, 301, 302, 306, 310]","[1, 6, 8, 10, 11, 13, 14, 16, 19, 21, 28, 32, 35, 39, 41, 43, 45, 48, 49, 53, 59, 62, 69, 71, 74, 83, 84, 89, 90, 95, 101, 102, 105, 109, 111, 113, 114, 121, 123, 128, 140, 144, 147, 151, 152, 156, 159, 163, 171, 174, 176, 179, 183, 187, 190, 195, 196, 198, 200, 206, 208, 212, 214, 216, 218, 220, 222, 228, 229, 238, 241, 247, 248, 260, 263, 276, 283, 288, 291, 293, 299, 301, 306, 309]",84,84,True
23,0.8565723896026611,"[7, 9, 11, 12, 13, 15, 20, 24, 28, 31, 34, 38, 40, 44, 45, 47, 48, 50, 52, 58, 61, 68, 73, 82, 83, 87, 89, 96, 101, 105, 109, 110, 112, 113, 120, 122, 123, 127, 139, 143, 146, 148, 149, 150, 151, 155, 162, 166, 170, 173, 178, 179, 183, 185, 186, 192, 193, 196, 199, 205, 207, 211, 213, 215, 217, 219, 221, 227, 228, 237, 240, 243, 245, 262, 269, 275, 282, 290, 292, 295, 300, 303, 305, 309]","[1, 6, 8, 10, 11, 13, 14, 16, 19, 21, 28, 32, 35, 39, 41, 43, 45, 48, 49, 53, 59, 62, 69, 71, 74, 83, 84, 89, 90, 95, 101, 102, 105, 109, 111, 113, 114, 121, 123, 128, 140, 144, 147, 151, 152, 156, 159, 163, 171, 174, 176, 179, 183, 187, 190, 195, 196, 198, 200, 206, 208, 212, 214, 216, 218, 220, 222, 228, 229, 238, 241, 247, 248, 260, 263, 276, 283, 288, 291, 293, 299, 301, 306, 309]",84,84,True
24,0.8526389598846436,"[5, 6, 7, 9, 11, 12, 15, 18, 20, 27, 32, 34, 38, 40, 44, 47, 48, 51, 58, 61, 64, 68, 70, 73, 76, 82, 83, 88, 89, 96, 100, 105, 107, 114, 117, 120, 122, 123, 127, 140, 143, 145, 147, 148, 150, 155, 162, 166, 170, 173, 175, 178, 182, 186, 190, 193, 195, 198, 200, 205, 207, 211, 213, 215, 217, 219, 221, 227, 228, 237, 240, 246, 259, 262, 275, 279, 286, 290, 292, 293, 298, 300, 305, 309]","[1, 6, 8, 10, 11, 13, 14, 16, 19, 21, 28, 32, 35, 39, 41, 43, 45, 48, 49, 53, 59, 62, 69, 71, 74, 83, 84, 89, 90, 95, 101, 102, 105, 109, 111, 113, 114, 121, 123, 128, 140, 144, 147, 151, 152, 156, 159, 163, 171, 174, 176, 179, 183, 187, 190, 195, 196, 198, 200, 206, 208, 212, 214, 216, 218, 220, 222, 228, 229, 238, 241, 247, 248, 260, 263, 276, 283, 288, 291, 293, 299, 301, 306, 309]",84,84,True
25,1.1357591152191162,"[5, 7, 9, 11, 12, 13, 15, 20, 24, 27, 31, 34, 38, 40, 47, 48, 52, 58, 61, 68, 70, 73, 82, 83, 88, 89, 94, 100, 101, 105, 108, 109, 110, 115, 117, 120, 127, 131, 140, 143, 145, 147, 148, 150, 151, 155, 162, 166, 170, 173, 175, 178, 183, 186, 192, 193, 196, 199, 205, 207, 211, 213, 215, 217, 219, 221, 227, 228, 235, 237, 240, 246, 259, 262, 269, 275, 282, 287, 290, 292, 298, 299, 305, 308]","[1, 6, 8, 10, 11, 13, 14, 16, 19, 21, 28, 32, 35, 39, 41, 43, 45, 48, 49, 53, 59, 62, 69, 71, 74, 83, 84, 89, 90, 95, 101, 102, 105, 109, 111, 113, 114, 121, 123, 128, 140, 144, 147, 151, 152, 156, 159, 163, 171, 174, 176, 179, 183, 187, 190, 195, 196, 198, 200, 206, 208, 212, 214, 216, 218, 220, 222, 228, 229, 238, 241, 247, 248, 260, 263, 276, 283, 288, 291, 293, 299, 301, 306, 309]",84,84,True
26,1.0006463527679443,"[5, 7, 11, 12, 13, 15, 16, 18, 24, 28, 31, 34, 38, 40, 47, 48, 52, 58, 61, 63, 68, 70, 73, 82, 83, 88, 95, 101, 105, 108, 110, 113, 117, 122, 127, 131, 140, 143, 145, 148, 150, 151, 155, 162, 163, 166, 170, 175, 178, 183, 186, 192, 193, 195, 198, 199, 205, 207, 211, 213, 215, 217, 219, 221, 227, 228, 237, 240, 243, 245, 258, 259, 262, 269, 275, 282, 287, 290, 292, 296, 298, 300, 304, 308]","[1, 6, 8, 10, 11, 13, 14, 16, 19, 21, 28, 32, 35, 39, 41, 43, 45, 48, 49, 53, 59, 62, 69, 71, 74, 83, 84, 89, 90, 95, 101, 102, 105, 109, 111, 113, 114, 121, 123, 128, 140, 144, 147, 151, 152, 156, 159, 163, 171, 174, 176, 179, 183, 187, 190, 195, 196, 198, 200, 206, 208, 212, 214, 216, 218, 220, 222, 228, 229, 238, 241, 247, 248, 260, 263, 276, 283, 288, 291, 293, 299, 301, 306, 309]",84,84,True
27,0.8368477821350098,"[5, 7, 9, 10, 12, 13, 15, 19, 20, 21, 31, 34, 38, 40, 47, 48, 52, 61, 63, 68, 70, 73, 82, 83, 84, 88, 89, 94, 100, 101, 105, 108, 110, 115, 117, 127, 129, 131, 140, 143, 145, 148, 150, 151, 155, 162, 166, 170, 173, 175, 178, 183, 186, 192, 193, 195, 198, 200, 205, 207, 211, 213, 218, 222, 227, 228, 235, 237, 241, 245, 250, 252, 259, 262, 269, 275, 282, 287, 290, 292, 298, 299, 305, 308]","[1, 6, 8, 10, 11, 13, 14, 16, 19, 21, 28, 32, 35, 39, 41, 43, 45, 48, 49, 53, 59, 62, 69, 71, 74, 83, 84, 89, 90, 95, 101, 102, 105, 109, 111, 113, 114, 121, 123, 128, 140, 144, 147, 151, 152, 156, 159, 163, 171, 174, 176, 179, 183, 187, 190, 195, 196, 198, 200, 206, 208, 212, 214, 216, 218, 220, 222, 228, 229, 238, 241, 247, 248, 260, 263, 276, 283, 288, 291, 293, 299, 301, 306, 309]",84,84,True
28,0.8117377758026123,"[7, 9, 10, 12, 13, 15, 20, 24, 28, 31, 34, 38, 40, 44, 45, 47, 48, 49, 52, 58, 61, 63, 68, 70, 73, 82, 83, 88, 95, 101, 104, 109, 110, 114, 117, 122, 127, 139, 143, 145, 150, 151, 155, 158, 162, 166, 170, 173, 175, 178, 183, 185, 186, 189, 194, 196, 199, 205, 207, 211, 213, 215, 217, 219, 221, 227, 228, 237, 240, 243, 245, 259, 262, 269, 275, 282, 290, 292, 295, 296, 298, 300, 305, 308]","[1, 6, 8, 10, 11, 13, 14, 16, 19, 21, 28, 32, 35, 39, 41, 43, 45, 48, 49, 53, 59, 62, 69, 71, 74, 83, 84, 89, 90, 95, 101, 102, 105, 109, 111, 113, 114, 121, 123, 128, 140, 144, 147, 151, 152, 156, 159, 163, 171, 174, 176, 179, 183, 187, 190, 195, 196, 198, 200, 206, 208, 212, 214, 216, 218, 220, 222, 228, 229, 238, 241, 247, 248, 260, 263, 276, 283, 288, 291, 293, 299, 301, 306, 309]",84,84,True
29,0.9501214027404785,"[5, 7, 9, 11, 12, 13, 15, 20, 24, 28, 31, 34, 38, 40, 47, 48, 50, 52, 58, 61, 68, 70, 73, 82, 83, 88, 89, 96, 105, 108, 109, 114, 117, 120, 122, 127, 131, 139, 143, 146, 150, 151, 155, 158, 162, 166, 170, 173, 175, 178, 183, 186, 190, 193, 196, 199, 200, 205, 207, 211, 213, 215, 217, 219, 221, 227, 228, 237, 240, 243, 245, 259, 262, 269, 275, 280, 282, 287, 290, 292, 298, 300, 305, 310]","[1, 6, 8, 10, 11, 13, 14, 16, 19, 21, 28, 32, 35, 39, 41, 43, 45, 48, 49, 53, 59, 62, 69, 71, 74, 83, 84, 89, 90, 95, 101, 102, 105, 109, 111, 113, 114, 121, 123, 128, 140, 144, 147, 151, 152, 156, 159, 163, 171, 174, 176, 179, 183, 187, 190, 195, 196, 198, 200, 206, 208, 212, 214, 216, 218, 220, 222, 228, 229, 238, 241, 247, 248, 260, 263, 276, 283, 288, 291, 293, 299, 301, 306, 309]",84,84,True
30,0.8572070598602295,"[7, 9, 10, 12, 13, 15, 19, 20, 21, 31, 34, 38, 40, 47, 48, 52, 61, 68, 73, 75, 82, 83, 84, 86, 90, 100, 104, 110, 112, 113, 120, 123, 127, 129, 131, 137, 140, 143, 145, 148, 149, 150, 155, 162, 166, 170, 173, 175, 178, 183, 185, 186, 192, 193, 196, 199, 205, 207, 211, 213, 215, 217, 219, 221, 227, 228, 235, 237, 240, 246, 262, 269, 275, 281, 282, 284, 288, 292, 295, 297, 301, 302, 306, 310]","[1, 6, 8, 10, 11, 13, 14, 16, 19, 21, 28, 32, 35, 39, 41, 43, 45, 48, 49, 53, 59, 62, 69, 71, 74, 83, 84, 89, 90, 95, 101, 102, 105, 109, 111, 113, 114, 121, 123, 128, 140, 144, 147, 151, 152, 156, 159, 163, 171, 174, 176, 179, 183, 187, 190, 195, 196, 198, 200, 206, 208, 212, 214, 216, 218, 220, 222, 228, 229, 238, 241, 247, 248, 260, 263, 276, 283, 288, 291, 293, 299, 301, 306, 309]",84,84,True
31,0.8051333427429199,"[7, 9, 10, 12, 13, 15, 20, 24, 28, 31, 34, 38, 40, 44, 45, 47, 48, 52, 58, 61, 68, 70, 73, 82, 83, 95, 96, 100, 104, 109, 110, 114, 117, 120, 122, 127, 139, 140, 143, 145, 150, 151, 155, 158, 162, 166, 170, 173, 175, 178, 183, 185, 186, 189, 194, 196, 199, 205, 207, 211, 213, 215, 217, 219, 221, 227, 228, 237, 240, 246, 259, 262, 264, 271, 275, 282, 290, 292, 295, 297, 300, 302, 305, 309]","[1, 6, 8, 10, 11, 13, 14, 16, 19, 21, 28, 32, 35, 39, 41, 43, 45, 48, 49, 53, 59, 62, 69, 71, 74, 83, 84, 89, 90, 95, 101, 102, 105, 109, 111, 113, 114, 121, 123, 128, 140, 144, 147, 151, 152, 156, 159, 163, 171, 174, 176, 179, 183, 187, 190, 195, 196, 198, 200, 206, 208, 212, 214, 216, 218, 220, 222, 228, 229, 238, 241, 247, 248, 260, 263, 276, 283, 288, 291, 293, 299, 301, 306, 309]",84,84,True
32,0.9131238460540771,"[6, 7, 9, 11, 12, 13, 15, 20, 24, 28, 31, 34, 38, 40, 41, 44, 45, 47, 50, 52, 58, 61, 63, 68, 70, 73, 75, 82, 83, 88, 89, 92, 96, 100, 102, 105, 110, 115, 117, 122, 140, 143, 147, 150, 155, 162, 166, 170, 173, 175, 178, 181, 183, 186, 188, 191, 193, 196, 199, 205, 207, 211, 213, 215, 217, 219, 221, 227, 228, 237, 240, 246, 262, 269, 275, 280, 282, 290, 292, 295, 298, 300, 305, 310]","[1, 6, 8, 10, 11, 13, 14, 16, 19, 21, 28, 32, 35, 39, 41, 43, 45, 48, 49, 53, 59, 62, 69, 71, 74, 83, 84, 89, 90, 95, 101, 102, 105, 109, 111, 113, 114, 121, 123, 128, 140, 144, 147, 151, 152, 156, 159, 163, 171, 174, 176, 179, 183, 187, 190, 195, 196, 198, 200, 206, 208, 212, 214, 216, 218, 220, 222, 228, 229, 238, 241, 247, 248, 260, 263, 276, 283, 288, 291, 293, 299, 301, 306, 309]",84,84,True
33,0.8148274421691895,"[4, 5, 7, 10, 12, 13, 15, 19, 20, 21, 22, 31, 35, 38, 40, 44, 47, 48, 52, 58, 61, 68, 70, 73, 82, 83, 88, 89, 94, 100, 101, 105, 109, 110, 114, 117, 120, 127, 140, 143, 145, 148, 150, 151, 155, 162, 166, 170, 173, 175, 178, 183, 186, 192, 193, 196, 199, 205, 207, 211, 213, 215, 217, 221, 227, 228, 235, 237, 240, 245, 252, 259, 262, 269, 275, 282, 287, 290, 292, 295, 298, 299, 305, 308]","[1, 6, 8, 10, 11, 13, 14, 16, 19, 21, 28, 32, 35, 39, 41, 43, 45, 48, 49, 53, 59, 62, 69, 71, 74, 83, 84, 89, 90, 95, 101, 102, 105, 109, 111, 113, 114, 121, 123, 128, 140, 144, 147, 151, 152, 156, 159, 163, 171, 174, 176, 179, 183, 187, 190, 195, 196, 198, 200, 206, 208, 212, 214, 216, 218, 220, 222, 228, 229, 238, 241, 247, 248, 260, 263, 276, 283, 288, 291, 293, 299, 301, 306, 309]",84,84,True
34,0.8486044406890869,"[5, 7, 9, 10, 12, 13, 15, 19, 20, 21, 31, 34, 38, 40, 47, 48, 52, 61, 68, 70, 71, 73, 82, 83, 84, 88, 89, 101, 105, 108, 110, 114, 117, 120, 127, 129, 131, 143, 145, 148, 150, 151, 155, 162, 166, 170, 173, 175, 178, 182, 186, 192, 193, 197, 199, 205, 207, 211, 213, 214, 216, 222, 227, 228, 235, 237, 239, 242, 245, 252, 259, 262, 265, 269, 275, 282, 287, 290, 292, 298, 300, 305, 306, 308]","[1, 6, 8, 10, 11, 13, 14, 16, 19, 21, 28, 32, 35, 39, 41, 43, 45, 48, 49, 53, 59, 62, 69, 71, 74, 83, 84, 89, 90, 95, 101, 102, 105, 109, 111, 113, 114, 121, 123, 128, 140, 144, 147, 151, 152, 156, 159, 163, 171, 174, 176, 179, 183, 187, 190, 195, 196, 198, 200, 206, 208, 212, 214, 216, 218, 220, 222, 228, 229, 238, 241, 247, 248, 260, 263, 276, 283, 288, 291, 293, 299, 301, 306, 309]",84,84,True
35,0.9316425323486328,"[5, 7, 9, 10, 12, 13, 15, 19, 20, 21, 27, 31, 34, 38, 40, 44, 47, 48, 50, 52, 58, 61, 68, 70, 71, 73, 82, 83, 88, 89, 94, 100, 101, 105, 108, 109, 110, 114, 117, 120, 127, 143, 148, 150, 151, 155, 162, 166, 170, 173, 175, 178, 183, 186, 192, 193, 196, 199, 205, 207, 211, 213, 215, 217, 221, 227, 228, 235, 237, 240, 246, 247, 252, 259, 262, 275, 282, 287, 290, 292, 298, 299, 305, 308]","[1, 6, 8, 10, 11, 13, 14, 16, 19, 21, 28, 32, 35, 39, 41, 43, 45, 48, 49, 53, 59, 62, 69, 71, 74, 83, 84, 89, 90, 95, 101, 102, 105, 109, 111, 113, 114, 121, 123, 128, 140, 144, 147, 151, 152, 156, 159, 163, 171, 174, 176, 179, 183, 187, 190, 195, 196, 198, 200, 206, 208, 212, 214, 216, 218, 220, 222, 228, 229, 238, 241, 247, 248, 260, 263, 276, 283, 288, 291, 293, 299, 301, 306, 309]",84,84,True
36,0.9308054447174072,"[7, 9, 10, 12, 13, 15, 19, 20, 27, 31, 34, 38, 40, 44, 45, 47, 48, 50, 52, 58, 61, 68, 70, 73, 82, 83, 95, 96, 104, 109, 110, 115, 117, 120, 127, 140, 143, 147, 148, 150, 151, 155, 162, 166, 170, 173, 175, 178, 183, 185, 186, 192, 193, 196, 199, 205, 207, 211, 213, 214, 216, 222, 227, 228, 235, 237, 239, 242, 245, 252, 259, 262, 269, 275, 280, 282, 290, 292, 295, 297, 300, 302, 305, 309]","[1, 6, 8, 10, 11, 13, 14, 16, 19, 21, 28, 32, 35, 39, 41, 43, 45, 48, 49, 53, 59, 62, 69, 71, 74, 83, 84, 89, 90, 95, 101, 102, 105, 109, 111, 113, 114, 121, 123, 128, 140, 144, 147, 151, 152, 156, 159, 163, 171, 174, 176, 179, 183, 187, 190, 195, 196, 198, 200, 206, 208, 212, 214, 216, 218, 220, 222, 228, 229, 238, 241, 247, 248, 260, 263, 276, 283, 288, 291, 293, 299, 301, 306, 309]",84,84,True
37,0.9024605751037598,"[7, 9, 11, 12, 13, 15, 20, 24, 28, 31, 34, 38, 40, 44, 45, 47, 48, 49, 52, 58, 61, 63, 68, 70, 73, 82, 83, 88, 89, 96, 100, 101, 105, 109, 110, 114, 117, 122, 127, 139, 143, 145, 148, 150, 151, 155, 162, 166, 170, 173, 175, 178, 183, 185, 186, 192, 193, 196, 199, 205, 207, 211, 213, 215, 217, 219, 221, 227, 228, 237, 240, 246, 247, 259, 262, 275, 282, 290, 292, 295, 298, 300, 305, 309]","[1, 6, 8, 10, 11, 13, 14, 16, 19, 21, 28, 32, 35, 39, 41, 43, 45, 48, 49, 53, 59, 62, 69, 71, 74, 83, 84, 89, 90, 95, 101, 102, 105, 109, 111, 113, 114, 121, 123, 128, 140, 144, 147, 151, 152, 156, 159, 163, 171, 174, 176, 179, 183, 187, 190, 195, 196, 198, 200, 206, 208, 212, 214, 216, 218, 220, 222, 228, 229, 238, 241, 247, 248, 260, 263, 276, 283, 288, 291, 293, 299, 301, 306, 309]",84,84,True
38,0.9068424701690674,"[5, 7, 9, 11, 12, 13, 15, 20, 24, 28, 31, 34, 38, 40, 47, 48, 52, 58, 61, 68, 70, 73, 82, 83, 88, 89, 94, 100, 101, 105, 109, 110, 115, 117, 120, 127, 131, 140, 143, 145, 147, 148, 150, 151, 155, 162, 166, 170, 173, 175, 178, 183, 186, 192, 193, 196, 199, 205, 207, 211, 213, 215, 217, 219, 221, 227, 228, 235, 237, 240, 246, 259, 262, 275, 279, 282, 287, 290, 292, 295, 298, 299, 305, 308]","[1, 6, 8, 10, 11, 13, 14, 16, 19, 21, 28, 32, 35, 39, 41, 43, 45, 48, 49, 53, 59, 62, 69, 71, 74, 83, 84, 89, 90, 95, 101, 102, 105, 109, 111, 113, 114, 121, 123, 128, 140, 144, 147, 151, 152, 156, 159, 163, 171, 174, 176, 179, 183, 187, 190, 195, 196, 198, 200, 206, 208, 212, 214, 216, 218, 220, 222, 228, 229, 238, 241, 247, 248, 260, 263, 276, 283, 288, 291, 293, 299, 301, 306, 309]",84,84,True
39,0.8609542846679688,"[5, 7, 9, 11, 12, 13, 15, 20, 24, 27, 31, 34, 38, 40, 41, 44, 47, 50, 52, 58, 61, 68, 70, 73, 82, 83, 88, 89, 96, 100, 105, 108, 110, 113, 117, 120, 122, 127, 130, 140, 143, 147, 148, 150, 151, 155, 162, 166, 173, 175, 178, 183, 186, 192, 193, 195, 196, 199, 205, 207, 211, 213, 215, 217, 219, 221, 227, 228, 237, 240, 246, 247, 259, 262, 275, 280, 282, 287, 290, 292, 298, 300, 305, 309]","[1, 6, 8, 10, 11, 13, 14, 16, 19, 21, 28, 32, 35, 39, 41, 43, 45, 48, 49, 53, 59, 62, 69, 71, 74, 83, 84, 89, 90, 95, 101, 102, 105, 109, 111, 113, 114, 121, 123, 128, 140, 144, 147, 151, 152, 156, 159, 163, 171, 174, 176, 179, 183, 187, 190, 195, 196, 198, 200, 206, 208, 212, 214, 216, 218, 220, 222, 228, 229, 238, 241, 247, 248, 260, 263, 276, 283, 288, 291, 293, 299, 301, 306, 309]",84,84,True
40,0.9440503120422363,"[7, 9, 11, 12, 13, 15, 19, 20, 21, 31, 34, 38, 40, 44, 47, 48, 52, 61, 68, 70, 71, 73, 75, 82, 83, 84, 86, 90, 98, 100, 105, 110, 112, 113, 120, 122, 127, 129, 137, 138, 143, 145, 148, 150, 155, 162, 166, 170, 173, 175, 178, 183, 186, 192, 193, 196, 199, 205, 207, 211, 213, 215, 217, 219, 221, 227, 228, 237, 240, 246, 247, 259, 262, 264, 275, 282, 288, 292, 295, 300, 302, 305, 307, 308]","[1, 6, 8, 10, 11, 13, 14, 16, 19, 21, 28, 32, 35, 39, 41, 43, 45, 48, 49, 53, 59, 62, 69, 71, 74, 83, 84, 89, 90, 95, 101, 102, 105, 109, 111, 113, 114, 121, 123, 128, 140, 144, 147, 151, 152, 156, 159, 163, 171, 174, 176, 179, 183, 187, 190, 195, 196, 198, 200, 206, 208, 212, 214, 216, 218, 220, 222, 228, 229, 238, 241, 247, 248, 260, 263, 276, 283, 288, 291, 293, 299, 301, 306, 309]",84,84,True
41,1.3625450134277344,"[7, 9, 12, 13, 15, 19, 20, 21, 31, 34, 38, 40, 44, 45, 47, 48, 50, 52, 61, 63, 68, 70, 71, 73, 82, 83, 84, 90, 100, 105, 109, 110, 115, 117, 123, 127, 129, 137, 143, 148, 150, 151, 155, 162, 163, 166, 169, 175, 178, 183, 185, 186, 192, 193, 196, 199, 205, 207, 211, 213, 218, 220, 222, 227, 228, 232, 237, 241, 246, 247, 250, 252, 262, 275, 281, 282, 284, 292, 295, 297, 301, 302, 306, 310]","[1, 6, 8, 10, 11, 13, 14, 16, 19, 21, 28, 32, 35, 39, 41, 43, 45, 48, 49, 53, 59, 62, 69, 71, 74, 83, 84, 89, 90, 95, 101, 102, 105, 109, 111, 113, 114, 121, 123, 128, 140, 144, 147, 151, 152, 156, 159, 163, 171, 174, 176, 179, 183, 187, 190, 195, 196, 198, 200, 206, 208, 212, 214, 216, 218, 220, 222, 228, 229, 238, 241, 247, 248, 260, 263, 276, 283, 288, 291, 293, 299, 301, 306, 309]",84,84,True
42,1.6928250789642334,"[5, 7, 11, 12, 13, 15, 16, 23, 28, 31, 34, 38, 40, 47, 48, 52, 58, 61, 68, 70, 73, 82, 83, 88, 89, 96, 101, 105, 108, 110, 114, 117, 120, 122, 127, 131, 140, 143, 145, 147, 148, 150, 151, 155, 162, 166, 170, 173, 175, 178, 183, 186, 192, 193, 195, 196, 199, 205, 207, 211, 213, 215, 217, 219, 221, 227, 228, 237, 240, 243, 245, 258, 259, 262, 269, 275, 282, 287, 290, 292, 298, 300, 305, 308]","[1, 6, 8, 10, 11, 13, 14, 16, 19, 21, 28, 32, 35, 39, 41, 43, 45, 48, 49, 53, 59, 62, 69, 71, 74, 83, 84, 89, 90, 95, 101, 102, 105, 109, 111, 113, 114, 121, 123, 128, 140, 144, 147, 151, 152, 156, 159, 163, 171, 174, 176, 179, 183, 187, 190, 195, 196, 198, 200, 206, 208, 212, 214, 216, 218, 220, 222, 228, 229, 238, 241, 247, 248, 260, 263, 276, 283, 288, 291, 293, 299, 301, 306, 309]",84,84,True
43,0.8050956726074219,"[5, 7, 9, 10, 12, 13, 15, 20, 24, 28, 31, 34, 38, 40, 44, 47, 48, 52, 58, 61, 68, 73, 82, 83, 88, 89, 94, 100, 101, 104, 108, 109, 112, 113, 120, 127, 140, 143, 145, 147, 148, 149, 150, 151, 155, 162, 166, 170, 173, 175, 178, 183, 186, 192, 193, 195, 198, 199, 205, 207, 211, 213, 215, 217, 221, 227, 228, 235, 237, 240, 246, 247, 252, 259, 262, 275, 282, 287, 290, 292, 298, 299, 305, 308]","[1, 6, 8, 10, 11, 13, 14, 16, 19, 21, 28, 32, 35, 39, 41, 43, 45, 48, 49, 53, 59, 62, 69, 71, 74, 83, 84, 89, 90, 95, 101, 102, 105, 109, 111, 113, 114, 121, 123, 128, 140, 144, 147, 151, 152, 156, 159, 163, 171, 174, 176, 179, 183, 187, 190, 195, 196, 198, 200, 206, 208, 212, 214, 216, 218, 220, 222, 228, 229, 238, 241, 247, 248, 260, 263, 276, 283, 288, 291, 293, 299, 301, 306, 309]",84,84,True
44,0.8062236309051514,"[7, 10, 12, 13, 15, 16, 18, 28, 31, 34, 38, 40, 44, 45, 47, 48, 52, 58, 61, 68, 70, 73, 82, 83, 88, 89, 96, 100, 105, 109, 110, 114, 117, 120, 122, 127, 140, 143, 145, 146, 148, 150, 151, 155, 162, 166, 170, 173, 175, 178, 183, 185, 186, 192, 193, 196, 199, 205, 207, 211, 213, 215, 217, 219, 221, 227, 228, 237, 240, 246, 258, 259, 262, 264, 271, 275, 282, 290, 292, 295, 300, 303, 305, 309]","[1, 6, 8, 10, 11, 13, 14, 16, 19, 21, 28, 32, 35, 39, 41, 43, 45, 48, 49, 53, 59, 62, 69, 71, 74, 83, 84, 89, 90, 95, 101, 102, 105, 109, 111, 113, 114, 121, 123, 128, 140, 144, 147, 151, 152, 156, 159, 163, 171, 174, 176, 179, 183, 187, 190, 195, 196, 198, 200, 206, 208, 212, 214, 216, 218, 220, 222, 228, 229, 238, 241, 247, 248, 260, 263, 276, 283, 288, 291, 293, 299, 301, 306, 309]",84,84,True
45,0.8911399841308594,"[7, 12, 13, 15, 16, 18, 28, 31, 34, 38, 40, 44, 45, 47, 49, 52, 58, 61, 68, 70, 73, 82, 83, 90, 100, 105, 106, 109, 110, 115, 117, 120, 123, 127, 128, 140, 143, 146, 148, 150, 151, 155, 162, 166, 170, 173, 175, 178, 183, 185, 186, 192, 193, 196, 199, 205, 207, 211, 213, 220, 225, 227, 228, 232, 237, 239, 242, 246, 247, 250, 258, 262, 275, 281, 282, 284, 290, 292, 295, 297, 301, 302, 306, 310]","[1, 6, 8, 10, 11, 13, 14, 16, 19, 21, 28, 32, 35, 39, 41, 43, 45, 48, 49, 53, 59, 62, 69, 71, 74, 83, 84, 89, 90, 95, 101, 102, 105, 109, 111, 113, 114, 121, 123, 128, 140, 144, 147, 151, 152, 156, 159, 163, 171, 174, 176, 179, 183, 187, 190, 195, 196, 198, 200, 206, 208, 212, 214, 216, 218, 220, 222, 228, 229, 238, 241, 247, 248, 260, 263, 276, 283, 288, 291, 293, 299, 301, 306, 309]",84,84,True
46,1.0646686553955078,"[5, 7, 9, 10, 12, 13, 15, 20, 24, 28, 31, 34, 38, 40, 47, 48, 52, 58, 61, 68, 73, 82, 83, 88, 89, 94, 100, 101, 105, 108, 110, 112, 113, 120, 127, 131, 140, 143, 145, 147, 148, 149, 150, 151, 155, 162, 166, 170, 173, 175, 178, 183, 186, 192, 193, 195, 197, 199, 205, 207, 211, 213, 218, 222, 227, 228, 235, 237, 241, 246, 250, 252, 259, 262, 269, 275, 282, 287, 290, 292, 298, 299, 305, 308]","[1, 6, 8, 10, 11, 13, 14, 16, 19, 21, 28, 32, 35, 39, 41, 43, 45, 48, 49, 53, 59, 62, 69, 71, 74, 83, 84, 89, 90, 95, 101, 102, 105, 109, 111, 113, 114, 121, 123, 128, 140, 144, 147, 151, 152, 156, 159, 163, 171, 174, 176, 179, 183, 187, 190, 195, 196, 198, 200, 206, 208, 212, 214, 216, 218, 220, 222, 228, 229, 238, 241, 247, 248, 260, 263, 276, 283, 288, 291, 293, 299, 301, 306, 309]",84,84,True
47,1.3675270080566406,"[4, 7, 10, 12, 13, 15, 18, 21, 22, 31, 35, 38, 40, 44, 45, 47, 48, 52, 58, 61, 68, 73, 75, 82, 83, 88, 89, 96, 100, 104, 110, 112, 113, 120, 122, 127, 140, 143, 145, 146, 149, 150, 151, 155, 158, 162, 166, 170, 173, 175, 178, 181, 184, 186, 189, 194, 196, 199, 205, 207, 211, 213, 215, 217, 219, 221, 227, 228, 237, 240, 246, 259, 262, 275, 279, 280, 282, 290, 292, 295, 298, 300, 305, 309]","[1, 6, 8, 10, 11, 13, 14, 16, 19, 21, 28, 32, 35, 39, 41, 43, 45, 48, 49, 53, 59, 62, 69, 71, 74, 83, 84, 89, 90, 95, 101, 102, 105, 109, 111, 113, 114, 121, 123, 128, 140, 144, 147, 151, 152, 156, 159, 163, 171, 174, 176, 179, 183, 187, 190, 195, 196, 198, 200, 206, 208, 212, 214, 216, 218, 220, 222, 228, 229, 238, 241, 247, 248, 260, 263, 276, 283, 288, 291, 293, 299, 301, 306, 309]",84,84,True
48,1.0437052249908447,"[7, 10, 12, 13, 15, 16, 18, 28, 31, 34, 38, 40, 44, 45, 47, 48, 52, 58, 61, 68, 73, 82, 83, 88, 89, 101, 105, 109, 110, 112, 113, 120, 127, 140, 143, 145, 146, 148, 149, 150, 151, 155, 162, 166, 170, 173, 175, 178, 181, 184, 186, 192, 193, 196, 199, 205, 207, 211, 213, 214, 216, 222, 227, 228, 235, 237, 239, 243, 245, 252, 258, 259, 262, 269, 275, 282, 290, 292, 295, 298, 300, 305, 306, 308]","[1, 6, 8, 10, 11, 13, 14, 16, 19, 21, 28, 32, 35, 39, 41, 43, 45, 48, 49, 53, 59, 62, 69, 71, 74, 83, 84, 89, 90, 95, 101, 102, 105, 109, 111, 113, 114, 121, 123, 128, 140, 144, 147, 151, 152, 156, 159, 163, 171, 174, 176, 179, 183, 187, 190, 195, 196, 198, 200, 206, 208, 212, 214, 216, 218, 220, 222, 228, 229, 238, 241, 247, 248, 260, 263, 276, 283, 288, 291, 293, 299, 301, 306, 309]",84,84,True
49,0.8908863067626953,"[5, 7, 9, 11, 12, 13, 15, 20, 24, 28, 31, 34, 38, 40, 44, 47, 48, 52, 58, 61, 68, 73, 82, 83, 88, 89, 96, 100, 105, 108, 110, 112, 113, 120, 122, 127, 139, 140, 143, 145, 149, 150, 151, 155, 162, 166, 170, 173, 175, 178, 183, 186, 188, 191, 193, 195, 197, 199, 205, 207, 211, 213, 215, 217, 219, 221, 227, 228, 236, 240, 246, 259, 262, 271, 275, 280, 282, 287, 290, 292, 298, 300, 305, 310]","[1, 6, 8, 10, 11, 13, 14, 16, 19, 21, 28, 32, 35, 39, 41, 43, 45, 48, 49, 53, 59, 62, 69, 71, 74, 83, 84, 89, 90, 95, 101, 102, 105, 109, 111, 113, 114, 121, 123, 128, 140, 144, 147, 151, 152, 156, 159, 163, 171, 174, 176, 179, 183, 187, 190, 195, 196, 198, 200, 206, 208, 212, 214, 216, 218, 220, 222, 228, 229, 238, 241, 247, 248, 260, 263, 276, 283, 288, 291, 293, 299, 301, 306, 309]",84,84,True
50,1.280189037322998,"[5, 7, 9, 11, 12, 13, 15, 20, 24, 28, 31, 34, 38, 40, 47, 48, 50, 52, 58, 61, 63, 68, 70, 73, 82, 83, 88, 95, 100, 101, 105, 108, 110, 114, 117, 122, 127, 131, 140, 143, 147, 148, 150, 151, 155, 162, 166, 170, 173, 175, 178, 183, 186, 192, 193, 197, 201, 205, 207, 211, 213, 215, 217, 219, 221, 227, 228, 237, 240, 246, 259, 262, 265, 269, 275, 282, 287, 290, 292, 296, 298, 300, 304, 308]","[1, 6, 8, 10, 11, 13, 14, 16, 19, 21, 28, 32, 35, 39, 41, 43, 45, 48, 49, 53, 59, 62, 69, 71, 74, 83, 84, 89, 90, 95, 101, 102, 105, 109, 111, 113, 114, 121, 123, 128, 140, 144, 147, 151, 152, 156, 159, 163, 171, 174, 176, 179, 183, 187, 190, 195, 196, 198, 200, 206, 208, 212, 214, 216, 218, 220, 222, 228, 229, 238, 241, 247, 248, 260, 263, 276, 283, 288, 291, 293, 299, 301, 306, 309]",84,84,True
51,1.3293447494506836,"[7, 9, 10, 12, 13, 15, 20, 24, 28, 31, 34, 38, 40, 44, 45, 47, 48, 52, 58, 61, 68, 70, 73, 75, 82, 83, 88, 89, 96, 105, 110, 113, 117, 120, 122, 127, 140, 143, 145, 147, 148, 150, 151, 155, 162, 166, 170, 173, 178, 179, 183, 185, 186, 192, 193, 196, 199, 205, 207, 211, 213, 215, 217, 219, 221, 227, 228, 237, 240, 243, 245, 259, 262, 269, 275, 280, 282, 290, 292, 295, 300, 303, 305, 309]","[1, 6, 8, 10, 11, 13, 14, 16, 19, 21, 28, 32, 35, 39, 41, 43, 45, 48, 49, 53, 59, 62, 69, 71, 74, 83, 84, 89, 90, 95, 101, 102, 105, 109, 111, 113, 114, 121, 123, 128, 140, 144, 147, 151, 152, 156, 159, 163, 171, 174, 176, 179, 183, 187, 190, 195, 196, 198, 200, 206, 208, 212, 214, 216, 218, 220, 222, 228, 229, 238, 241, 247, 248, 260, 263, 276, 283, 288, 291, 293, 299, 301, 306, 309]",84,84,True
52,0.8244831562042236,"[7, 9, 11, 12, 13, 15, 19, 20, 24, 27, 31, 34, 38, 40, 44, 45, 47, 48, 52, 58, 61, 68, 70, 73, 82, 83, 88, 90, 100, 101, 105, 109, 110, 115, 117, 120, 122, 127, 140, 143, 145, 148, 150, 151, 155, 162, 166, 170, 173, 175, 178, 183, 185, 186, 192, 193, 196, 199, 205, 207, 211, 213, 215, 217, 219, 221, 227, 228, 237, 240, 246, 259, 262, 269, 275, 282, 284, 290, 292, 295, 298, 300, 305, 308]","[1, 6, 8, 10, 11, 13, 14, 16, 19, 21, 28, 32, 35, 39, 41, 43, 45, 48, 49, 53, 59, 62, 69, 71, 74, 83, 84, 89, 90, 95, 101, 102, 105, 109, 111, 113, 114, 121, 123, 128, 140, 144, 147, 151, 152, 156, 159, 163, 171, 174, 176, 179, 183, 187, 190, 195, 196, 198, 200, 206, 208, 212, 214, 216, 218, 220, 222, 228, 229, 238, 241, 247, 248, 260, 263, 276, 283, 288, 291, 293, 299, 301, 306, 309]",84,84,True
53,0.8547861576080322,"[4, 7, 12, 13, 15, 18, 21, 22, 31, 35, 38, 40, 44, 45, 47, 48, 52, 58, 61, 68, 70, 73, 82, 83, 90, 109, 110, 115, 117, 120, 123, 127, 140, 143, 145, 146, 148, 150, 151, 155, 157, 162, 166, 170, 173, 175, 178, 183, 185, 186, 192, 193, 196, 199, 205, 207, 211, 213, 215, 217, 219, 220, 221, 227, 228, 234, 237, 240, 243, 245, 262, 269, 275, 281, 282, 284, 290, 292, 295, 297, 301, 302, 306, 310]","[1, 6, 8, 10, 11, 13, 14, 16, 19, 21, 28, 32, 35, 39, 41, 43, 45, 48, 49, 53, 59, 62, 69, 71, 74, 83, 84, 89, 90, 95, 101, 102, 105, 109, 111, 113, 114, 121, 123, 128, 140, 144, 147, 151, 152, 156, 159, 163, 171, 174, 176, 179, 183, 187, 190, 195, 196, 198, 200, 206, 208, 212, 214, 216, 218, 220, 222, 228, 229, 238, 241, 247, 248, 260, 263, 276, 283, 288, 291, 293, 299, 301, 306, 309]",84,84,True
54,0.8415884971618652,"[5, 7, 9, 10, 12, 13, 15, 20, 23, 27, 31, 34, 38, 40, 47, 48, 52, 58, 61, 68, 70, 73, 82, 83, 88, 90, 100, 101, 104, 109, 110, 114, 117, 120, 122, 127, 131, 140, 143, 145, 147, 148, 150, 151, 155, 162, 166, 170, 173, 175, 178, 183, 186, 192, 193, 196, 199, 205, 207, 211, 213, 215, 217, 219, 221, 227, 228, 237, 240, 246, 259, 262, 271, 275, 282, 284, 287, 290, 292, 295, 298, 300, 305, 308]","[1, 6, 8, 10, 11, 13, 14, 16, 19, 21, 28, 32, 35, 39, 41, 43, 45, 48, 49, 53, 59, 62, 69, 71, 74, 83, 84, 89, 90, 95, 101, 102, 105, 109, 111, 113, 114, 121, 123, 128, 140, 144, 147, 151, 152, 156, 159, 163, 171, 174, 176, 179, 183, 187, 190, 195, 196, 198, 200, 206, 208, 212, 214, 216, 218, 220, 222, 228, 229, 238, 241, 247, 248, 260, 263, 276, 283, 288, 291, 293, 299, 301, 306, 309]",84,84,True
55,0.7782330513000488,"[5, 7, 10, 12, 13, 15, 16, 23, 28, 31, 34, 38, 40, 47, 48, 52, 58, 61, 68, 73, 82, 83, 88, 89, 94, 100, 101, 105, 108, 110, 112, 113, 120, 127, 131, 140, 143, 145, 147, 148, 149, 150, 151, 155, 162, 166, 170, 173, 175, 178, 182, 186, 192, 193, 195, 197, 199, 205, 207, 211, 213, 215, 216, 222, 227, 228, 235, 237, 239, 245, 252, 258, 259, 262, 269, 275, 282, 287, 290, 292, 298, 299, 305, 308]","[1, 6, 8, 10, 11, 13, 14, 16, 19, 21, 28, 32, 35, 39, 41, 43, 45, 48, 49, 53, 59, 62, 69, 71, 74, 83, 84, 89, 90, 95, 101, 102, 105, 109, 111, 113, 114, 121, 123, 128, 140, 144, 147, 151, 152, 156, 159, 163, 171, 174, 176, 179, 183, 187, 190, 195, 196, 198, 200, 206, 208, 212, 214, 216, 218, 220, 222, 228, 229, 238, 241, 247, 248, 260, 263, 276, 283, 288, 291, 293, 299, 301, 306, 309]",84,84,True
56,1.0941734313964844,"[5, 7, 9, 10, 12, 13, 15, 20, 24, 28, 31, 34, 38, 40, 47, 48, 52, 58, 61, 68, 70, 73, 82, 83, 88, 89, 94, 100, 101, 105, 108, 109, 115, 117, 120, 127, 131, 139, 140, 143, 145, 150, 151, 155, 158, 162, 166, 169, 173, 175, 178, 183, 186, 190, 193, 196, 199, 200, 205, 207, 211, 213, 215, 217, 222, 227, 228, 235, 237, 240, 246, 247, 252, 259, 262, 275, 282, 287, 290, 292, 298, 299, 305, 308]","[1, 6, 8, 10, 11, 13, 14, 16, 19, 21, 28, 32, 35, 39, 41, 43, 45, 48, 49, 53, 59, 62, 69, 71, 74, 83, 84, 89, 90, 95, 101, 102, 105, 109, 111, 113, 114, 121, 123, 128, 140, 144, 147, 151, 152, 156, 159, 163, 171, 174, 176, 179, 183, 187, 190, 195, 196, 198, 200, 206, 208, 212, 214, 216, 218, 220, 222, 228, 229, 238, 241, 247, 248, 260, 263, 276, 283, 288, 291, 293, 299, 301, 306, 309]",84,84,True
57,0.8592662811279297,"[5, 6, 7, 9, 10, 12, 15, 20, 24, 28, 32, 34, 38, 40, 44, 47, 48, 52, 54, 58, 61, 64, 68, 70, 71, 73, 75, 82, 83, 88, 89, 92, 96, 100, 105, 107, 110, 113, 117, 120, 122, 127, 139, 143, 145, 148, 150, 155, 162, 166, 169, 173, 175, 178, 183, 186, 192, 193, 196, 199, 205, 207, 211, 213, 215, 217, 219, 221, 227, 228, 237, 240, 246, 247, 262, 275, 280, 286, 290, 292, 298, 300, 305, 310]","[1, 6, 8, 10, 11, 13, 14, 16, 19, 21, 28, 32, 35, 39, 41, 43, 45, 48, 49, 53, 59, 62, 69, 71, 74, 83, 84, 89, 90, 95, 101, 102, 105, 109, 111, 113, 114, 121, 123, 128, 140, 144, 147, 151, 152, 156, 159, 163, 171, 174, 176, 179, 183, 187, 190, 195, 196, 198, 200, 206, 208, 212, 214, 216, 218, 220, 222, 228, 229, 238, 241, 247, 248, 260, 263, 276, 283, 288, 291, 293, 299, 301, 306, 309]",84,84,True
58,0.886730432510376,"[7, 9, 12, 13, 15, 20, 23, 27, 31, 34, 38, 40, 44, 45, 47, 48, 52, 58, 61, 68, 73, 82, 83, 90, 100, 105, 109, 110, 112, 113, 120, 123, 127, 140, 143, 145, 147, 148, 149, 150, 151, 155, 162, 166, 170, 173, 175, 178, 183, 185, 186, 192, 193, 196, 199, 205, 207, 211, 213, 217, 220, 221, 227, 228, 232, 237, 240, 242, 246, 251, 262, 271, 275, 281, 282, 284, 290, 292, 295, 297, 301, 302, 306, 310]","[1, 6, 8, 10, 11, 13, 14, 16, 19, 21, 28, 32, 35, 39, 41, 43, 45, 48, 49, 53, 59, 62, 69, 71, 74, 83, 84, 89, 90, 95, 101, 102, 105, 109, 111, 113, 114, 121, 123, 128, 140, 144, 147, 151, 152, 156, 159, 163, 171, 174, 176, 179, 183, 187, 190, 195, 196, 198, 200, 206, 208, 212, 214, 216, 218, 220, 222, 228, 229, 238, 241, 247, 248, 260, 263, 276, 283, 288, 291, 293, 299, 301, 306, 309]",84,84,True
59,0.8720645904541016,"[7, 9, 12, 13, 15, 20, 24, 28, 31, 34, 38, 40, 44, 45, 47, 48, 52, 58, 61, 68, 70, 73, 82, 83, 90, 100, 105, 109, 110, 114, 117, 120, 123, 127, 139, 143, 145, 146, 148, 150, 151, 155, 162, 166, 169, 173, 175, 178, 183, 185, 186, 192, 193, 196, 199, 205, 207, 211, 213, 216, 220, 222, 227, 228, 232, 237, 239, 242, 246, 247, 252, 262, 275, 281, 282, 284, 290, 292, 295, 297, 301, 302, 306, 310]","[1, 6, 8, 10, 11, 13, 14, 16, 19, 21, 28, 32, 35, 39, 41, 43, 45, 48, 49, 53, 59, 62, 69, 71, 74, 83, 84, 89, 90, 95, 101, 102, 105, 109, 111, 113, 114, 121, 123, 128, 140, 144, 147, 151, 152, 156, 159, 163, 171, 174, 176, 179, 183, 187, 190, 195, 196, 198, 200, 206, 208, 212, 214, 216, 218, 220, 222, 228, 229, 238, 241, 247, 248, 260, 263, 276, 283, 288, 291, 293, 299, 301, 306, 309]",84,84,True
60,0.8449902534484863,"[7, 9, 10, 12, 13, 15, 20, 24, 27, 31, 34, 38, 40, 44, 45, 47, 48, 52, 58, 61, 68, 70, 73, 82, 83, 90, 101, 105, 109, 110, 114, 117, 120, 127, 140, 143, 145, 147, 148, 150, 151, 155, 162, 166, 170, 173, 175, 178, 183, 185, 186, 192, 193, 196, 199, 205, 207, 211, 213, 214, 216, 222, 227, 228, 235, 237, 239, 243, 245, 252, 259, 262, 269, 275, 282, 284, 290, 292, 295, 297, 300, 302, 305, 308]","[1, 6, 8, 10, 11, 13, 14, 16, 19, 21, 28, 32, 35, 39, 41, 43, 45, 48, 49, 53, 59, 62, 69, 71, 74, 83, 84, 89, 90, 95, 101, 102, 105, 109, 111, 113, 114, 121, 123, 128, 140, 144, 147, 151, 152, 156, 159, 163, 171, 174, 176, 179, 183, 187, 190, 195, 196, 198, 200, 206, 208, 212, 214, 216, 218, 220, 222, 228, 229, 238, 241, 247, 248, 260, 263, 276, 283, 288, 291, 293, 299, 301, 306, 309]",84,84,True
61,0.9682760238647461,"[5, 6, 7, 9, 11, 12, 15, 20, 24, 28, 32, 34, 38, 40, 44, 47, 48, 52, 54, 58, 61, 64, 68, 70, 73, 75, 82, 83, 88, 89, 92, 96, 105, 107, 110, 115, 117, 120, 122, 127, 139, 143, 145, 146, 150, 155, 162, 166, 170, 173, 175, 178, 183, 186, 188, 191, 193, 196, 199, 205, 207, 211, 213, 215, 217, 219, 221, 227, 228, 237, 240, 243, 245, 262, 269, 275, 280, 286, 290, 292, 298, 300, 305, 310]","[1, 6, 8, 10, 11, 13, 14, 16, 19, 21, 28, 32, 35, 39, 41, 43, 45, 48, 49, 53, 59, 62, 69, 71, 74, 83, 84, 89, 90, 95, 101, 102, 105, 109, 111, 113, 114, 121, 123, 128, 140, 144, 147, 151, 152, 156, 159, 163, 171, 174, 176, 179, 183, 187, 190, 195, 196, 198, 200, 206, 208, 212, 214, 216, 218, 220, 222, 228, 229, 238, 241, 247, 248, 260, 263, 276, 283, 288, 291, 293, 299, 301, 306, 309]",84,84,True
62,0.9254317283630371,"[7, 10, 12, 13, 15, 16, 18, 28, 31, 34, 38, 40, 44, 45, 47, 49, 52, 58, 61, 68, 73, 82, 83, 95, 96, 104, 109, 110, 112, 113, 120, 122, 127, 128, 140, 143, 146, 149, 150, 151, 155, 158, 162, 166, 170, 173, 175, 178, 183, 185, 186, 189, 194, 196, 199, 205, 207, 211, 213, 215, 217, 219, 221, 227, 228, 236, 240, 243, 245, 258, 259, 262, 264, 269, 275, 282, 290, 292, 295, 297, 300, 302, 304, 309]","[1, 6, 8, 10, 11, 13, 14, 16, 19, 21, 28, 32, 35, 39, 41, 43, 45, 48, 49, 53, 59, 62, 69, 71, 74, 83, 84, 89, 90, 95, 101, 102, 105, 109, 111, 113, 114, 121, 123, 128, 140, 144, 147, 151, 152, 156, 159, 163, 171, 174, 176, 179, 183, 187, 190, 195, 196, 198, 200, 206, 208, 212, 214, 216, 218, 220, 222, 228, 229, 238, 241, 247, 248, 260, 263, 276, 283, 288, 291, 293, 299, 301, 306, 309]",84,84,True
63,0.8564143180847168,"[5, 7, 9, 10, 12, 13, 15, 20, 24, 28, 31, 34, 38, 40, 41, 47, 50, 52, 58, 61, 68, 70, 73, 82, 83, 88, 89, 94, 100, 101, 102, 104, 108, 110, 115, 117, 120, 131, 140, 143, 147, 150, 151, 155, 158, 162, 166, 170, 173, 175, 178, 182, 186, 189, 194, 195, 196, 199, 205, 207, 211, 213, 215, 217, 222, 227, 228, 235, 237, 240, 246, 247, 252, 259, 262, 275, 282, 287, 290, 292, 298, 299, 305, 308]","[1, 6, 8, 10, 11, 13, 14, 16, 19, 21, 28, 32, 35, 39, 41, 43, 45, 48, 49, 53, 59, 62, 69, 71, 74, 83, 84, 89, 90, 95, 101, 102, 105, 109, 111, 113, 114, 121, 123, 128, 140, 144, 147, 151, 152, 156, 159, 163, 171, 174, 176, 179, 183, 187, 190, 195, 196, 198, 200, 206, 208, 212, 214, 216, 218, 220, 222, 228, 229, 238, 241, 247, 248, 260, 263, 276, 283, 288, 291, 293, 299, 301, 306, 309]",84,84,True
64,1.649505376815796,"[5, 7, 10, 12, 13, 15, 16, 23, 28, 31, 34, 38, 40, 47, 48, 50, 52, 58, 61, 68, 70, 73, 82, 83, 88, 89, 96, 104, 108, 109, 112, 113, 120, 127, 131, 140, 143, 147, 148, 150, 151, 155, 162, 166, 170, 173, 175, 178, 182, 186, 190, 193, 196, 199, 200, 205, 207, 211, 213, 214, 216, 222, 227, 228, 235, 237, 239, 243, 245, 252, 258, 259, 262, 269, 275, 280, 282, 287, 290, 292, 298, 300, 305, 309]","[1, 6, 8, 10, 11, 13, 14, 16, 19, 21, 28, 32, 35, 39, 41, 43, 45, 48, 49, 53, 59, 62, 69, 71, 74, 83, 84, 89, 90, 95, 101, 102, 105, 109, 111, 113, 114, 121, 123, 128, 140, 144, 147, 151, 152, 156, 159, 163, 171, 174, 176, 179, 183, 187, 190, 195, 196, 198, 200, 206, 208, 212, 214, 216, 218, 220, 222, 228, 229, 238, 241, 247, 248, 260, 263, 276, 283, 288, 291, 293, 299, 301, 306, 309]",84,84,True
65,1.2038671970367432,"[5, 7, 9, 11, 12, 13, 15, 20, 24, 28, 31, 34, 38, 40, 47, 48, 52, 58, 61, 68, 70, 73, 82, 83, 88, 95, 100, 101, 105, 108, 110, 114, 117, 120, 122, 127, 131, 139, 143, 145, 146, 148, 150, 151, 155, 162, 166, 170, 173, 175, 178, 183, 186, 192, 193, 195, 198, 199, 205, 207, 211, 213, 215, 217, 219, 221, 227, 228, 237, 240, 246, 259, 262, 271, 275, 282, 287, 290, 292, 296, 298, 300, 305, 308]","[1, 6, 8, 10, 11, 13, 14, 16, 19, 21, 28, 32, 35, 39, 41, 43, 45, 48, 49, 53, 59, 62, 69, 71, 74, 83, 84, 89, 90, 95, 101, 102, 105, 109, 111, 113, 114, 121, 123, 128, 140, 144, 147, 151, 152, 156, 159, 163, 171, 174, 176, 179, 183, 187, 190, 195, 196, 198, 200, 206, 208, 212, 214, 216, 218, 220, 222, 228, 229, 238, 241, 247, 248, 260, 263, 276, 283, 288, 291, 293, 299, 301, 306, 309]",84,84,True
66,0.8965668678283691,"[7, 9, 11, 12, 13, 15, 19, 20, 21, 31, 34, 38, 40, 44, 45, 47, 48, 52, 61, 68, 70, 71, 73, 82, 83, 84, 88, 90, 101, 105, 109, 110, 115, 117, 120, 127, 129, 137, 143, 145, 148, 150, 151, 155, 162, 166, 170, 173, 178, 179, 183, 185, 186, 192, 193, 196, 199, 205, 207, 211, 213, 215, 217, 219, 221, 227, 228, 235, 237, 240, 243, 245, 259, 262, 269, 275, 282, 284, 292, 295, 300, 303, 305, 308]","[1, 6, 8, 10, 11, 13, 14, 16, 19, 21, 28, 32, 35, 39, 41, 43, 45, 48, 49, 53, 59, 62, 69, 71, 74, 83, 84, 89, 90, 95, 101, 102, 105, 109, 111, 113, 114, 121, 123, 128, 140, 144, 147, 151, 152, 156, 159, 163, 171, 174, 176, 179, 183, 187, 190, 195, 196, 198, 200, 206, 208, 212, 214, 216, 218, 220, 222, 228, 229, 238, 241, 247, 248, 260, 263, 276, 283, 288, 291, 293, 299, 301, 306, 309]",84,84,True
67,0.7839210033416748,"[5, 7, 10, 12, 13, 15, 17, 18, 22, 24, 28, 31, 34, 38, 40, 47, 48, 52, 58, 61, 68, 73, 82, 83, 88, 89, 94, 100, 101, 105, 108, 110, 112, 113, 120, 127, 131, 140, 143, 145, 148, 149, 150, 151, 155, 162, 166, 170, 173, 175, 178, 183, 186, 192, 193, 195, 198, 200, 205, 207, 211, 213, 215, 217, 222, 227, 228, 235, 237, 240, 246, 247, 252, 259, 262, 275, 282, 287, 290, 292, 298, 299, 305, 308]","[1, 6, 8, 10, 11, 13, 14, 16, 19, 21, 28, 32, 35, 39, 41, 43, 45, 48, 49, 53, 59, 62, 69, 71, 74, 83, 84, 89, 90, 95, 101, 102, 105, 109, 111, 113, 114, 121, 123, 128, 140, 144, 147, 151, 152, 156, 159, 163, 171, 174, 176, 179, 183, 187, 190, 195, 196, 198, 200, 206, 208, 212, 214, 216, 218, 220, 222, 228, 229, 238, 241, 247, 248, 260, 263, 276, 283, 288, 291, 293, 299, 301, 306, 309]",84,84,True
68,1.2153902053833008,"[5, 7, 9, 11, 12, 13, 15, 19, 20, 25, 27, 31, 34, 38, 40, 47, 48, 52, 58, 61, 68, 70, 71, 73, 82, 83, 88, 89, 96, 100, 105, 108, 109, 114, 117, 120, 122, 127, 131, 143, 145, 148, 150, 151, 155, 162, 166, 169, 173, 175, 178, 183, 186, 192, 193, 196, 199, 205, 207, 211, 213, 215, 217, 219, 221, 227, 228, 236, 240, 246, 247, 259, 262, 266, 275, 280, 282, 287, 290, 292, 298, 300, 305, 310]","[1, 6, 8, 10, 11, 13, 14, 16, 19, 21, 28, 32, 35, 39, 41, 43, 45, 48, 49, 53, 59, 62, 69, 71, 74, 83, 84, 89, 90, 95, 101, 102, 105, 109, 111, 113, 114, 121, 123, 128, 140, 144, 147, 151, 152, 156, 159, 163, 171, 174, 176, 179, 183, 187, 190, 195, 196, 198, 200, 206, 208, 212, 214, 216, 218, 220, 222, 228, 229, 238, 241, 247, 248, 260, 263, 276, 283, 288, 291, 293, 299, 301, 306, 309]",84,84,True
69,0.8158836364746094,"[7, 10, 12, 13, 15, 16, 23, 28, 31, 34, 38, 40, 44, 45, 47, 48, 52, 58, 61, 68, 70, 73, 82, 83, 89, 96, 97, 98, 100, 104, 109, 110, 114, 117, 120, 127, 140, 143, 145, 147, 150, 151, 155, 158, 162, 166, 170, 173, 178, 179, 183, 185, 186, 189, 194, 196, 199, 205, 207, 211, 213, 215, 218, 222, 227, 228, 235, 237, 241, 245, 252, 258, 259, 262, 269, 275, 280, 282, 290, 292, 295, 300, 303, 305]","[1, 6, 8, 10, 11, 13, 14, 16, 19, 21, 28, 32, 35, 39, 41, 43, 45, 48, 49, 53, 59, 62, 69, 71, 74, 83, 84, 89, 90, 95, 101, 102, 105, 109, 111, 113, 114, 121, 123, 128, 140, 144, 147, 151, 152, 156, 159, 163, 171, 174, 176, 179, 183, 187, 190, 195, 196, 198, 200, 206, 208, 212, 214, 216, 218, 220, 222, 228, 229, 238, 241, 247, 248, 260, 263, 276, 283, 288, 291, 293, 299, 301, 306, 309]",84,84,True
70,0.8155422210693359,"[4, 7, 10, 12, 13, 15, 18, 21, 22, 31, 35, 38, 40, 44, 45, 47, 48, 52, 58, 61, 68, 73, 82, 83, 88, 89, 96, 104, 109, 110, 112, 113, 120, 127, 140, 143, 145, 146, 149, 150, 151, 155, 162, 163, 166, 170, 175, 178, 181, 184, 186, 188, 191, 193, 196, 199, 205, 207, 211, 213, 214, 216, 222, 227, 228, 235, 237, 239, 243, 245, 252, 259, 262, 269, 275, 280, 282, 290, 292, 295, 298, 300, 305, 309]","[1, 6, 8, 10, 11, 13, 14, 16, 19, 21, 28, 32, 35, 39, 41, 43, 45, 48, 49, 53, 59, 62, 69, 71, 74, 83, 84, 89, 90, 95, 101, 102, 105, 109, 111, 113, 114, 121, 123, 128, 140, 144, 147, 151, 152, 156, 159, 163, 171, 174, 176, 179, 183, 187, 190, 195, 196, 198, 200, 206, 208, 212, 214, 216, 218, 220, 222, 228, 229, 238, 241, 247, 248, 260, 263, 276, 283, 288, 291, 293, 299, 301, 306, 309]",84,84,True
71,0.8752021789550781,"[4, 5, 6, 7, 10, 15, 21, 22, 23, 32, 35, 38, 40, 41, 43, 44, 47, 50, 52, 54, 58, 61, 64, 68, 70, 73, 76, 82, 83, 88, 89, 96, 100, 102, 105, 107, 115, 117, 120, 122, 123, 140, 143, 147, 148, 150, 155, 162, 166, 170, 173, 175, 178, 182, 186, 192, 193, 195, 197, 201, 205, 207, 211, 213, 215, 217, 219, 221, 227, 228, 237, 240, 246, 247, 259, 262, 275, 286, 290, 292, 298, 300, 305, 309]","[1, 6, 8, 10, 11, 13, 14, 16, 19, 21, 28, 32, 35, 39, 41, 43, 45, 48, 49, 53, 59, 62, 69, 71, 74, 83, 84, 89, 90, 95, 101, 102, 105, 109, 111, 113, 114, 121, 123, 128, 140, 144, 147, 151, 152, 156, 159, 163, 171, 174, 176, 179, 183, 187, 190, 195, 196, 198, 200, 206, 208, 212, 214, 216, 218, 220, 222, 228, 229, 238, 241, 247, 248, 260, 263, 276, 283, 288, 291, 293, 299, 301, 306, 309]",84,84,True
72,0.9090964794158936,"[7, 9, 10, 12, 13, 15, 19, 20, 21, 31, 34, 38, 40, 44, 45, 47, 48, 52, 61, 68, 70, 73, 75, 82, 83, 84, 88, 89, 94, 100, 101, 104, 110, 112, 113, 120, 127, 129, 137, 140, 143, 145, 150, 151, 155, 158, 162, 166, 170, 173, 175, 178, 181, 184, 186, 189, 194, 196, 199, 205, 207, 211, 213, 216, 222, 227, 228, 235, 237, 239, 242, 245, 252, 259, 262, 269, 275, 282, 292, 295, 298, 299, 305, 308]","[1, 6, 8, 10, 11, 13, 14, 16, 19, 21, 28, 32, 35, 39, 41, 43, 45, 48, 49, 53, 59, 62, 69, 71, 74, 83, 84, 89, 90, 95, 101, 102, 105, 109, 111, 113, 114, 121, 123, 128, 140, 144, 147, 151, 152, 156, 159, 163, 171, 174, 176, 179, 183, 187, 190, 195, 196, 198, 200, 206, 208, 212, 214, 216, 218, 220, 222, 228, 229, 238, 241, 247, 248, 260, 263, 276, 283, 288, 291, 293, 299, 301, 306, 309]",84,84,True
73,0.8390016555786133,"[5, 7, 9, 10, 12, 13, 15, 20, 24, 28, 31, 34, 38, 40, 47, 48, 52, 58, 61, 68, 70, 73, 82, 83, 88, 89, 96, 100, 104, 108, 109, 115, 117, 120, 122, 127, 131, 139, 143, 145, 146, 150, 151, 155, 158, 162, 166, 170, 173, 175, 178, 183, 186, 190, 194, 196, 199, 200, 205, 207, 211, 213, 215, 217, 219, 221, 227, 228, 237, 240, 245, 259, 262, 269, 275, 280, 282, 287, 290, 292, 298, 300, 305, 310]","[1, 6, 8, 10, 11, 13, 14, 16, 19, 21, 28, 32, 35, 39, 41, 43, 45, 48, 49, 53, 59, 62, 69, 71, 74, 83, 84, 89, 90, 95, 101, 102, 105, 109, 111, 113, 114, 121, 123, 128, 140, 144, 147, 151, 152, 156, 159, 163, 171, 174, 176, 179, 183, 187, 190, 195, 196, 198, 200, 206, 208, 212, 214, 216, 218, 220, 222, 228, 229, 238, 241, 247, 248, 260, 263, 276, 283, 288, 291, 293, 299, 301, 306, 309]",84,84,True
74,0.8179538249969482,"[5, 6, 7, 11, 12, 13, 15, 16, 23, 28, 34, 38, 40, 44, 47, 48, 53, 54, 58, 61, 63, 68, 70, 73, 75, 82, 83, 88, 89, 96, 100, 105, 107, 110, 113, 117, 122, 127, 130, 140, 143, 145, 147, 148, 150, 155, 162, 166, 173, 175, 178, 183, 186, 192, 193, 196, 199, 205, 207, 211, 213, 215, 217, 219, 221, 227, 228, 231, 237, 240, 246, 247, 258, 259, 262, 264, 275, 286, 290, 292, 298, 300, 305, 309]","[1, 6, 8, 10, 11, 13, 14, 16, 19, 21, 28, 32, 35, 39, 41, 43, 45, 48, 49, 53, 59, 62, 69, 71, 74, 83, 84, 89, 90, 95, 101, 102, 105, 109, 111, 113, 114, 121, 123, 128, 140, 144, 147, 151, 152, 156, 159, 163, 171, 174, 176, 179, 183, 187, 190, 195, 196, 198, 200, 206, 208, 212, 214, 216, 218, 220, 222, 228, 229, 238, 241, 247, 248, 260, 263, 276, 283, 288, 291, 293, 299, 301, 306, 309]",84,84,True
75,0.8421115875244141,"[5, 7, 9, 10, 12, 13, 15, 19, 20, 21, 27, 31, 34, 38, 40, 47, 48, 52, 58, 61, 68, 70, 73, 82, 83, 88, 89, 96, 100, 104, 108, 110, 115, 117, 120, 122, 127, 131, 140, 143, 145, 148, 150, 151, 155, 162, 166, 170, 173, 175, 178, 183, 186, 192, 193, 196, 199, 205, 207, 211, 213, 215, 217, 219, 221, 227, 228, 237, 240, 246, 259, 262, 265, 275, 279, 280, 282, 287, 290, 292, 298, 300, 305, 310]","[1, 6, 8, 10, 11, 13, 14, 16, 19, 21, 28, 32, 35, 39, 41, 43, 45, 48, 49, 53, 59, 62, 69, 71, 74, 83, 84, 89, 90, 95, 101, 102, 105, 109, 111, 113, 114, 121, 123, 128, 140, 144, 147, 151, 152, 156, 159, 163, 171, 174, 176, 179, 183, 187, 190, 195, 196, 198, 200, 206, 208, 212, 214, 216, 218, 220, 222, 228, 229, 238, 241, 247, 248, 260, 263, 276, 283, 288, 291, 293, 299, 301, 306, 309]",84,84,True
76,0.9899768829345703,"[5, 7, 9, 11, 12, 13, 15, 19, 20, 21, 31, 34, 38, 40, 47, 48, 52, 61, 68, 71, 73, 82, 83, 84, 88, 89, 96, 100, 105, 108, 110, 112, 113, 120, 122, 127, 129, 131, 143, 145, 148, 149, 150, 151, 155, 162, 166, 170, 173, 175, 178, 183, 186, 192, 193, 195, 198, 200, 205, 207, 211, 213, 215, 217, 219, 221, 227, 228, 237, 240, 246, 259, 262, 275, 279, 280, 282, 287, 290, 292, 298, 300, 305, 310]","[1, 6, 8, 10, 11, 13, 14, 16, 19, 21, 28, 32, 35, 39, 41, 43, 45, 48, 49, 53, 59, 62, 69, 71, 74, 83, 84, 89, 90, 95, 101, 102, 105, 109, 111, 113, 114, 121, 123, 128, 140, 144, 147, 151, 152, 156, 159, 163, 171, 174, 176, 179, 183, 187, 190, 195, 196, 198, 200, 206, 208, 212, 214, 216, 218, 220, 222, 228, 229, 238, 241, 247, 248, 260, 263, 276, 283, 288, 291, 293, 299, 301, 306, 309]",84,84,True
77,0.8068416118621826,"[4, 7, 10, 12, 13, 15, 19, 20, 21, 22, 31, 35, 38, 40, 44, 45, 47, 48, 52, 58, 61, 63, 68, 70, 73, 82, 83, 88, 89, 94, 100, 101, 105, 109, 110, 114, 117, 127, 140, 143, 145, 148, 150, 151, 155, 162, 166, 170, 173, 175, 178, 183, 185, 186, 192, 193, 196, 199, 205, 207, 211, 213, 215, 217, 221, 227, 228, 235, 237, 240, 245, 252, 259, 262, 269, 275, 282, 290, 292, 295, 299, 303, 305, 308]","[1, 6, 8, 10, 11, 13, 14, 16, 19, 21, 28, 32, 35, 39, 41, 43, 45, 48, 49, 53, 59, 62, 69, 71, 74, 83, 84, 89, 90, 95, 101, 102, 105, 109, 111, 113, 114, 121, 123, 128, 140, 144, 147, 151, 152, 156, 159, 163, 171, 174, 176, 179, 183, 187, 190, 195, 196, 198, 200, 206, 208, 212, 214, 216, 218, 220, 222, 228, 229, 238, 241, 247, 248, 260, 263, 276, 283, 288, 291, 293, 299, 301, 306, 309]",84,84,True
78,0.8425440788269043,"[6, 7, 10, 12, 13, 15, 16, 23, 28, 31, 34, 38, 40, 44, 45, 47, 48, 52, 58, 61, 68, 70, 73, 75, 82, 83, 89, 94, 98, 100, 104, 110, 115, 117, 120, 127, 138, 140, 143, 145, 147, 150, 155, 158, 162, 166, 170, 173, 175, 178, 183, 186, 189, 194, 196, 199, 205, 207, 211, 213, 218, 222, 227, 228, 235, 237, 241, 246, 250, 252, 258, 259, 262, 264, 271, 275, 282, 290, 292, 295, 299, 302, 305, 308]","[1, 6, 8, 10, 11, 13, 14, 16, 19, 21, 28, 32, 35, 39, 41, 43, 45, 48, 49, 53, 59, 62, 69, 71, 74, 83, 84, 89, 90, 95, 101, 102, 105, 109, 111, 113, 114, 121, 123, 128, 140, 144, 147, 151, 152, 156, 159, 163, 171, 174, 176, 179, 183, 187, 190, 195, 196, 198, 200, 206, 208, 212, 214, 216, 218, 220, 222, 228, 229, 238, 241, 247, 248, 260, 263, 276, 283, 288, 291, 293, 299, 301, 306, 309]",84,84,True
79,0.895505428314209,"[5, 7, 9, 10, 12, 13, 15, 20, 24, 28, 31, 34, 38, 40, 44, 47, 48, 50, 52, 58, 61, 68, 70, 73, 82, 83, 88, 89, 94, 100, 101, 105, 108, 110, 114, 117, 120, 127, 140, 143, 147, 148, 150, 151, 155, 162, 166, 170, 173, 175, 178, 183, 186, 192, 193, 195, 198, 201, 205, 207, 211, 213, 215, 216, 222, 227, 228, 235, 237, 239, 246, 252, 259, 262, 275, 279, 282, 287, 290, 292, 298, 299, 305, 308]","[1, 6, 8, 10, 11, 13, 14, 16, 19, 21, 28, 32, 35, 39, 41, 43, 45, 48, 49, 53, 59, 62, 69, 71, 74, 83, 84, 89, 90, 95, 101, 102, 105, 109, 111, 113, 114, 121, 123, 128, 140, 144, 147, 151, 152, 156, 159, 163, 171, 174, 176, 179, 183, 187, 190, 195, 196, 198, 200, 206, 208, 212, 214, 216, 218, 220, 222, 228, 229, 238, 241, 247, 248, 260, 263, 276, 283, 288, 291, 293, 299, 301, 306, 309]",84,84,True
80,0.9352374076843262,"[7, 9, 10, 12, 13, 15, 19, 20, 21, 31, 34, 38, 40, 44, 45, 47, 48, 52, 61, 68, 73, 75, 82, 83, 84, 88, 89, 94, 100, 101, 104, 110, 112, 113, 120, 127, 129, 137, 140, 143, 145, 149, 150, 151, 155, 158, 162, 166, 170, 173, 175, 178, 181, 184, 186, 189, 194, 196, 199, 205, 207, 211, 213, 216, 222, 227, 228, 235, 237, 239, 242, 245, 252, 259, 262, 269, 275, 282, 292, 295, 298, 299, 305, 308]","[1, 6, 8, 10, 11, 13, 14, 16, 19, 21, 28, 32, 35, 39, 41, 43, 45, 48, 49, 53, 59, 62, 69, 71, 74, 83, 84, 89, 90, 95, 101, 102, 105, 109, 111, 113, 114, 121, 123, 128, 140, 144, 147, 151, 152, 156, 159, 163, 171, 174, 176, 179, 183, 187, 190, 195, 196, 198, 200, 206, 208, 212, 214, 216, 218, 220, 222, 228, 229, 238, 241, 247, 248, 260, 263, 276, 283, 288, 291, 293, 299, 301, 306, 309]",84,84,True
81,1.1882987022399902,"[7, 9, 10, 12, 13, 15, 19, 20, 21, 31, 34, 38, 40, 47, 48, 52, 61, 68, 71, 73, 75, 82, 83, 84, 86, 90, 105, 110, 112, 113, 120, 123, 127, 129, 131, 137, 143, 145, 148, 149, 150, 155, 162, 166, 170, 173, 175, 178, 183, 185, 186, 192, 193, 196, 199, 205, 207, 211, 213, 214, 216, 222, 227, 228, 235, 237, 239, 243, 245, 252, 262, 269, 275, 281, 282, 284, 288, 292, 295, 297, 301, 302, 306, 310]","[1, 6, 8, 10, 11, 13, 14, 16, 19, 21, 28, 32, 35, 39, 41, 43, 45, 48, 49, 53, 59, 62, 69, 71, 74, 83, 84, 89, 90, 95, 101, 102, 105, 109, 111, 113, 114, 121, 123, 128, 140, 144, 147, 151, 152, 156, 159, 163, 171, 174, 176, 179, 183, 187, 190, 195, 196, 198, 200, 206, 208, 212, 214, 216, 218, 220, 222, 228, 229, 238, 241, 247, 248, 260, 263, 276, 283, 288, 291, 293, 299, 301, 306, 309]",84,84,True
82,0.9682624340057373,"[4, 5, 7, 11, 12, 13, 15, 18, 21, 22, 31, 35, 38, 40, 47, 49, 52, 58, 61, 68, 70, 73, 82, 83, 88, 89, 96, 101, 105, 108, 114, 117, 120, 122, 127, 128, 131, 140, 143, 146, 148, 150, 151, 155, 162, 166, 170, 173, 175, 178, 183, 186, 192, 193, 197, 199, 205, 207, 211, 213, 215, 217, 219, 221, 227, 228, 237, 240, 243, 245, 259, 262, 265, 266, 269, 275, 282, 287, 290, 292, 298, 300, 305, 308]","[1, 6, 8, 10, 11, 13, 14, 16, 19, 21, 28, 32, 35, 39, 41, 43, 45, 48, 49, 53, 59, 62, 69, 71, 74, 83, 84, 89, 90, 95, 101, 102, 105, 109, 111, 113, 114, 121, 123, 128, 140, 144, 147, 151, 152, 156, 159, 163, 171, 174, 176, 179, 183, 187, 190, 195, 196, 198, 200, 206, 208, 212, 214, 216, 218, 220, 222, 228, 229, 238, 241, 247, 248, 260, 263, 276, 283, 288, 291, 293, 299, 301, 306, 309]",84,84,True
83,0.779402494430542,"[5, 7, 9, 11, 12, 13, 15, 19, 20, 27, 31, 34, 38, 40, 44, 47, 48, 52, 58, 61, 68, 73, 82, 83, 88, 89, 96, 105, 108, 109, 112, 113, 120, 122, 127, 140, 143, 145, 147, 149, 150, 151, 155, 162, 166, 170, 173, 175, 178, 183, 186, 188, 191, 193, 195, 197, 199, 205, 207, 211, 213, 215, 217, 219, 221, 227, 228, 237, 240, 243, 245, 259, 262, 269, 275, 280, 282, 287, 290, 292, 298, 300, 305, 310]","[1, 6, 8, 10, 11, 13, 14, 16, 19, 21, 28, 32, 35, 39, 41, 43, 45, 48, 49, 53, 59, 62, 69, 71, 74, 83, 84, 89, 90, 95, 101, 102, 105, 109, 111, 113, 114, 121, 123, 128, 140, 144, 147, 151, 152, 156, 159, 163, 171, 174, 176, 179, 183, 187, 190, 195, 196, 198, 200, 206, 208, 212, 214, 216, 218, 220, 222, 228, 229, 238, 241, 247, 248, 260, 263, 276, 283, 288, 291, 293, 299, 301, 306, 309]",84,84,True
84,1.672450304031372,"[5, 7, 9, 10, 12, 13, 15, 20, 24, 28, 31, 34, 38, 40, 44, 47, 48, 49, 52, 58, 61, 68, 70, 73, 75, 82, 83, 88, 89, 96, 105, 110, 114, 117, 120, 122, 127, 139, 143, 145, 148, 150, 151, 155, 162, 166, 170, 173, 175, 178, 183, 186, 192, 193, 196, 199, 205, 207, 211, 213, 215, 217, 219, 221, 227, 228, 237, 240, 243, 245, 259, 262, 264, 269, 275, 282, 287, 290, 292, 295, 298, 300, 305, 309]","[1, 6, 8, 10, 11, 13, 14, 16, 19, 21, 28, 32, 35, 39, 41, 43, 45, 48, 49, 53, 59, 62, 69, 71, 74, 83, 84, 89, 90, 95, 101, 102, 105, 109, 111, 113, 114, 121, 123, 128, 140, 144, 147, 151, 152, 156, 159, 163, 171, 174, 176, 179, 183, 187, 190, 195, 196, 198, 200, 206, 208, 212, 214, 216, 218, 220, 222, 228, 229, 238, 241, 247, 248, 260, 263, 276, 283, 288, 291, 293, 299, 301, 306, 309]",84,84,True
85,0.8872628211975098,"[5, 6, 7, 9, 11, 12, 13, 15, 20, 24, 28, 34, 38, 40, 44, 47, 48, 53, 54, 58, 61, 68, 70, 73, 75, 82, 83, 88, 89, 92, 96, 100, 104, 107, 110, 113, 117, 120, 122, 127, 140, 143, 145, 147, 150, 155, 156, 162, 166, 170, 173, 175, 178, 183, 186, 190, 192, 196, 199, 205, 207, 211, 213, 215, 217, 219, 221, 227, 228, 231, 237, 240, 246, 247, 262, 275, 280, 286, 290, 292, 298, 300, 305, 310]","[1, 6, 8, 10, 11, 13, 14, 16, 19, 21, 28, 32, 35, 39, 41, 43, 45, 48, 49, 53, 59, 62, 69, 71, 74, 83, 84, 89, 90, 95, 101, 102, 105, 109, 111, 113, 114, 121, 123, 128, 140, 144, 147, 151, 152, 156, 159, 163, 171, 174, 176, 179, 183, 187, 190, 195, 196, 198, 200, 206, 208, 212, 214, 216, 218, 220, 222, 228, 229, 238, 241, 247, 248, 260, 263, 276, 283, 288, 291, 293, 299, 301, 306, 309]",84,84,True
86,1.3247196674346924,"[7, 9, 11, 12, 13, 15, 17, 23, 27, 31, 34, 38, 40, 44, 45, 47, 48, 50, 52, 58, 61, 68, 70, 73, 82, 83, 95, 96, 100, 105, 109, 110, 113, 117, 120, 122, 127, 140, 143, 147, 148, 150, 151, 155, 162, 166, 170, 173, 175, 178, 183, 185, 186, 192, 193, 196, 199, 205, 207, 211, 213, 215, 217, 219, 221, 227, 228, 237, 240, 246, 247, 259, 262, 275, 280, 282, 290, 292, 295, 297, 300, 302, 305, 309]","[1, 6, 8, 10, 11, 13, 14, 16, 19, 21, 28, 32, 35, 39, 41, 43, 45, 48, 49, 53, 59, 62, 69, 71, 74, 83, 84, 89, 90, 95, 101, 102, 105, 109, 111, 113, 114, 121, 123, 128, 140, 144, 147, 151, 152, 156, 159, 163, 171, 174, 176, 179, 183, 187, 190, 195, 196, 198, 200, 206, 208, 212, 214, 216, 218, 220, 222, 228, 229, 238, 241, 247, 248, 260, 263, 276, 283, 288, 291, 293, 299, 301, 306, 309]",84,84,True
87,1.0419063568115234,"[5, 6, 7, 9, 10, 12, 15, 19, 20, 21, 32, 34, 38, 40, 44, 47, 48, 52, 54, 61, 64, 68, 70, 73, 76, 82, 83, 84, 88, 89, 96, 105, 107, 115, 117, 120, 123, 127, 129, 140, 143, 145, 148, 150, 155, 162, 166, 170, 173, 175, 178, 183, 186, 192, 193, 195, 196, 199, 205, 207, 211, 213, 214, 216, 222, 227, 228, 235, 237, 239, 243, 245, 252, 259, 262, 269, 275, 286, 290, 292, 298, 300, 305, 309]","[1, 6, 8, 10, 11, 13, 14, 16, 19, 21, 28, 32, 35, 39, 41, 43, 45, 48, 49, 53, 59, 62, 69, 71, 74, 83, 84, 89, 90, 95, 101, 102, 105, 109, 111, 113, 114, 121, 123, 128, 140, 144, 147, 151, 152, 156, 159, 163, 171, 174, 176, 179, 183, 187, 190, 195, 196, 198, 200, 206, 208, 212, 214, 216, 218, 220, 222, 228, 229, 238, 241, 247, 248, 260, 263, 276, 283, 288, 291, 293, 299, 301, 306, 309]",84,84,True
88,1.98490571975708,"[5, 7, 11, 12, 13, 15, 16, 18, 28, 31, 34, 38, 40, 47, 48, 52, 58, 61, 68, 70, 73, 82, 83, 88, 95, 101, 105, 108, 110, 115, 117, 120, 122, 127, 131, 140, 143, 145, 146, 148, 150, 151, 155, 162, 166, 170, 173, 175, 178, 182, 186, 192, 193, 197, 199, 205, 207, 211, 213, 215, 217, 219, 221, 227, 228, 237, 240, 243, 245, 258, 259, 262, 265, 269, 275, 282, 287, 290, 292, 296, 298, 300, 305, 308]","[1, 6, 8, 10, 11, 13, 14, 16, 19, 21, 28, 32, 35, 39, 41, 43, 45, 48, 49, 53, 59, 62, 69, 71, 74, 83, 84, 89, 90, 95, 101, 102, 105, 109, 111, 113, 114, 121, 123, 128, 140, 144, 147, 151, 152, 156, 159, 163, 171, 174, 176, 179, 183, 187, 190, 195, 196, 198, 200, 206, 208, 212, 214, 216, 218, 220, 222, 228, 229, 238, 241, 247, 248, 260, 263, 276, 283, 288, 291, 293, 299, 301, 306, 309]",84,84,True
89,0.877389669418335,"[7, 10, 12, 13, 15, 16, 18, 28, 31, 34, 38, 40, 44, 45, 47, 48, 52, 58, 61, 68, 70, 73, 82, 83, 88, 89, 94, 101, 105, 109, 110, 114, 117, 120, 127, 140, 143, 145, 146, 148, 150, 151, 155, 162, 166, 170, 173, 178, 179, 181, 184, 186, 192, 193, 196, 199, 205, 207, 211, 213, 215, 216, 222, 227, 228, 235, 237, 239, 243, 245, 252, 258, 259, 262, 269, 275, 282, 290, 292, 295, 298, 299, 305, 308]","[1, 6, 8, 10, 11, 13, 14, 16, 19, 21, 28, 32, 35, 39, 41, 43, 45, 48, 49, 53, 59, 62, 69, 71, 74, 83, 84, 89, 90, 95, 101, 102, 105, 109, 111, 113, 114, 121, 123, 128, 140, 144, 147, 151, 152, 156, 159, 163, 171, 174, 176, 179, 183, 187, 190, 195, 196, 198, 200, 206, 208, 212, 214, 216, 218, 220, 222, 228, 229, 238, 241, 247, 248, 260, 263, 276, 283, 288, 291, 293, 299, 301, 306, 309]",84,84,True
90,1.2128357887268066,"[7, 11, 12, 13, 15, 16, 23, 28, 31, 34, 38, 40, 44, 45, 47, 48, 52, 58, 61, 63, 68, 70, 73, 82, 83, 88, 89, 96, 101, 105, 109, 110, 113, 117, 122, 127, 140, 143, 145, 147, 148, 150, 151, 155, 162, 163, 166, 170, 175, 178, 183, 185, 186, 192, 193, 196, 199, 205, 207, 211, 213, 215, 217, 219, 221, 227, 228, 237, 240, 243, 245, 258, 259, 262, 269, 275, 282, 290, 292, 295, 300, 303, 305, 309]","[1, 6, 8, 10, 11, 13, 14, 16, 19, 21, 28, 32, 35, 39, 41, 43, 45, 48, 49, 53, 59, 62, 69, 71, 74, 83, 84, 89, 90, 95, 101, 102, 105, 109, 111, 113, 114, 121, 123, 128, 140, 144, 147, 151, 152, 156, 159, 163, 171, 174, 176, 179, 183, 187, 190, 195, 196, 198, 200, 206, 208, 212, 214, 216, 218, 220, 222, 228, 229, 238, 241, 247, 248, 260, 263, 276, 283, 288, 291, 293, 299, 301, 306, 309]",84,84,True
91,0.8388869762420654,"[7, 9, 10, 12, 13, 15, 20, 24, 28, 31, 34, 38, 40, 44, 45, 47, 48, 52, 58, 61, 68, 70, 73, 82, 83, 88, 89, 96, 100, 104, 109, 110, 114, 117, 120, 127, 139, 140, 143, 145, 150, 151, 155, 156, 162, 166, 170, 173, 178, 179, 183, 185, 186, 190, 192, 196, 199, 205, 207, 211, 213, 218, 222, 227, 228, 235, 237, 241, 245, 250, 252, 259, 262, 269, 275, 280, 282, 290, 292, 295, 300, 303, 305, 309]","[1, 6, 8, 10, 11, 13, 14, 16, 19, 21, 28, 32, 35, 39, 41, 43, 45, 48, 49, 53, 59, 62, 69, 71, 74, 83, 84, 89, 90, 95, 101, 102, 105, 109, 111, 113, 114, 121, 123, 128, 140, 144, 147, 151, 152, 156, 159, 163, 171, 174, 176, 179, 183, 187, 190, 195, 196, 198, 200, 206, 208, 212, 214, 216, 218, 220, 222, 228, 229, 238, 241, 247, 248, 260, 263, 276, 283, 288, 291, 293, 299, 301, 306, 309]",84,84,True
92,0.8429203033447266,"[5, 7, 10, 12, 13, 15, 16, 18, 28, 31, 34, 38, 40, 42, 47, 49, 52, 58, 61, 68, 70, 73, 82, 83, 88, 89, 96, 105, 109, 110, 114, 117, 120, 127, 131, 140, 143, 146, 150, 151, 155, 162, 166, 170, 173, 175, 178, 183, 186, 188, 191, 193, 196, 199, 205, 207, 211, 213, 214, 216, 222, 227, 228, 235, 237, 239, 243, 245, 252, 258, 259, 262, 269, 275, 280, 282, 287, 290, 292, 295, 298, 300, 305, 309]","[1, 6, 8, 10, 11, 13, 14, 16, 19, 21, 28, 32, 35, 39, 41, 43, 45, 48, 49, 53, 59, 62, 69, 71, 74, 83, 84, 89, 90, 95, 101, 102, 105, 109, 111, 113, 114, 121, 123, 128, 140, 144, 147, 151, 152, 156, 159, 163, 171, 174, 176, 179, 183, 187, 190, 195, 196, 198, 200, 206, 208, 212, 214, 216, 218, 220, 222, 228, 229, 238, 241, 247, 248, 260, 263, 276, 283, 288, 291, 293, 299, 301, 306, 309]",84,84,True
93,0.9546313285827637,"[7, 10, 12, 13, 15, 16, 18, 28, 31, 34, 38, 40, 44, 45, 47, 48, 52, 58, 61, 68, 70, 73, 82, 83, 88, 90, 101, 105, 109, 110, 115, 117, 120, 127, 140, 143, 145, 146, 148, 150, 151, 155, 162, 166, 170, 173, 178, 179, 183, 185, 186, 192, 193, 196, 199, 205, 207, 211, 213, 215, 217, 219, 221, 227, 228, 235, 237, 240, 243, 245, 258, 259, 262, 269, 275, 282, 284, 290, 292, 295, 300, 303, 305, 308]","[1, 6, 8, 10, 11, 13, 14, 16, 19, 21, 28, 32, 35, 39, 41, 43, 45, 48, 49, 53, 59, 62, 69, 71, 74, 83, 84, 89, 90, 95, 101, 102, 105, 109, 111, 113, 114, 121, 123, 128, 140, 144, 147, 151, 152, 156, 159, 163, 171, 174, 176, 179, 183, 187, 190, 195, 196, 198, 200, 206, 208, 212, 214, 216, 218, 220, 222, 228, 229, 238, 241, 247, 248, 260, 263, 276, 283, 288, 291, 293, 299, 301, 306, 309]",84,84,True
94,1.423882007598877,"[5, 6, 7, 9, 11, 12, 15, 20, 24, 28, 32, 34, 38, 40, 44, 47, 48, 51, 58, 61, 64, 68, 70, 73, 76, 82, 83, 88, 89, 96, 100, 105, 107, 114, 117, 120, 122, 123, 127, 139, 140, 143, 145, 148, 150, 155, 162, 166, 170, 173, 175, 178, 183, 186, 192, 193, 195, 196, 199, 205, 207, 211, 213, 215, 217, 219, 221, 227, 228, 237, 240, 246, 259, 262, 271, 275, 286, 290, 292, 293, 298, 300, 305, 309]","[1, 6, 8, 10, 11, 13, 14, 16, 19, 21, 28, 32, 35, 39, 41, 43, 45, 48, 49, 53, 59, 62, 69, 71, 74, 83, 84, 89, 90, 95, 101, 102, 105, 109, 111, 113, 114, 121, 123, 128, 140, 144, 147, 151, 152, 156, 159, 163, 171, 174, 176, 179, 183, 187, 190, 195, 196, 198, 200, 206, 208, 212, 214, 216, 218, 220, 222, 228, 229, 238, 241, 247, 248, 260, 263, 276, 283, 288, 291, 293, 299, 301, 306, 309]",84,84,True
95,0.9559342861175537,"[7, 12, 13, 15, 16, 18, 28, 31, 34, 38, 40, 42, 44, 45, 47, 48, 52, 58, 61, 68, 70, 73, 82, 83, 90, 100, 109, 110, 113, 117, 120, 123, 127, 140, 143, 146, 148, 150, 151, 155, 157, 162, 166, 170, 173, 175, 178, 183, 185, 186, 192, 193, 196, 199, 205, 207, 211, 213, 215, 217, 219, 220, 221, 227, 228, 234, 237, 240, 246, 258, 262, 269, 275, 281, 282, 284, 290, 292, 295, 297, 301, 302, 306, 310]","[1, 6, 8, 10, 11, 13, 14, 16, 19, 21, 28, 32, 35, 39, 41, 43, 45, 48, 49, 53, 59, 62, 69, 71, 74, 83, 84, 89, 90, 95, 101, 102, 105, 109, 111, 113, 114, 121, 123, 128, 140, 144, 147, 151, 152, 156, 159, 163, 171, 174, 176, 179, 183, 187, 190, 195, 196, 198, 200, 206, 208, 212, 214, 216, 218, 220, 222, 228, 229, 238, 241, 247, 248, 260, 263, 276, 283, 288, 291, 293, 299, 301, 306, 309]",84,84,True
96,0.9321291446685791,"[7, 9, 10, 12, 13, 15, 19, 20, 21, 31, 34, 38, 40, 44, 45, 47, 48, 52, 61, 68, 70, 73, 82, 83, 84, 90, 100, 105, 109, 110, 112, 113, 120, 123, 127, 129, 140, 143, 145, 148, 150, 151, 155, 162, 166, 170, 173, 175, 178, 183, 185, 186, 192, 193, 196, 199, 205, 207, 211, 213, 215, 218, 222, 227, 228, 235, 237, 241, 246, 247, 252, 262, 275, 281, 282, 284, 290, 292, 295, 297, 301, 302, 306, 310]","[1, 6, 8, 10, 11, 13, 14, 16, 19, 21, 28, 32, 35, 39, 41, 43, 45, 48, 49, 53, 59, 62, 69, 71, 74, 83, 84, 89, 90, 95, 101, 102, 105, 109, 111, 113, 114, 121, 123, 128, 140, 144, 147, 151, 152, 156, 159, 163, 171, 174, 176, 179, 183, 187, 190, 195, 196, 198, 200, 206, 208, 212, 214, 216, 218, 220, 222, 228, 229, 238, 241, 247, 248, 260, 263, 276, 283, 288, 291, 293, 299, 301, 306, 309]",84,84,True
97,0.8799691200256348,"[7, 12, 13, 15, 16, 18, 19, 28, 31, 34, 38, 40, 44, 45, 47, 48, 52, 58, 61, 63, 68, 70, 71, 73, 75, 82, 83, 90, 100, 105, 110, 115, 117, 123, 127, 143, 145, 148, 150, 151, 155, 162, 163, 166, 170, 175, 178, 183, 185, 186, 192, 193, 196, 199, 205, 207, 211, 213, 217, 220, 221, 227, 228, 232, 237, 240, 242, 246, 251, 258, 262, 269, 275, 281, 282, 284, 290, 292, 295, 297, 301, 302, 306, 310]","[1, 6, 8, 10, 11, 13, 14, 16, 19, 21, 28, 32, 35, 39, 41, 43, 45, 48, 49, 53, 59, 62, 69, 71, 74, 83, 84, 89, 90, 95, 101, 102, 105, 109, 111, 113, 114, 121, 123, 128, 140, 144, 147, 151, 152, 156, 159, 163, 171, 174, 176, 179, 183, 187, 190, 195, 196, 198, 200, 206, 208, 212, 214, 216, 218, 220, 222, 228, 229, 238, 241, 247, 248, 260, 263, 276, 283, 288, 291, 293, 299, 301, 306, 309]",84,84,True
98,0.8258481025695801,"[5, 7, 11, 12, 13, 15, 16, 23, 28, 31, 34, 38, 40, 47, 48, 52, 58, 61, 68, 70, 73, 82, 83, 88, 89, 94, 100, 101, 105, 108, 110, 113, 117, 120, 127, 131, 140, 143, 145, 147, 148, 150, 151, 155, 162, 166, 170, 173, 175, 178, 183, 186, 192, 193, 195, 198, 199, 205, 207, 211, 213, 215, 217, 219, 221, 227, 228, 235, 237, 240, 246, 247, 258, 259, 262, 275, 282, 287, 290, 292, 298, 299, 305, 308]","[1, 6, 8, 10, 11, 13, 14, 16, 19, 21, 28, 32, 35, 39, 41, 43, 45, 48, 49, 53, 59, 62, 69, 71, 74, 83, 84, 89, 90, 95, 101, 102, 105, 109, 111, 113, 114, 121, 123, 128, 140, 144, 147, 151, 152, 156, 159, 163, 171, 174, 176, 179, 183, 187, 190, 195, 196, 198, 200, 206, 208, 212, 214, 216, 218, 220, 222, 228, 229, 238, 241, 247, 248, 260, 263, 276, 283, 288, 291, 293, 299, 301, 306, 309]",84,84,True
99,1.2926113605499268,"[7, 12, 13, 15, 16, 18, 28, 31, 34, 38, 40, 44, 45, 47, 48, 52, 58, 61, 68, 70, 73, 82, 83, 90, 100, 105, 106, 109, 110, 114, 117, 120, 123, 127, 140, 143, 145, 146, 148, 150, 151, 155, 162, 166, 170, 173, 175, 178, 183, 185, 186, 192, 193, 196, 199, 205, 207, 211, 213, 220, 225, 227, 228, 232, 237, 239, 242, 246, 247, 250, 258, 262, 275, 281, 282, 284, 290, 292, 295, 297, 301, 302, 306, 310]","[1, 6, 8, 10, 11, 13, 14, 16, 19, 21, 28, 32, 35, 39, 41, 43, 45, 48, 49, 53, 59, 62, 69, 71, 74, 83, 84, 89, 90, 95, 101, 102, 105, 109, 111, 113, 114, 121, 123, 128, 140, 144, 147, 151, 152, 156, 159, 163, 171, 174, 176, 179, 183, 187, 190, 195, 196, 198, 200, 206, 208, 212, 214, 216, 218, 220, 222, 228, 229, 238, 241, 247, 248, 260, 263, 276, 283, 288, 291, 293, 299, 301, 306, 309]",84,84,True
100,0.8549466133117676,"[4, 5, 7, 11, 12, 13, 15, 21, 22, 23, 31, 35, 38, 40, 47, 48, 52, 58, 61, 68, 70, 73, 82, 83, 88, 89, 94, 100, 101, 105, 109, 110, 115, 117, 120, 127, 131, 140, 143, 145, 147, 148, 150, 151, 155, 162, 166, 170, 173, 175, 178, 183, 186, 192, 193, 196, 199, 205, 207, 211, 213, 215, 217, 219, 221, 227, 228, 235, 237, 240, 246, 259, 262, 271, 275, 282, 287, 290, 292, 295, 298, 299, 305, 308]","[1, 6, 8, 10, 11, 13, 14, 16, 19, 21, 28, 32, 35, 39, 41, 43, 45, 48, 49, 53, 59, 62, 69, 71, 74, 83, 84, 89, 90, 95, 101, 102, 105, 109, 111, 113, 114, 121, 123, 128, 140, 144, 147, 151, 152, 156, 159, 163, 171, 174, 176, 179, 183, 187, 190, 195, 196, 198, 200, 206, 208, 212, 214, 216, 218, 220, 222, 228, 229, 238, 241, 247, 248, 260, 263, 276, 283, 288, 291, 293, 299, 301, 306, 309]",84,84,True
101,1.143369197845459,"[7, 9, 10, 12, 13, 15, 19, 20, 21, 31, 34, 38, 40, 47, 48, 52, 61, 68, 73, 75, 82, 83, 84, 86, 87, 90, 101, 105, 110, 112, 113, 120, 123, 127, 129, 131, 137, 140, 143, 145, 148, 149, 150, 155, 162, 166, 170, 173, 178, 179, 183, 185, 186, 192, 193, 196, 199, 205, 207, 211, 213, 215, 217, 221, 227, 228, 235, 237, 240, 243, 245, 252, 262, 269, 275, 282, 284, 288, 292, 295, 300, 303, 305, 308]","[1, 6, 8, 10, 11, 13, 14, 16, 19, 21, 28, 32, 35, 39, 41, 43, 45, 48, 49, 53, 59, 62, 69, 71, 74, 83, 84, 89, 90, 95, 101, 102, 105, 109, 111, 113, 114, 121, 123, 128, 140, 144, 147, 151, 152, 156, 159, 163, 171, 174, 176, 179, 183, 187, 190, 195, 196, 198, 200, 206, 208, 212, 214, 216, 218, 220, 222, 228, 229, 238, 241, 247, 248, 260, 263, 276, 283, 288, 291, 293, 299, 301, 306, 309]",84,84,True
102,0.8275492191314697,"[5, 7, 9, 11, 12, 13, 15, 19, 20, 21, 31, 34, 38, 40, 47, 48, 52, 61, 68, 73, 82, 83, 84, 88, 89, 96, 105, 108, 109, 112, 113, 120, 122, 127, 129, 131, 140, 143, 145, 148, 149, 150, 151, 155, 162, 166, 170, 173, 175, 178, 183, 186, 192, 193, 195, 198, 201, 205, 207, 211, 213, 215, 217, 219, 221, 227, 228, 237, 240, 243, 245, 259, 262, 269, 275, 280, 282, 287, 290, 292, 298, 300, 305, 309]","[1, 6, 8, 10, 11, 13, 14, 16, 19, 21, 28, 32, 35, 39, 41, 43, 45, 48, 49, 53, 59, 62, 69, 71, 74, 83, 84, 89, 90, 95, 101, 102, 105, 109, 111, 113, 114, 121, 123, 128, 140, 144, 147, 151, 152, 156, 159, 163, 171, 174, 176, 179, 183, 187, 190, 195, 196, 198, 200, 206, 208, 212, 214, 216, 218, 220, 222, 228, 229, 238, 241, 247, 248, 260, 263, 276, 283, 288, 291, 293, 299, 301, 306, 309]",84,84,True
103,1.0881495475769043,"[5, 7, 9, 10, 12, 13, 15, 20, 24, 28, 31, 34, 38, 40, 47, 48, 50, 52, 58, 61, 68, 70, 73, 82, 83, 88, 89, 96, 105, 108, 109, 113, 117, 120, 122, 127, 131, 140, 143, 147, 150, 151, 155, 162, 166, 170, 173, 175, 178, 183, 186, 190, 191, 193, 196, 199, 200, 205, 207, 211, 213, 215, 217, 219, 221, 227, 228, 237, 240, 243, 245, 259, 262, 269, 275, 280, 282, 287, 290, 292, 298, 300, 305, 310]","[1, 6, 8, 10, 11, 13, 14, 16, 19, 21, 28, 32, 35, 39, 41, 43, 45, 48, 49, 53, 59, 62, 69, 71, 74, 83, 84, 89, 90, 95, 101, 102, 105, 109, 111, 113, 114, 121, 123, 128, 140, 144, 147, 151, 152, 156, 159, 163, 171, 174, 176, 179, 183, 187, 190, 195, 196, 198, 200, 206, 208, 212, 214, 216, 218, 220, 222, 228, 229, 238, 241, 247, 248, 260, 263, 276, 283, 288, 291, 293, 299, 301, 306, 309]",84,84,True
104,1.8830978870391846,"[4, 5, 7, 10, 12, 13, 15, 18, 21, 22, 31, 35, 38, 40, 42, 47, 48, 52, 58, 61, 68, 73, 82, 83, 88, 95, 101, 105, 108, 110, 112, 113, 120, 122, 127, 131, 140, 143, 146, 148, 149, 150, 151, 155, 162, 166, 170, 173, 175, 178, 183, 186, 192, 193, 195, 198, 201, 205, 207, 211, 213, 215, 217, 219, 221, 227, 228, 237, 240, 243, 245, 259, 262, 269, 275, 282, 287, 290, 292, 296, 298, 300, 304, 308]","[1, 6, 8, 10, 11, 13, 14, 16, 19, 21, 28, 32, 35, 39, 41, 43, 45, 48, 49, 53, 59, 62, 69, 71, 74, 83, 84, 89, 90, 95, 101, 102, 105, 109, 111, 113, 114, 121, 123, 128, 140, 144, 147, 151, 152, 156, 159, 163, 171, 174, 176, 179, 183, 187, 190, 195, 196, 198, 200, 206, 208, 212, 214, 216, 218, 220, 222, 228, 229, 238, 241, 247, 248, 260, 263, 276, 283, 288, 291, 293, 299, 301, 306, 309]",84,84,True
105,0.9970588684082031,"[7, 11, 12, 13, 15, 16, 18, 28, 30, 31, 34, 38, 40, 44, 45, 47, 48, 52, 58, 61, 68, 70, 73, 82, 83, 89, 97, 98, 105, 109, 110, 113, 117, 120, 127, 140, 143, 145, 146, 150, 151, 155, 162, 166, 170, 173, 178, 179, 183, 185, 186, 188, 191, 193, 196, 199, 205, 207, 211, 213, 215, 217, 219, 221, 227, 228, 236, 240, 243, 245, 258, 259, 262, 269, 275, 280, 282, 290, 292, 295, 300, 303, 305, 306]","[1, 6, 8, 10, 11, 13, 14, 16, 19, 21, 28, 32, 35, 39, 41, 43, 45, 48, 49, 53, 59, 62, 69, 71, 74, 83, 84, 89, 90, 95, 101, 102, 105, 109, 111, 113, 114, 121, 123, 128, 140, 144, 147, 151, 152, 156, 159, 163, 171, 174, 176, 179, 183, 187, 190, 195, 196, 198, 200, 206, 208, 212, 214, 216, 218, 220, 222, 228, 229, 238, 241, 247, 248, 260, 263, 276, 283, 288, 291, 293, 299, 301, 306, 309]",84,84,True
105,1.2842462062835693,"[7, 9, 11, 12, 13, 15, 18, 20, 27, 31, 34, 38, 40, 44, 45, 47, 48, 49, 52, 58, 61, 63, 68, 70, 73, 82, 83, 90, 100, 105, 109, 110, 113, 117, 123, 127, 140, 143, 146, 148, 150, 151, 155, 162, 163, 166, 170, 175, 178, 183, 185, 186, 192, 193, 196, 199, 205, 207, 211, 213, 215, 217, 219, 221, 227, 228, 235, 237, 240, 246, 247, 262, 275, 282, 284, 290, 292, 295, 297, 299, 301, 302, 306, 310]","[1, 6, 8, 10, 11, 13, 14, 16, 19, 21, 28, 32, 35, 39, 41, 43, 45, 48, 49, 53, 59, 62, 69, 71, 74, 83, 84, 89, 90, 95, 101, 102, 105, 109, 111, 113, 114, 121, 123, 128, 140, 144, 147, 151, 152, 156, 159, 163, 171, 174, 176, 179, 183, 187, 190, 195, 196, 198, 200, 206, 208, 212, 214, 216, 218, 220, 222, 228, 229, 238, 241, 247, 248, 260, 263, 276, 283, 288, 291, 293, 299, 301, 306, 309]",84,84,True
106,0.934694766998291,"[7, 10, 12, 13, 15, 16, 23, 28, 31, 34, 38, 40, 44, 45, 47, 48, 52, 58, 61, 68, 73, 82, 83, 95, 96, 105, 109, 110, 112, 113, 120, 127, 140, 143, 145, 147, 149, 150, 151, 155, 162, 166, 170, 173, 175, 178, 183, 185, 186, 188, 191, 193, 196, 199, 205, 207, 211, 213, 214, 216, 222, 227, 228, 235, 237, 239, 242, 245, 252, 258, 259, 262, 269, 275, 280, 282, 290, 292, 295, 297, 300, 302, 305, 309]","[1, 6, 8, 10, 11, 13, 14, 16, 19, 21, 28, 32, 35, 39, 41, 43, 45, 48, 49, 53, 59, 62, 69, 71, 74, 83, 84, 89, 90, 95, 101, 102, 105, 109, 111, 113, 114, 121, 123, 128, 140, 144, 147, 151, 152, 156, 159, 163, 171, 174, 176, 179, 183, 187, 190, 195, 196, 198, 200, 206, 208, 212, 214, 216, 218, 220, 222, 228, 229, 238, 241, 247, 248, 260, 263, 276, 283, 288, 291, 293, 299, 301, 306, 309]",84,84,True
107,0.8423957824707031,"[7, 12, 13, 15, 16, 18, 24, 28, 31, 34, 38, 40, 44, 45, 47, 48, 52, 58, 61, 68, 70, 73, 82, 83, 90, 105, 109, 110, 114, 117, 120, 123, 127, 140, 143, 145, 148, 150, 151, 155, 162, 166, 170, 173, 175, 178, 183, 185, 186, 192, 193, 196, 199, 205, 207, 211, 213, 217, 220, 221, 227, 228, 232, 237, 240, 243, 245, 250, 251, 258, 262, 269, 275, 281, 282, 284, 290, 292, 295, 297, 301, 302, 306, 310]","[1, 6, 8, 10, 11, 13, 14, 16, 19, 21, 28, 32, 35, 39, 41, 43, 45, 48, 49, 53, 59, 62, 69, 71, 74, 83, 84, 89, 90, 95, 101, 102, 105, 109, 111, 113, 114, 121, 123, 128, 140, 144, 147, 151, 152, 156, 159, 163, 171, 174, 176, 179, 183, 187, 190, 195, 196, 198, 200, 206, 208, 212, 214, 216, 218, 220, 222, 228, 229, 238, 241, 247, 248, 260, 263, 276, 283, 288, 291, 293, 299, 301, 306, 309]",84,84,True
108,0.8392307758331299,"[4, 5, 7, 11, 12, 13, 15, 21, 22, 23, 31, 34, 38, 40, 47, 48, 52, 58, 61, 68, 70, 73, 82, 83, 88, 89, 94, 100, 101, 105, 108, 109, 114, 117, 120, 122, 127, 130, 131, 140, 143, 145, 147, 148, 150, 151, 155, 162, 166, 173, 175, 178, 182, 186, 192, 193, 195, 196, 199, 205, 207, 211, 213, 215, 217, 219, 221, 227, 228, 237, 240, 246, 247, 259, 262, 275, 282, 287, 290, 292, 298, 299, 305, 308]","[1, 6, 8, 10, 11, 13, 14, 16, 19, 21, 28, 32, 35, 39, 41, 43, 45, 48, 49, 53, 59, 62, 69, 71, 74, 83, 84, 89, 90, 95, 101, 102, 105, 109, 111, 113, 114, 121, 123, 128, 140, 144, 147, 151, 152, 156, 159, 163, 171, 174, 176, 179, 183, 187, 190, 195, 196, 198, 200, 206, 208, 212, 214, 216, 218, 220, 222, 228, 229, 238, 241, 247, 248, 260, 263, 276, 283, 288, 291, 293, 299, 301, 306, 309]",84,84,True
109,0.8317186832427979,"[7, 9, 12, 13, 15, 20, 24, 28, 31, 34, 38, 40, 44, 45, 47, 48, 50, 52, 58, 61, 68, 70, 73, 82, 83, 90, 100, 105, 106, 109, 110, 115, 117, 120, 123, 127, 139, 143, 146, 148, 150, 151, 155, 162, 166, 170, 173, 175, 178, 183, 185, 186, 192, 193, 196, 199, 205, 207, 211, 213, 220, 225, 227, 228, 232, 237, 239, 242, 246, 247, 250, 262, 275, 281, 282, 284, 290, 292, 295, 297, 301, 302, 306, 310]","[1, 6, 8, 10, 11, 13, 14, 16, 19, 21, 28, 32, 35, 39, 41, 43, 45, 48, 49, 53, 59, 62, 69, 71, 74, 83, 84, 89, 90, 95, 101, 102, 105, 109, 111, 113, 114, 121, 123, 128, 140, 144, 147, 151, 152, 156, 159, 163, 171, 174, 176, 179, 183, 187, 190, 195, 196, 198, 200, 206, 208, 212, 214, 216, 218, 220, 222, 228, 229, 238, 241, 247, 248, 260, 263, 276, 283, 288, 291, 293, 299, 301, 306, 309]",84,84,True
110,0.8823163509368896,"[5, 7, 9, 11, 12, 13, 15, 20, 24, 28, 31, 34, 38, 40, 47, 48, 52, 58, 61, 68, 70, 73, 82, 83, 88, 89, 96, 100, 105, 109, 110, 115, 117, 120, 122, 127, 131, 139, 140, 143, 145, 148, 150, 151, 155, 162, 166, 170, 173, 175, 178, 182, 186, 192, 193, 196, 199, 205, 207, 211, 213, 215, 217, 219, 221, 227, 228, 237, 240, 246, 247, 259, 262, 275, 280, 282, 287, 290, 292, 295, 298, 300, 305, 309]","[1, 6, 8, 10, 11, 13, 14, 16, 19, 21, 28, 32, 35, 39, 41, 43, 45, 48, 49, 53, 59, 62, 69, 71, 74, 83, 84, 89, 90, 95, 101, 102, 105, 109, 111, 113, 114, 121, 123, 128, 140, 144, 147, 151, 152, 156, 159, 163, 171, 174, 176, 179, 183, 187, 190, 195, 196, 198, 200, 206, 208, 212, 214, 216, 218, 220, 222, 228, 229, 238, 241, 247, 248, 260, 263, 276, 283, 288, 291, 293, 299, 301, 306, 309]",84,84,True
111,1.384706735610962,"[5, 7, 9, 10, 12, 13, 15, 20, 24, 28, 31, 34, 38, 40, 47, 48, 52, 58, 61, 68, 70, 73, 82, 83, 88, 95, 100, 101, 105, 108, 110, 115, 117, 120, 122, 127, 131, 139, 143, 145, 146, 148, 150, 151, 155, 162, 166, 170, 173, 175, 178, 183, 186, 192, 193, 195, 198, 201, 205, 207, 211, 213, 215, 217, 219, 221, 227, 228, 237, 240, 245, 259, 262, 269, 275, 282, 287, 290, 292, 296, 298, 300, 305, 308]","[1, 6, 8, 10, 11, 13, 14, 16, 19, 21, 28, 32, 35, 39, 41, 43, 45, 48, 49, 53, 59, 62, 69, 71, 74, 83, 84, 89, 90, 95, 101, 102, 105, 109, 111, 113, 114, 121, 123, 128, 140, 144, 147, 151, 152, 156, 159, 163, 171, 174, 176, 179, 183, 187, 190, 195, 196, 198, 200, 206, 208, 212, 214, 216, 218, 220, 222, 228, 229, 238, 241, 247, 248, 260, 263, 276, 283, 288, 291, 293, 299, 301, 306, 309]",84,84,True
112,0.9185810089111328,"[5, 7, 9, 11, 12, 13, 15, 20, 24, 28, 31, 34, 38, 40, 44, 47, 48, 52, 58, 61, 68, 70, 71, 73, 82, 83, 88, 89, 96, 100, 105, 108, 109, 115, 117, 120, 122, 123, 127, 139, 143, 145, 148, 150, 151, 155, 162, 166, 169, 173, 175, 178, 182, 186, 192, 193, 197, 199, 205, 207, 211, 213, 215, 217, 219, 221, 227, 228, 237, 240, 246, 247, 259, 262, 266, 275, 282, 287, 290, 292, 298, 300, 305, 309]","[1, 6, 8, 10, 11, 13, 14, 16, 19, 21, 28, 32, 35, 39, 41, 43, 45, 48, 49, 53, 59, 62, 69, 71, 74, 83, 84, 89, 90, 95, 101, 102, 105, 109, 111, 113, 114, 121, 123, 128, 140, 144, 147, 151, 152, 156, 159, 163, 171, 174, 176, 179, 183, 187, 190, 195, 196, 198, 200, 206, 208, 212, 214, 216, 218, 220, 222, 228, 229, 238, 241, 247, 248, 260, 263, 276, 283, 288, 291, 293, 299, 301, 306, 309]",84,84,True
113,1.3943555355072021,"[7, 10, 12, 13, 15, 17, 18, 22, 24, 28, 31, 34, 38, 40, 44, 45, 47, 48, 52, 58, 61, 68, 70, 73, 75, 82, 83, 90, 100, 105, 110, 113, 117, 120, 123, 127, 140, 143, 145, 148, 150, 151, 155, 162, 166, 170, 173, 175, 178, 183, 185, 186, 192, 193, 196, 199, 205, 207, 211, 213, 215, 218, 220, 222, 227, 228, 237, 241, 246, 247, 252, 262, 275, 281, 282, 284, 290, 292, 295, 297, 301, 302, 306, 310]","[1, 6, 8, 10, 11, 13, 14, 16, 19, 21, 28, 32, 35, 39, 41, 43, 45, 48, 49, 53, 59, 62, 69, 71, 74, 83, 84, 89, 90, 95, 101, 102, 105, 109, 111, 113, 114, 121, 123, 128, 140, 144, 147, 151, 152, 156, 159, 163, 171, 174, 176, 179, 183, 187, 190, 195, 196, 198, 200, 206, 208, 212, 214, 216, 218, 220, 222, 228, 229, 238, 241, 247, 248, 260, 263, 276, 283, 288, 291, 293, 299, 301, 306, 309]",84,84,True
114,1.69816255569458,"[7, 9, 11, 12, 13, 15, 19, 20, 21, 31, 34, 38, 40, 44, 45, 47, 48, 52, 61, 68, 70, 73, 82, 83, 84, 91, 96, 98, 101, 105, 109, 110, 112, 113, 120, 122, 127, 129, 137, 138, 140, 143, 145, 148, 150, 151, 155, 162, 166, 170, 173, 175, 178, 183, 186, 192, 193, 196, 199, 205, 207, 211, 213, 215, 217, 219, 221, 227, 228, 237, 240, 243, 245, 259, 262, 269, 275, 282, 292, 295, 300, 302, 305, 308]","[1, 6, 8, 10, 11, 13, 14, 16, 19, 21, 28, 32, 35, 39, 41, 43, 45, 48, 49, 53, 59, 62, 69, 71, 74, 83, 84, 89, 90, 95, 101, 102, 105, 109, 111, 113, 114, 121, 123, 128, 140, 144, 147, 151, 152, 156, 159, 163, 171, 174, 176, 179, 183, 187, 190, 195, 196, 198, 200, 206, 208, 212, 214, 216, 218, 220, 222, 228, 229, 238, 241, 247, 248, 260, 263, 276, 283, 288, 291, 293, 299, 301, 306, 309]",84,84,True
115,0.8801708221435547,"[7, 12, 13, 15, 16, 18, 28, 31, 34, 38, 40, 44, 45, 47, 48, 52, 58, 61, 63, 68, 70, 73, 75, 82, 83, 90, 100, 110, 115, 117, 123, 127, 130, 140, 143, 145, 146, 148, 150, 151, 155, 157, 162, 163, 166, 175, 178, 183, 185, 186, 191, 192, 196, 199, 205, 207, 211, 213, 215, 217, 219, 220, 221, 227, 228, 234, 237, 240, 246, 247, 258, 262, 275, 281, 282, 284, 290, 292, 295, 297, 301, 302, 306, 310]","[1, 6, 8, 10, 11, 13, 14, 16, 19, 21, 28, 32, 35, 39, 41, 43, 45, 48, 49, 53, 59, 62, 69, 71, 74, 83, 84, 89, 90, 95, 101, 102, 105, 109, 111, 113, 114, 121, 123, 128, 140, 144, 147, 151, 152, 156, 159, 163, 171, 174, 176, 179, 183, 187, 190, 195, 196, 198, 200, 206, 208, 212, 214, 216, 218, 220, 222, 228, 229, 238, 241, 247, 248, 260, 263, 276, 283, 288, 291, 293, 299, 301, 306, 309]",84,84,True
116,0.8184854984283447,"[7, 9, 10, 12, 13, 15, 20, 24, 28, 31, 34, 38, 40, 44, 45, 47, 48, 52, 58, 61, 68, 73, 82, 83, 88, 89, 96, 100, 104, 109, 110, 112, 113, 120, 122, 127, 139, 143, 145, 146, 149, 150, 151, 155, 158, 162, 166, 170, 173, 175, 178, 181, 184, 186, 189, 194, 196, 199, 205, 207, 211, 213, 215, 217, 219, 221, 227, 228, 237, 240, 246, 259, 262, 275, 279, 280, 282, 290, 292, 295, 298, 300, 305, 310]","[1, 6, 8, 10, 11, 13, 14, 16, 19, 21, 28, 32, 35, 39, 41, 43, 45, 48, 49, 53, 59, 62, 69, 71, 74, 83, 84, 89, 90, 95, 101, 102, 105, 109, 111, 113, 114, 121, 123, 128, 140, 144, 147, 151, 152, 156, 159, 163, 171, 174, 176, 179, 183, 187, 190, 195, 196, 198, 200, 206, 208, 212, 214, 216, 218, 220, 222, 228, 229, 238, 241, 247, 248, 260, 263, 276, 283, 288, 291, 293, 299, 301, 306, 309]",84,84,True
117,0.8583970069885254,"[4, 7, 12, 13, 15, 21, 22, 23, 31, 35, 38, 40, 44, 45, 47, 48, 52, 58, 61, 68, 70, 73, 82, 83, 90, 105, 109, 110, 113, 117, 120, 123, 127, 140, 143, 145, 147, 148, 150, 151, 155, 162, 166, 170, 173, 175, 178, 183, 185, 186, 192, 193, 196, 199, 205, 207, 211, 213, 216, 220, 222, 227, 228, 232, 237, 239, 242, 243, 245, 252, 262, 269, 275, 281, 282, 284, 290, 292, 295, 297, 301, 302, 306, 310]","[1, 6, 8, 10, 11, 13, 14, 16, 19, 21, 28, 32, 35, 39, 41, 43, 45, 48, 49, 53, 59, 62, 69, 71, 74, 83, 84, 89, 90, 95, 101, 102, 105, 109, 111, 113, 114, 121, 123, 128, 140, 144, 147, 151, 152, 156, 159, 163, 171, 174, 176, 179, 183, 187, 190, 195, 196, 198, 200, 206, 208, 212, 214, 216, 218, 220, 222, 228, 229, 238, 241, 247, 248, 260, 263, 276, 283, 288, 291, 293, 299, 301, 306, 309]",84,84,True
118,0.9055290222167969,"[7, 11, 12, 13, 15, 17, 18, 22, 24, 28, 31, 34, 38, 40, 44, 45, 47, 48, 52, 58, 61, 68, 70, 73, 82, 83, 88, 89, 100, 101, 105, 109, 110, 113, 117, 120, 122, 127, 140, 143, 145, 148, 150, 151, 155, 162, 166, 170, 173, 175, 178, 183, 185, 186, 192, 193, 196, 199, 205, 207, 211, 213, 215, 217, 219, 221, 227, 228, 237, 240, 246, 247, 259, 262, 275, 282, 290, 292, 295, 298, 300, 305, 306, 308]","[1, 6, 8, 10, 11, 13, 14, 16, 19, 21, 28, 32, 35, 39, 41, 43, 45, 48, 49, 53, 59, 62, 69, 71, 74, 83, 84, 89, 90, 95, 101, 102, 105, 109, 111, 113, 114, 121, 123, 128, 140, 144, 147, 151, 152, 156, 159, 163, 171, 174, 176, 179, 183, 187, 190, 195, 196, 198, 200, 206, 208, 212, 214, 216, 218, 220, 222, 228, 229, 238, 241, 247, 248, 260, 263, 276, 283, 288, 291, 293, 299, 301, 306, 309]",84,84,True
119,0.8733015060424805,"[4, 7, 11, 12, 13, 15, 21, 22, 23, 31, 35, 38, 40, 44, 45, 47, 48, 52, 58, 61, 68, 70, 73, 82, 83, 95, 96, 100, 105, 109, 110, 114, 117, 120, 122, 127, 140, 143, 145, 147, 148, 150, 151, 155, 162, 163, 166, 170, 175, 178, 183, 185, 186, 192, 193, 196, 199, 205, 207, 211, 213, 215, 217, 219, 221, 227, 228, 237, 240, 246, 247, 259, 262, 275, 280, 282, 290, 292, 295, 297, 300, 302, 304, 309]","[1, 6, 8, 10, 11, 13, 14, 16, 19, 21, 28, 32, 35, 39, 41, 43, 45, 48, 49, 53, 59, 62, 69, 71, 74, 83, 84, 89, 90, 95, 101, 102, 105, 109, 111, 113, 114, 121, 123, 128, 140, 144, 147, 151, 152, 156, 159, 163, 171, 174, 176, 179, 183, 187, 190, 195, 196, 198, 200, 206, 208, 212, 214, 216, 218, 220, 222, 228, 229, 238, 241, 247, 248, 260, 263, 276, 283, 288, 291, 293, 299, 301, 306, 309]",84,84,True
120,0.940488338470459,"[7, 11, 12, 13, 15, 16, 18, 24, 28, 31, 34, 38, 40, 44, 45, 47, 48, 52, 58, 61, 68, 70, 73, 75, 82, 83, 88, 89, 96, 104, 110, 112, 113, 120, 122, 127, 140, 143, 145, 150, 151, 155, 156, 162, 166, 170, 173, 175, 178, 183, 185, 186, 190, 192, 196, 199, 205, 207, 211, 213, 215, 217, 219, 221, 227, 228, 237, 240, 243, 245, 258, 259, 262, 269, 275, 280, 282, 290, 292, 295, 298, 300, 305, 310]","[1, 6, 8, 10, 11, 13, 14, 16, 19, 21, 28, 32, 35, 39, 41, 43, 45, 48, 49, 53, 59, 62, 69, 71, 74, 83, 84, 89, 90, 95, 101, 102, 105, 109, 111, 113, 114, 121, 123, 128, 140, 144, 147, 151, 152, 156, 159, 163, 171, 174, 176, 179, 183, 187, 190, 195, 196, 198, 200, 206, 208, 212, 214, 216, 218, 220, 222, 228, 229, 238, 241, 247, 248, 260, 263, 276, 283, 288, 291, 293, 299, 301, 306, 309]",84,84,True
121,0.9404888153076172,"[7, 9, 12, 13, 15, 18, 20, 27, 31, 34, 38, 40, 44, 45, 47, 49, 52, 58, 61, 68, 70, 73, 82, 83, 90, 105, 109, 110, 115, 117, 120, 123, 127, 128, 140, 143, 146, 148, 150, 151, 155, 162, 166, 170, 173, 175, 178, 183, 185, 186, 192, 193, 196, 199, 205, 207, 211, 213, 217, 220, 221, 227, 228, 232, 237, 240, 242, 243, 245, 251, 262, 269, 275, 281, 282, 284, 290, 292, 295, 297, 301, 302, 306, 310]","[1, 6, 8, 10, 11, 13, 14, 16, 19, 21, 28, 32, 35, 39, 41, 43, 45, 48, 49, 53, 59, 62, 69, 71, 74, 83, 84, 89, 90, 95, 101, 102, 105, 109, 111, 113, 114, 121, 123, 128, 140, 144, 147, 151, 152, 156, 159, 163, 171, 174, 176, 179, 183, 187, 190, 195, 196, 198, 200, 206, 208, 212, 214, 216, 218, 220, 222, 228, 229, 238, 241, 247, 248, 260, 263, 276, 283, 288, 291, 293, 299, 301, 306, 309]",84,84,True
122,0.8579761981964111,"[4, 7, 10, 12, 13, 15, 21, 22, 23, 31, 35, 38, 40, 44, 45, 47, 48, 52, 58, 61, 68, 73, 82, 83, 90, 100, 105, 109, 110, 112, 113, 120, 123, 127, 140, 143, 145, 147, 148, 149, 150, 151, 155, 162, 163, 166, 170, 175, 178, 183, 185, 186, 192, 193, 196, 199, 205, 207, 211, 213, 217, 220, 221, 227, 228, 237, 240, 242, 246, 251, 262, 275, 279, 281, 282, 284, 290, 292, 295, 297, 301, 302, 306, 310]","[1, 6, 8, 10, 11, 13, 14, 16, 19, 21, 28, 32, 35, 39, 41, 43, 45, 48, 49, 53, 59, 62, 69, 71, 74, 83, 84, 89, 90, 95, 101, 102, 105, 109, 111, 113, 114, 121, 123, 128, 140, 144, 147, 151, 152, 156, 159, 163, 171, 174, 176, 179, 183, 187, 190, 195, 196, 198, 200, 206, 208, 212, 214, 216, 218, 220, 222, 228, 229, 238, 241, 247, 248, 260, 263, 276, 283, 288, 291, 293, 299, 301, 306, 309]",84,84,True
123,0.8116154670715332,"[7, 11, 12, 13, 15, 16, 23, 28, 31, 34, 38, 40, 44, 45, 47, 48, 52, 58, 61, 63, 68, 70, 73, 82, 83, 89, 96, 100, 105, 109, 110, 115, 117, 122, 127, 140, 143, 145, 147, 150, 151, 155, 162, 163, 166, 169, 175, 178, 183, 185, 186, 188, 191, 193, 196, 199, 205, 207, 211, 213, 215, 217, 219, 221, 227, 228, 237, 240, 246, 247, 258, 259, 262, 275, 280, 282, 290, 292, 295, 297, 300, 302, 305, 309]","[1, 6, 8, 10, 11, 13, 14, 16, 19, 21, 28, 32, 35, 39, 41, 43, 45, 48, 49, 53, 59, 62, 69, 71, 74, 83, 84, 89, 90, 95, 101, 102, 105, 109, 111, 113, 114, 121, 123, 128, 140, 144, 147, 151, 152, 156, 159, 163, 171, 174, 176, 179, 183, 187, 190, 195, 196, 198, 200, 206, 208, 212, 214, 216, 218, 220, 222, 228, 229, 238, 241, 247, 248, 260, 263, 276, 283, 288, 291, 293, 299, 301, 306, 309]",84,84,True
124,0.7803516387939453,"[5, 7, 9, 10, 12, 13, 15, 20, 24, 28, 31, 34, 38, 40, 47, 48, 52, 58, 61, 68, 73, 82, 83, 88, 90, 101, 104, 108, 110, 112, 113, 120, 127, 131, 140, 143, 145, 147, 148, 149, 150, 151, 155, 162, 166, 170, 173, 175, 178, 183, 186, 192, 193, 195, 198, 199, 205, 207, 211, 213, 214, 216, 222, 227, 228, 235, 237, 239, 242, 245, 252, 259, 262, 269, 275, 282, 284, 287, 290, 292, 298, 300, 305, 308]","[1, 6, 8, 10, 11, 13, 14, 16, 19, 21, 28, 32, 35, 39, 41, 43, 45, 48, 49, 53, 59, 62, 69, 71, 74, 83, 84, 89, 90, 95, 101, 102, 105, 109, 111, 113, 114, 121, 123, 128, 140, 144, 147, 151, 152, 156, 159, 163, 171, 174, 176, 179, 183, 187, 190, 195, 196, 198, 200, 206, 208, 212, 214, 216, 218, 220, 222, 228, 229, 238, 241, 247, 248, 260, 263, 276, 283, 288, 291, 293, 299, 301, 306, 309]",84,84,True
125,0.9243485927581787,"[5, 6, 7, 9, 10, 12, 15, 20, 24, 28, 32, 34, 38, 40, 44, 47, 48, 52, 54, 58, 61, 64, 68, 70, 73, 76, 82, 83, 88, 89, 96, 100, 105, 107, 115, 117, 120, 122, 123, 127, 139, 143, 145, 146, 148, 150, 155, 162, 166, 170, 173, 175, 178, 182, 186, 192, 193, 195, 198, 199, 205, 207, 211, 213, 215, 217, 219, 221, 227, 228, 237, 240, 246, 259, 262, 271, 275, 286, 290, 292, 298, 300, 305, 309]","[1, 6, 8, 10, 11, 13, 14, 16, 19, 21, 28, 32, 35, 39, 41, 43, 45, 48, 49, 53, 59, 62, 69, 71, 74, 83, 84, 89, 90, 95, 101, 102, 105, 109, 111, 113, 114, 121, 123, 128, 140, 144, 147, 151, 152, 156, 159, 163, 171, 174, 176, 179, 183, 187, 190, 195, 196, 198, 200, 206, 208, 212, 214, 216, 218, 220, 222, 228, 229, 238, 241, 247, 248, 260, 263, 276, 283, 288, 291, 293, 299, 301, 306, 309]",84,84,True
126,1.0247044563293457,"[7, 11, 12, 13, 15, 16, 18, 28, 31, 34, 38, 40, 44, 45, 47, 48, 49, 52, 58, 61, 68, 73, 82, 83, 88, 89, 96, 105, 109, 110, 112, 113, 120, 127, 139, 143, 146, 148, 149, 150, 151, 155, 162, 166, 170, 173, 178, 179, 183, 185, 186, 192, 193, 196, 199, 205, 207, 211, 213, 215, 217, 219, 221, 227, 228, 235, 237, 240, 243, 245, 258, 259, 262, 269, 275, 280, 282, 290, 292, 295, 300, 303, 305, 309]","[1, 6, 8, 10, 11, 13, 14, 16, 19, 21, 28, 32, 35, 39, 41, 43, 45, 48, 49, 53, 59, 62, 69, 71, 74, 83, 84, 89, 90, 95, 101, 102, 105, 109, 111, 113, 114, 121, 123, 128, 140, 144, 147, 151, 152, 156, 159, 163, 171, 174, 176, 179, 183, 187, 190, 195, 196, 198, 200, 206, 208, 212, 214, 216, 218, 220, 222, 228, 229, 238, 241, 247, 248, 260, 263, 276, 283, 288, 291, 293, 299, 301, 306, 309]",84,84,True
127,0.8542623519897461,"[5, 6, 7, 9, 11, 15, 20, 24, 28, 32, 34, 38, 40, 41, 43, 44, 47, 50, 52, 54, 58, 61, 63, 64, 68, 70, 73, 75, 82, 83, 88, 89, 96, 100, 102, 105, 107, 110, 114, 117, 122, 140, 143, 147, 148, 150, 155, 162, 166, 170, 173, 175, 178, 183, 186, 192, 193, 196, 199, 205, 207, 211, 213, 215, 217, 219, 221, 227, 228, 237, 240, 246, 259, 262, 264, 271, 275, 286, 290, 292, 298, 300, 305, 309]","[1, 6, 8, 10, 11, 13, 14, 16, 19, 21, 28, 32, 35, 39, 41, 43, 45, 48, 49, 53, 59, 62, 69, 71, 74, 83, 84, 89, 90, 95, 101, 102, 105, 109, 111, 113, 114, 121, 123, 128, 140, 144, 147, 151, 152, 156, 159, 163, 171, 174, 176, 179, 183, 187, 190, 195, 196, 198, 200, 206, 208, 212, 214, 216, 218, 220, 222, 228, 229, 238, 241, 247, 248, 260, 263, 276, 283, 288, 291, 293, 299, 301, 306, 309]",84,84,True
128,0.933438777923584,"[5, 7, 9, 11, 12, 13, 15, 20, 24, 28, 31, 34, 38, 40, 47, 48, 52, 58, 61, 68, 70, 73, 82, 83, 88, 89, 96, 100, 105, 108, 110, 115, 117, 120, 122, 127, 131, 139, 143, 145, 146, 148, 150, 151, 155, 162, 166, 169, 173, 175, 178, 183, 186, 192, 193, 195, 198, 200, 205, 207, 211, 213, 215, 217, 219, 221, 227, 228, 236, 240, 246, 247, 259, 262, 275, 280, 282, 287, 290, 292, 298, 300, 305, 309]","[1, 6, 8, 10, 11, 13, 14, 16, 19, 21, 28, 32, 35, 39, 41, 43, 45, 48, 49, 53, 59, 62, 69, 71, 74, 83, 84, 89, 90, 95, 101, 102, 105, 109, 111, 113, 114, 121, 123, 128, 140, 144, 147, 151, 152, 156, 159, 163, 171, 174, 176, 179, 183, 187, 190, 195, 196, 198, 200, 206, 208, 212, 214, 216, 218, 220, 222, 228, 229, 238, 241, 247, 248, 260, 263, 276, 283, 288, 291, 293, 299, 301, 306, 309]",84,84,True
128,1.4243452548980713,"[7, 9, 10, 12, 13, 15, 19, 20, 21, 27, 31, 34, 38, 40, 44, 45, 47, 48, 52, 58, 61, 63, 68, 70, 73, 82, 83, 89, 96, 100, 104, 109, 110, 114, 117, 122, 127, 140, 143, 145, 150, 151, 155, 162, 166, 169, 173, 175, 178, 183, 185, 186, 188, 191, 193, 196, 199, 205, 207, 211, 213, 215, 217, 219, 221, 227, 228, 237, 240, 246, 247, 259, 262, 275, 280, 282, 290, 292, 295, 297, 300, 302, 305, 309]","[1, 6, 8, 10, 11, 13, 14, 16, 19, 21, 28, 32, 35, 39, 41, 43, 45, 48, 49, 53, 59, 62, 69, 71, 74, 83, 84, 89, 90, 95, 101, 102, 105, 109, 111, 113, 114, 121, 123, 128, 140, 144, 147, 151, 152, 156, 159, 163, 171, 174, 176, 179, 183, 187, 190, 195, 196, 198, 200, 206, 208, 212, 214, 216, 218, 220, 222, 228, 229, 238, 241, 247, 248, 260, 263, 276, 283, 288, 291, 293, 299, 301, 306, 309]",84,84,True
129,1.2054328918457031,"[4, 5, 7, 11, 12, 13, 15, 21, 22, 23, 31, 35, 38, 40, 47, 48, 49, 52, 58, 61, 68, 70, 73, 82, 83, 88, 89, 96, 105, 108, 110, 112, 113, 120, 122, 127, 131, 139, 143, 146, 148, 150, 151, 155, 162, 166, 170, 173, 175, 178, 182, 186, 192, 193, 195, 197, 201, 205, 207, 211, 213, 215, 217, 219, 221, 227, 228, 237, 240, 243, 245, 259, 262, 269, 275, 280, 282, 287, 290, 292, 298, 300, 305, 310]","[1, 6, 8, 10, 11, 13, 14, 16, 19, 21, 28, 32, 35, 39, 41, 43, 45, 48, 49, 53, 59, 62, 69, 71, 74, 83, 84, 89, 90, 95, 101, 102, 105, 109, 111, 113, 114, 121, 123, 128, 140, 144, 147, 151, 152, 156, 159, 163, 171, 174, 176, 179, 183, 187, 190, 195, 196, 198, 200, 206, 208, 212, 214, 216, 218, 220, 222, 228, 229, 238, 241, 247, 248, 260, 263, 276, 283, 288, 291, 293, 299, 301, 306, 309]",84,84,True
130,1.9310791492462158,"[5, 6, 7, 9, 11, 12, 15, 20, 23, 27, 32, 34, 38, 40, 44, 47, 48, 52, 54, 58, 61, 64, 68, 70, 73, 76, 82, 83, 88, 89, 96, 100, 105, 107, 113, 117, 120, 122, 123, 127, 140, 143, 145, 147, 148, 150, 155, 162, 166, 170, 173, 175, 178, 183, 186, 192, 193, 195, 198, 199, 205, 207, 211, 213, 215, 217, 219, 221, 227, 228, 237, 240, 246, 259, 262, 269, 275, 286, 290, 292, 298, 300, 305, 309]","[1, 6, 8, 10, 11, 13, 14, 16, 19, 21, 28, 32, 35, 39, 41, 43, 45, 48, 49, 53, 59, 62, 69, 71, 74, 83, 84, 89, 90, 95, 101, 102, 105, 109, 111, 113, 114, 121, 123, 128, 140, 144, 147, 151, 152, 156, 159, 163, 171, 174, 176, 179, 183, 187, 190, 195, 196, 198, 200, 206, 208, 212, 214, 216, 218, 220, 222, 228, 229, 238, 241, 247, 248, 260, 263, 276, 283, 288, 291, 293, 299, 301, 306, 309]",84,84,True
131,1.1275684833526611,"[7, 9, 10, 12, 13, 15, 19, 20, 21, 31, 34, 38, 40, 47, 48, 52, 61, 63, 68, 70, 71, 73, 75, 82, 83, 84, 86, 87, 90, 101, 104, 110, 115, 117, 123, 127, 129, 131, 137, 143, 145, 150, 155, 158, 162, 166, 170, 173, 178, 179, 183, 185, 186, 189, 194, 196, 199, 205, 207, 211, 213, 214, 216, 222, 227, 228, 235, 237, 239, 243, 245, 252, 262, 269, 275, 282, 284, 288, 292, 295, 300, 303, 305, 308]","[1, 6, 8, 10, 11, 13, 14, 16, 19, 21, 28, 32, 35, 39, 41, 43, 45, 48, 49, 53, 59, 62, 69, 71, 74, 83, 84, 89, 90, 95, 101, 102, 105, 109, 111, 113, 114, 121, 123, 128, 140, 144, 147, 151, 152, 156, 159, 163, 171, 174, 176, 179, 183, 187, 190, 195, 196, 198, 200, 206, 208, 212, 214, 216, 218, 220, 222, 228, 229, 238, 241, 247, 248, 260, 263, 276, 283, 288, 291, 293, 299, 301, 306, 309]",84,84,True
132,0.8126819133758545,"[7, 10, 12, 13, 15, 16, 18, 19, 28, 31, 34, 38, 40, 44, 45, 47, 48, 52, 58, 61, 68, 70, 71, 73, 82, 83, 90, 96, 100, 104, 109, 110, 113, 117, 120, 122, 127, 143, 145, 150, 151, 155, 156, 162, 166, 170, 173, 175, 178, 183, 185, 186, 190, 192, 196, 199, 205, 207, 211, 213, 215, 217, 219, 221, 227, 228, 237, 240, 246, 258, 259, 262, 269, 275, 280, 282, 290, 292, 295, 297, 300, 302, 305, 309]","[1, 6, 8, 10, 11, 13, 14, 16, 19, 21, 28, 32, 35, 39, 41, 43, 45, 48, 49, 53, 59, 62, 69, 71, 74, 83, 84, 89, 90, 95, 101, 102, 105, 109, 111, 113, 114, 121, 123, 128, 140, 144, 147, 151, 152, 156, 159, 163, 171, 174, 176, 179, 183, 187, 190, 195, 196, 198, 200, 206, 208, 212, 214, 216, 218, 220, 222, 228, 229, 238, 241, 247, 248, 260, 263, 276, 283, 288, 291, 293, 299, 301, 306, 309]",84,84,True
133,0.9172546863555908,"[5, 6, 7, 10, 12, 13, 15, 16, 23, 28, 31, 34, 38, 40, 44, 47, 48, 52, 58, 61, 63, 68, 70, 73, 75, 76, 82, 83, 88, 89, 92, 96, 104, 110, 115, 117, 127, 140, 143, 145, 147, 148, 150, 155, 162, 166, 170, 173, 175, 178, 183, 186, 192, 193, 196, 199, 205, 207, 211, 213, 214, 216, 222, 227, 228, 235, 237, 239, 243, 245, 252, 258, 262, 269, 275, 280, 282, 286, 290, 292, 298, 300, 305, 310]","[1, 6, 8, 10, 11, 13, 14, 16, 19, 21, 28, 32, 35, 39, 41, 43, 45, 48, 49, 53, 59, 62, 69, 71, 74, 83, 84, 89, 90, 95, 101, 102, 105, 109, 111, 113, 114, 121, 123, 128, 140, 144, 147, 151, 152, 156, 159, 163, 171, 174, 176, 179, 183, 187, 190, 195, 196, 198, 200, 206, 208, 212, 214, 216, 218, 220, 222, 228, 229, 238, 241, 247, 248, 260, 263, 276, 283, 288, 291, 293, 299, 301, 306, 309]",84,84,True
134,0.8935489654541016,"[5, 7, 9, 11, 12, 13, 15, 20, 24, 28, 31, 34, 38, 40, 47, 48, 52, 58, 61, 68, 70, 73, 82, 83, 88, 89, 96, 100, 105, 108, 115, 117, 120, 122, 127, 131, 139, 143, 145, 146, 150, 151, 155, 162, 166, 170, 173, 175, 178, 183, 186, 188, 191, 193, 197, 199, 205, 207, 211, 213, 215, 217, 219, 221, 227, 228, 237, 240, 246, 259, 262, 265, 266, 275, 279, 280, 282, 287, 290, 292, 298, 300, 305, 309]","[1, 6, 8, 10, 11, 13, 14, 16, 19, 21, 28, 32, 35, 39, 41, 43, 45, 48, 49, 53, 59, 62, 69, 71, 74, 83, 84, 89, 90, 95, 101, 102, 105, 109, 111, 113, 114, 121, 123, 128, 140, 144, 147, 151, 152, 156, 159, 163, 171, 174, 176, 179, 183, 187, 190, 195, 196, 198, 200, 206, 208, 212, 214, 216, 218, 220, 222, 228, 229, 238, 241, 247, 248, 260, 263, 276, 283, 288, 291, 293, 299, 301, 306, 309]",84,84,True
135,0.8325858116149902,"[5, 7, 10, 12, 13, 15, 16, 18, 28, 31, 34, 38, 40, 44, 47, 48, 52, 58, 61, 68, 70, 73, 82, 83, 88, 89, 94, 100, 101, 105, 108, 110, 114, 117, 120, 127, 140, 143, 145, 146, 148, 150, 151, 155, 162, 166, 170, 173, 175, 178, 182, 186, 192, 193, 195, 198, 201, 205, 207, 211, 213, 218, 222, 227, 228, 235, 237, 241, 246, 247, 250, 252, 258, 259, 262, 275, 282, 287, 290, 292, 298, 299, 305, 308]","[1, 6, 8, 10, 11, 13, 14, 16, 19, 21, 28, 32, 35, 39, 41, 43, 45, 48, 49, 53, 59, 62, 69, 71, 74, 83, 84, 89, 90, 95, 101, 102, 105, 109, 111, 113, 114, 121, 123, 128, 140, 144, 147, 151, 152, 156, 159, 163, 171, 174, 176, 179, 183, 187, 190, 195, 196, 198, 200, 206, 208, 212, 214, 216, 218, 220, 222, 228, 229, 238, 241, 247, 248, 260, 263, 276, 283, 288, 291, 293, 299, 301, 306, 309]",84,84,True
136,0.8471169471740723,"[7, 9, 11, 12, 13, 15, 20, 24, 28, 31, 34, 38, 40, 44, 45, 47, 48, 52, 58, 61, 68, 70, 73, 82, 83, 88, 89, 100, 101, 105, 109, 110, 115, 117, 120, 122, 127, 139, 140, 143, 145, 148, 150, 151, 155, 162, 166, 170, 173, 175, 178, 183, 185, 186, 192, 193, 196, 199, 205, 207, 211, 213, 215, 217, 219, 221, 227, 228, 237, 240, 246, 247, 259, 262, 275, 282, 290, 292, 295, 300, 303, 305, 306, 308]","[1, 6, 8, 10, 11, 13, 14, 16, 19, 21, 28, 32, 35, 39, 41, 43, 45, 48, 49, 53, 59, 62, 69, 71, 74, 83, 84, 89, 90, 95, 101, 102, 105, 109, 111, 113, 114, 121, 123, 128, 140, 144, 147, 151, 152, 156, 159, 163, 171, 174, 176, 179, 183, 187, 190, 195, 196, 198, 200, 206, 208, 212, 214, 216, 218, 220, 222, 228, 229, 238, 241, 247, 248, 260, 263, 276, 283, 288, 291, 293, 299, 301, 306, 309]",84,84,True
137,0.8388497829437256,"[5, 6, 7, 9, 10, 12, 13, 15, 18, 20, 27, 34, 38, 40, 44, 47, 48, 53, 54, 58, 61, 68, 70, 73, 75, 82, 83, 88, 89, 96, 105, 107, 110, 112, 113, 120, 122, 127, 140, 143, 145, 146, 148, 150, 155, 162, 166, 170, 173, 175, 178, 183, 186, 192, 193, 196, 199, 205, 207, 211, 213, 215, 217, 219, 221, 227, 228, 231, 237, 240, 243, 245, 259, 262, 264, 269, 275, 286, 290, 292, 298, 300, 305, 309]","[1, 6, 8, 10, 11, 13, 14, 16, 19, 21, 28, 32, 35, 39, 41, 43, 45, 48, 49, 53, 59, 62, 69, 71, 74, 83, 84, 89, 90, 95, 101, 102, 105, 109, 111, 113, 114, 121, 123, 128, 140, 144, 147, 151, 152, 156, 159, 163, 171, 174, 176, 179, 183, 187, 190, 195, 196, 198, 200, 206, 208, 212, 214, 216, 218, 220, 222, 228, 229, 238, 241, 247, 248, 260, 263, 276, 283, 288, 291, 293, 299, 301, 306, 309]",84,84,True
138,1.004106044769287,"[5, 7, 9, 10, 12, 13, 15, 20, 24, 28, 31, 34, 38, 40, 47, 48, 52, 58, 61, 68, 70, 73, 82, 83, 88, 89, 101, 105, 108, 110, 115, 117, 120, 127, 131, 139, 143, 145, 146, 148, 150, 151, 155, 162, 166, 170, 173, 175, 178, 183, 186, 192, 193, 195, 196, 199, 205, 207, 211, 213, 214, 216, 222, 227, 228, 235, 237, 239, 242, 245, 252, 259, 262, 269, 275, 282, 287, 290, 292, 298, 300, 301, 306, 308]","[1, 6, 8, 10, 11, 13, 14, 16, 19, 21, 28, 32, 35, 39, 41, 43, 45, 48, 49, 53, 59, 62, 69, 71, 74, 83, 84, 89, 90, 95, 101, 102, 105, 109, 111, 113, 114, 121, 123, 128, 140, 144, 147, 151, 152, 156, 159, 163, 171, 174, 176, 179, 183, 187, 190, 195, 196, 198, 200, 206, 208, 212, 214, 216, 218, 220, 222, 228, 229, 238, 241, 247, 248, 260, 263, 276, 283, 288, 291, 293, 299, 301, 306, 309]",84,84,True
139,0.8321936130523682,"[7, 9, 10, 12, 13, 15, 18, 20, 27, 31, 34, 38, 40, 44, 45, 47, 49, 52, 58, 61, 68, 70, 73, 82, 83, 90, 100, 105, 109, 110, 115, 117, 120, 123, 127, 128, 140, 143, 146, 148, 150, 151, 155, 162, 166, 170, 173, 175, 178, 183, 185, 186, 192, 193, 196, 199, 205, 207, 211, 213, 215, 218, 222, 227, 228, 235, 237, 241, 246, 252, 262, 271, 275, 281, 282, 284, 290, 292, 295, 297, 301, 302, 306, 310]","[1, 6, 8, 10, 11, 13, 14, 16, 19, 21, 28, 32, 35, 39, 41, 43, 45, 48, 49, 53, 59, 62, 69, 71, 74, 83, 84, 89, 90, 95, 101, 102, 105, 109, 111, 113, 114, 121, 123, 128, 140, 144, 147, 151, 152, 156, 159, 163, 171, 174, 176, 179, 183, 187, 190, 195, 196, 198, 200, 206, 208, 212, 214, 216, 218, 220, 222, 228, 229, 238, 241, 247, 248, 260, 263, 276, 283, 288, 291, 293, 299, 301, 306, 309]",84,84,True
140,1.5085062980651855,"[5, 7, 9, 10, 12, 13, 15, 20, 23, 27, 31, 34, 38, 40, 47, 48, 52, 58, 61, 68, 70, 73, 82, 83, 88, 89, 96, 100, 101, 104, 108, 110, 113, 117, 120, 122, 127, 131, 140, 143, 145, 147, 150, 151, 155, 158, 162, 166, 170, 173, 175, 178, 182, 186, 189, 194, 197, 199, 205, 207, 211, 213, 215, 217, 219, 221, 227, 228, 237, 240, 246, 247, 259, 262, 265, 275, 282, 287, 290, 292, 298, 300, 305, 308]","[1, 6, 8, 10, 11, 13, 14, 16, 19, 21, 28, 32, 35, 39, 41, 43, 45, 48, 49, 53, 59, 62, 69, 71, 74, 83, 84, 89, 90, 95, 101, 102, 105, 109, 111, 113, 114, 121, 123, 128, 140, 144, 147, 151, 152, 156, 159, 163, 171, 174, 176, 179, 183, 187, 190, 195, 196, 198, 200, 206, 208, 212, 214, 216, 218, 220, 222, 228, 229, 238, 241, 247, 248, 260, 263, 276, 283, 288, 291, 293, 299, 301, 306, 309]",84,84,True
141,1.083486557006836,"[4, 7, 10, 12, 13, 15, 21, 22, 23, 31, 35, 38, 40, 44, 45, 47, 48, 52, 58, 61, 68, 70, 73, 82, 83, 89, 96, 97, 98, 100, 104, 109, 110, 115, 117, 120, 127, 139, 143, 145, 146, 150, 151, 155, 162, 163, 166, 170, 178, 179, 183, 185, 186, 188, 191, 193, 196, 199, 205, 207, 211, 213, 215, 218, 222, 227, 228, 235, 237, 241, 245, 252, 259, 262, 269, 275, 280, 282, 290, 292, 295, 300, 303, 305]","[1, 6, 8, 10, 11, 13, 14, 16, 19, 21, 28, 32, 35, 39, 41, 43, 45, 48, 49, 53, 59, 62, 69, 71, 74, 83, 84, 89, 90, 95, 101, 102, 105, 109, 111, 113, 114, 121, 123, 128, 140, 144, 147, 151, 152, 156, 159, 163, 171, 174, 176, 179, 183, 187, 190, 195, 196, 198, 200, 206, 208, 212, 214, 216, 218, 220, 222, 228, 229, 238, 241, 247, 248, 260, 263, 276, 283, 288, 291, 293, 299, 301, 306, 309]",84,84,True
142,1.2649545669555664,"[5, 7, 9, 11, 12, 13, 15, 20, 24, 28, 31, 34, 38, 40, 47, 48, 52, 58, 61, 68, 70, 73, 82, 83, 88, 95, 101, 105, 108, 109, 113, 117, 120, 122, 127, 131, 139, 140, 143, 145, 148, 150, 151, 155, 162, 166, 170, 173, 175, 178, 183, 186, 192, 193, 196, 199, 200, 205, 207, 211, 213, 215, 217, 219, 221, 227, 228, 237, 240, 243, 245, 259, 262, 269, 275, 282, 287, 290, 292, 296, 298, 300, 305, 308]","[1, 6, 8, 10, 11, 13, 14, 16, 19, 21, 28, 32, 35, 39, 41, 43, 45, 48, 49, 53, 59, 62, 69, 71, 74, 83, 84, 89, 90, 95, 101, 102, 105, 109, 111, 113, 114, 121, 123, 128, 140, 144, 147, 151, 152, 156, 159, 163, 171, 174, 176, 179, 183, 187, 190, 195, 196, 198, 200, 206, 208, 212, 214, 216, 218, 220, 222, 228, 229, 238, 241, 247, 248, 260, 263, 276, 283, 288, 291, 293, 299, 301, 306, 309]",84,84,True
143,0.9073467254638672,"[7, 9, 11, 12, 13, 15, 19, 20, 21, 31, 34, 38, 40, 44, 45, 47, 48, 52, 61, 63, 68, 70, 73, 82, 83, 84, 90, 97, 101, 105, 109, 110, 115, 117, 122, 123, 127, 129, 140, 143, 145, 148, 150, 151, 155, 162, 163, 166, 170, 175, 178, 183, 185, 186, 192, 193, 196, 199, 205, 207, 211, 213, 215, 217, 219, 221, 227, 228, 237, 240, 243, 245, 262, 269, 275, 282, 290, 292, 295, 297, 300, 302, 305, 307]","[1, 6, 8, 10, 11, 13, 14, 16, 19, 21, 28, 32, 35, 39, 41, 43, 45, 48, 49, 53, 59, 62, 69, 71, 74, 83, 84, 89, 90, 95, 101, 102, 105, 109, 111, 113, 114, 121, 123, 128, 140, 144, 147, 151, 152, 156, 159, 163, 171, 174, 176, 179, 183, 187, 190, 195, 196, 198, 200, 206, 208, 212, 214, 216, 218, 220, 222, 228, 229, 238, 241, 247, 248, 260, 263, 276, 283, 288, 291, 293, 299, 301, 306, 309]",84,84,True
144,1.7659499645233154,"[4, 7, 12, 13, 15, 21, 22, 23, 31, 35, 38, 40, 44, 45, 47, 48, 52, 58, 61, 68, 70, 73, 82, 83, 90, 100, 105, 109, 110, 114, 117, 120, 123, 127, 139, 143, 145, 146, 148, 150, 151, 155, 162, 163, 166, 170, 175, 178, 183, 185, 186, 192, 193, 196, 199, 205, 207, 211, 213, 216, 220, 222, 227, 228, 232, 237, 239, 242, 246, 252, 262, 275, 279, 281, 282, 284, 290, 292, 295, 297, 301, 302, 306, 310]","[1, 6, 8, 10, 11, 13, 14, 16, 19, 21, 28, 32, 35, 39, 41, 43, 45, 48, 49, 53, 59, 62, 69, 71, 74, 83, 84, 89, 90, 95, 101, 102, 105, 109, 111, 113, 114, 121, 123, 128, 140, 144, 147, 151, 152, 156, 159, 163, 171, 174, 176, 179, 183, 187, 190, 195, 196, 198, 200, 206, 208, 212, 214, 216, 218, 220, 222, 228, 229, 238, 241, 247, 248, 260, 263, 276, 283, 288, 291, 293, 299, 301, 306, 309]",84,84,True
145,0.9152710437774658,"[7, 11, 12, 13, 15, 16, 23, 28, 31, 34, 38, 40, 44, 45, 47, 48, 52, 58, 61, 68, 73, 82, 83, 88, 89, 96, 100, 104, 109, 110, 112, 113, 120, 122, 127, 140, 143, 145, 147, 149, 150, 151, 155, 156, 162, 166, 170, 173, 175, 178, 181, 184, 186, 190, 192, 196, 199, 205, 207, 211, 213, 215, 217, 219, 221, 227, 228, 237, 240, 246, 258, 259, 262, 269, 275, 280, 282, 290, 292, 295, 298, 300, 305, 310]","[1, 6, 8, 10, 11, 13, 14, 16, 19, 21, 28, 32, 35, 39, 41, 43, 45, 48, 49, 53, 59, 62, 69, 71, 74, 83, 84, 89, 90, 95, 101, 102, 105, 109, 111, 113, 114, 121, 123, 128, 140, 144, 147, 151, 152, 156, 159, 163, 171, 174, 176, 179, 183, 187, 190, 195, 196, 198, 200, 206, 208, 212, 214, 216, 218, 220, 222, 228, 229, 238, 241, 247, 248, 260, 263, 276, 283, 288, 291, 293, 299, 301, 306, 309]",84,84,True
146,0.9844400882720947,"[7, 9, 10, 12, 13, 15, 18, 20, 27, 31, 34, 38, 40, 44, 45, 47, 48, 49, 52, 58, 61, 68, 70, 73, 82, 83, 88, 89, 100, 101, 105, 109, 110, 113, 117, 120, 122, 127, 140, 143, 146, 148, 150, 151, 155, 162, 166, 169, 173, 175, 178, 181, 184, 186, 192, 193, 196, 199, 205, 207, 211, 213, 215, 217, 219, 221, 227, 228, 237, 240, 246, 247, 259, 262, 275, 282, 290, 292, 295, 298, 300, 305, 306, 308]","[1, 6, 8, 10, 11, 13, 14, 16, 19, 21, 28, 32, 35, 39, 41, 43, 45, 48, 49, 53, 59, 62, 69, 71, 74, 83, 84, 89, 90, 95, 101, 102, 105, 109, 111, 113, 114, 121, 123, 128, 140, 144, 147, 151, 152, 156, 159, 163, 171, 174, 176, 179, 183, 187, 190, 195, 196, 198, 200, 206, 208, 212, 214, 216, 218, 220, 222, 228, 229, 238, 241, 247, 248, 260, 263, 276, 283, 288, 291, 293, 299, 301, 306, 309]",84,84,True
147,1.0456230640411377,"[7, 9, 10, 12, 13, 15, 20, 24, 28, 31, 34, 38, 40, 44, 45, 47, 48, 52, 58, 61, 68, 70, 71, 73, 82, 83, 88, 89, 96, 105, 109, 110, 115, 117, 120, 127, 139, 143, 145, 148, 150, 151, 155, 162, 166, 170, 173, 178, 179, 183, 185, 186, 192, 193, 196, 199, 205, 207, 211, 213, 214, 216, 222, 227, 228, 235, 237, 239, 243, 245, 252, 259, 262, 269, 275, 280, 282, 290, 292, 295, 300, 303, 305, 309]","[1, 6, 8, 10, 11, 13, 14, 16, 19, 21, 28, 32, 35, 39, 41, 43, 45, 48, 49, 53, 59, 62, 69, 71, 74, 83, 84, 89, 90, 95, 101, 102, 105, 109, 111, 113, 114, 121, 123, 128, 140, 144, 147, 151, 152, 156, 159, 163, 171, 174, 176, 179, 183, 187, 190, 195, 196, 198, 200, 206, 208, 212, 214, 216, 218, 220, 222, 228, 229, 238, 241, 247, 248, 260, 263, 276, 283, 288, 291, 293, 299, 301, 306, 309]",84,84,True
148,1.0169451236724854,"[7, 12, 13, 15, 16, 18, 28, 31, 34, 38, 40, 44, 45, 47, 49, 52, 58, 61, 68, 70, 73, 82, 83, 90, 100, 105, 109, 110, 115, 117, 120, 123, 127, 128, 140, 143, 146, 148, 150, 151, 155, 162, 166, 170, 173, 175, 178, 183, 185, 186, 192, 193, 196, 199, 205, 207, 211, 213, 216, 220, 222, 227, 228, 232, 237, 239, 242, 246, 247, 252, 258, 262, 275, 281, 282, 284, 290, 292, 295, 297, 301, 302, 306, 310]","[1, 6, 8, 10, 11, 13, 14, 16, 19, 21, 28, 32, 35, 39, 41, 43, 45, 48, 49, 53, 59, 62, 69, 71, 74, 83, 84, 89, 90, 95, 101, 102, 105, 109, 111, 113, 114, 121, 123, 128, 140, 144, 147, 151, 152, 156, 159, 163, 171, 174, 176, 179, 183, 187, 190, 195, 196, 198, 200, 206, 208, 212, 214, 216, 218, 220, 222, 228, 229, 238, 241, 247, 248, 260, 263, 276, 283, 288, 291, 293, 299, 301, 306, 309]",84,84,True
149,0.852210521697998,"[5, 7, 9, 11, 12, 13, 15, 20, 24, 27, 31, 34, 38, 40, 47, 48, 52, 58, 61, 68, 73, 82, 83, 88, 89, 96, 100, 105, 108, 110, 112, 113, 120, 122, 127, 131, 140, 143, 145, 147, 149, 150, 151, 155, 162, 166, 169, 173, 175, 178, 183, 186, 188, 191, 193, 195, 198, 199, 205, 207, 211, 213, 215, 217, 219, 221, 227, 228, 237, 240, 246, 247, 259, 262, 275, 280, 282, 287, 290, 292, 298, 300, 305, 310]","[1, 6, 8, 10, 11, 13, 14, 16, 19, 21, 28, 32, 35, 39, 41, 43, 45, 48, 49, 53, 59, 62, 69, 71, 74, 83, 84, 89, 90, 95, 101, 102, 105, 109, 111, 113, 114, 121, 123, 128, 140, 144, 147, 151, 152, 156, 159, 163, 171, 174, 176, 179, 183, 187, 190, 195, 196, 198, 200, 206, 208, 212, 214, 216, 218, 220, 222, 228, 229, 238, 241, 247, 248, 260, 263, 276, 283, 288, 291, 293, 299, 301, 306, 309]",84,84,True
150,1.7051148414611816,"[5, 7, 9, 10, 12, 13, 15, 20, 24, 28, 31, 34, 38, 40, 41, 47, 50, 52, 58, 61, 68, 70, 73, 82, 83, 88, 89, 94, 100, 101, 102, 104, 109, 110, 115, 117, 120, 131, 140, 143, 147, 150, 151, 155, 158, 162, 166, 170, 173, 175, 178, 183, 186, 189, 194, 196, 199, 205, 207, 211, 213, 216, 222, 227, 228, 235, 237, 239, 242, 246, 247, 252, 259, 262, 275, 282, 287, 290, 292, 295, 298, 299, 305, 308]","[1, 6, 8, 10, 11, 13, 14, 16, 19, 21, 28, 32, 35, 39, 41, 43, 45, 48, 49, 53, 59, 62, 69, 71, 74, 83, 84, 89, 90, 95, 101, 102, 105, 109, 111, 113, 114, 121, 123, 128, 140, 144, 147, 151, 152, 156, 159, 163, 171, 174, 176, 179, 183, 187, 190, 195, 196, 198, 200, 206, 208, 212, 214, 216, 218, 220, 222, 228, 229, 238, 241, 247, 248, 260, 263, 276, 283, 288, 291, 293, 299, 301, 306, 309]",84,84,True
151,0.8571083545684814,"[7, 9, 10, 12, 13, 15, 20, 24, 28, 31, 34, 38, 40, 44, 45, 47, 48, 52, 58, 61, 68, 70, 73, 82, 83, 88, 89, 96, 104, 109, 110, 115, 117, 120, 127, 140, 143, 145, 147, 148, 150, 151, 155, 162, 166, 170, 173, 178, 179, 183, 185, 186, 192, 193, 196, 199, 205, 207, 211, 213, 214, 216, 222, 227, 228, 235, 237, 239, 242, 245, 252, 259, 262, 269, 275, 280, 282, 290, 292, 295, 300, 303, 305, 309]","[1, 6, 8, 10, 11, 13, 14, 16, 19, 21, 28, 32, 35, 39, 41, 43, 45, 48, 49, 53, 59, 62, 69, 71, 74, 83, 84, 89, 90, 95, 101, 102, 105, 109, 111, 113, 114, 121, 123, 128, 140, 144, 147, 151, 152, 156, 159, 163, 171, 174, 176, 179, 183, 187, 190, 195, 196, 198, 200, 206, 208, 212, 214, 216, 218, 220, 222, 228, 229, 238, 241, 247, 248, 260, 263, 276, 283, 288, 291, 293, 299, 301, 306, 309]",84,84,True
152,1.7925751209259033,"[7, 9, 10, 12, 13, 15, 19, 20, 21, 31, 34, 38, 40, 47, 48, 52, 61, 63, 68, 70, 73, 75, 82, 83, 84, 86, 90, 99, 104, 110, 115, 117, 123, 127, 129, 131, 137, 140, 143, 145, 148, 150, 155, 162, 166, 170, 173, 175, 178, 183, 185, 186, 192, 193, 196, 199, 205, 207, 211, 213, 216, 222, 227, 228, 235, 237, 239, 242, 246, 252, 262, 275, 279, 281, 282, 284, 288, 292, 295, 297, 301, 302, 306, 310]","[1, 6, 8, 10, 11, 13, 14, 16, 19, 21, 28, 32, 35, 39, 41, 43, 45, 48, 49, 53, 59, 62, 69, 71, 74, 83, 84, 89, 90, 95, 101, 102, 105, 109, 111, 113, 114, 121, 123, 128, 140, 144, 147, 151, 152, 156, 159, 163, 171, 174, 176, 179, 183, 187, 190, 195, 196, 198, 200, 206, 208, 212, 214, 216, 218, 220, 222, 228, 229, 238, 241, 247, 248, 260, 263, 276, 283, 288, 291, 293, 299, 301, 306, 309]",84,84,True
153,0.9219331741333008,"[5, 7, 9, 11, 12, 13, 15, 20, 24, 28, 31, 34, 38, 40, 47, 48, 52, 58, 61, 68, 73, 82, 83, 88, 89, 100, 101, 105, 108, 109, 112, 113, 120, 122, 127, 130, 131, 139, 143, 145, 146, 148, 149, 150, 151, 155, 162, 166, 173, 175, 178, 183, 186, 192, 193, 195, 198, 200, 205, 207, 211, 213, 215, 217, 219, 221, 227, 228, 237, 240, 246, 247, 259, 262, 275, 282, 287, 290, 292, 298, 300, 305, 306, 308]","[1, 6, 8, 10, 11, 13, 14, 16, 19, 21, 28, 32, 35, 39, 41, 43, 45, 48, 49, 53, 59, 62, 69, 71, 74, 83, 84, 89, 90, 95, 101, 102, 105, 109, 111, 113, 114, 121, 123, 128, 140, 144, 147, 151, 152, 156, 159, 163, 171, 174, 176, 179, 183, 187, 190, 195, 196, 198, 200, 206, 208, 212, 214, 216, 218, 220, 222, 228, 229, 238, 241, 247, 248, 260, 263, 276, 283, 288, 291, 293, 299, 301, 306, 309]",84,84,True
154,0.9727590084075928,"[5, 7, 9, 11, 12, 13, 15, 20, 24, 28, 31, 34, 38, 40, 44, 47, 48, 49, 52, 58, 61, 68, 70, 73, 82, 83, 88, 89, 96, 100, 105, 108, 109, 115, 117, 120, 122, 127, 139, 143, 145, 148, 150, 151, 155, 162, 166, 169, 173, 175, 178, 183, 186, 192, 193, 196, 199, 205, 207, 211, 213, 215, 217, 219, 221, 227, 228, 237, 240, 246, 247, 259, 262, 264, 266, 275, 282, 287, 290, 292, 298, 300, 305, 309]","[1, 6, 8, 10, 11, 13, 14, 16, 19, 21, 28, 32, 35, 39, 41, 43, 45, 48, 49, 53, 59, 62, 69, 71, 74, 83, 84, 89, 90, 95, 101, 102, 105, 109, 111, 113, 114, 121, 123, 128, 140, 144, 147, 151, 152, 156, 159, 163, 171, 174, 176, 179, 183, 187, 190, 195, 196, 198, 200, 206, 208, 212, 214, 216, 218, 220, 222, 228, 229, 238, 241, 247, 248, 260, 263, 276, 283, 288, 291, 293, 299, 301, 306, 309]",84,84,True
155,1.6343061923980713,"[7, 9, 11, 12, 13, 15, 19, 20, 21, 31, 34, 38, 40, 47, 48, 52, 56, 61, 68, 70, 73, 75, 82, 83, 84, 86, 88, 89, 92, 96, 100, 104, 110, 114, 117, 120, 122, 127, 129, 137, 140, 143, 145, 150, 155, 156, 162, 166, 169, 173, 175, 178, 181, 183, 186, 190, 192, 196, 199, 205, 207, 211, 213, 215, 217, 219, 221, 227, 228, 237, 240, 246, 247, 262, 275, 280, 282, 288, 292, 295, 298, 300, 305, 310]","[1, 6, 8, 10, 11, 13, 14, 16, 19, 21, 28, 32, 35, 39, 41, 43, 45, 48, 49, 53, 59, 62, 69, 71, 74, 83, 84, 89, 90, 95, 101, 102, 105, 109, 111, 113, 114, 121, 123, 128, 140, 144, 147, 151, 152, 156, 159, 163, 171, 174, 176, 179, 183, 187, 190, 195, 196, 198, 200, 206, 208, 212, 214, 216, 218, 220, 222, 228, 229, 238, 241, 247, 248, 260, 263, 276, 283, 288, 291, 293, 299, 301, 306, 309]",84,84,True
156,0.9084770679473877,"[5, 7, 9, 10, 12, 13, 15, 19, 20, 21, 31, 34, 38, 40, 47, 48, 52, 61, 68, 70, 73, 82, 83, 84, 88, 95, 101, 104, 108, 110, 115, 117, 120, 122, 127, 129, 131, 140, 143, 145, 150, 151, 155, 158, 162, 166, 170, 173, 175, 178, 183, 186, 189, 194, 197, 199, 205, 207, 211, 213, 215, 217, 219, 221, 227, 228, 236, 240, 243, 245, 259, 262, 265, 269, 275, 282, 287, 290, 292, 296, 298, 300, 304, 308]","[1, 6, 8, 10, 11, 13, 14, 16, 19, 21, 28, 32, 35, 39, 41, 43, 45, 48, 49, 53, 59, 62, 69, 71, 74, 83, 84, 89, 90, 95, 101, 102, 105, 109, 111, 113, 114, 121, 123, 128, 140, 144, 147, 151, 152, 156, 159, 163, 171, 174, 176, 179, 183, 187, 190, 195, 196, 198, 200, 206, 208, 212, 214, 216, 218, 220, 222, 228, 229, 238, 241, 247, 248, 260, 263, 276, 283, 288, 291, 293, 299, 301, 306, 309]",84,84,True
157,1.342132806777954,"[5, 6, 7, 9, 11, 12, 15, 20, 24, 28, 32, 34, 38, 40, 44, 47, 48, 51, 58, 61, 64, 68, 70, 73, 75, 82, 83, 88, 89, 92, 96, 100, 104, 107, 110, 113, 117, 120, 122, 127, 139, 143, 145, 146, 150, 155, 156, 162, 166, 170, 173, 175, 178, 183, 186, 190, 192, 196, 199, 205, 207, 211, 213, 215, 217, 219, 221, 227, 228, 237, 240, 246, 262, 275, 279, 280, 286, 290, 292, 293, 298, 300, 305, 310]","[1, 6, 8, 10, 11, 13, 14, 16, 19, 21, 28, 32, 35, 39, 41, 43, 45, 48, 49, 53, 59, 62, 69, 71, 74, 83, 84, 89, 90, 95, 101, 102, 105, 109, 111, 113, 114, 121, 123, 128, 140, 144, 147, 151, 152, 156, 159, 163, 171, 174, 176, 179, 183, 187, 190, 195, 196, 198, 200, 206, 208, 212, 214, 216, 218, 220, 222, 228, 229, 238, 241, 247, 248, 260, 263, 276, 283, 288, 291, 293, 299, 301, 306, 309]",84,84,True
158,0.941990852355957,"[7, 9, 10, 12, 13, 15, 19, 20, 21, 31, 34, 38, 40, 44, 45, 47, 48, 52, 61, 68, 73, 75, 82, 83, 84, 88, 89, 94, 100, 101, 104, 110, 112, 113, 120, 127, 129, 137, 140, 143, 145, 149, 150, 151, 155, 158, 162, 166, 170, 173, 175, 178, 181, 184, 186, 189, 194, 196, 199, 205, 207, 211, 213, 216, 222, 227, 228, 235, 237, 239, 242, 245, 252, 259, 262, 269, 275, 282, 292, 295, 298, 299, 305, 308]","[1, 6, 8, 10, 11, 13, 14, 16, 19, 21, 28, 32, 35, 39, 41, 43, 45, 48, 49, 53, 59, 62, 69, 71, 74, 83, 84, 89, 90, 95, 101, 102, 105, 109, 111, 113, 114, 121, 123, 128, 140, 144, 147, 151, 152, 156, 159, 163, 171, 174, 176, 179, 183, 187, 190, 195, 196, 198, 200, 206, 208, 212, 214, 216, 218, 220, 222, 228, 229, 238, 241, 247, 248, 260, 263, 276, 283, 288, 291, 293, 299, 301, 306, 309]",84,84,True
