ID,Time,Solution,Expected Solution,Number of Vertices,Number of vertices expected,Valid Solution
1,43.33344864845276,"[0, 4, 5, 6, 10, 15, 17, 18, 22, 24, 32, 34, 38, 39, 40, 41, 42, 44, 47, 53, 54, 58, 60, 61, 62, 63, 68, 70, 71, 73, 75, 76, 82, 83, 89, 93, 94, 97, 98, 99, 103, 104, 107, 112, 116, 121, 122, 123, 126, 140, 143, 144, 155, 162, 170, 172, 173, 178, 180, 182, 185, 188, 191, 193, 195, 196, 199, 203, 205, 207, 211, 213, 216, 217, 219, 221, 226, 231, 237, 239, 242, 245, 259, 262, 267, 268, 269, 275, 280, 281, 286, 290, 292, 301, 303, 306]","[1, 6, 8, 10, 11, 13, 14, 16, 19, 21, 28, 32, 35, 39, 41, 43, 45, 48, 49, 53, 59, 62, 69, 71, 74, 83, 84, 89, 90, 95, 101, 102, 105, 109, 111, 113, 114, 121, 123, 128, 140, 144, 147, 151, 152, 156, 159, 163, 171, 174, 176, 179, 183, 187, 190, 195, 196, 198, 200, 206, 208, 212, 214, 216, 218, 220, 222, 228, 229, 238, 241, 247, 248, 260, 263, 276, 283, 288, 291, 293, 299, 301, 306, 309]",96,84,True
2,60.09115791320801,"[0, 4, 5, 6, 10, 15, 17, 18, 22, 24, 32, 34, 38, 39, 40, 41, 42, 44, 47, 53, 54, 58, 60, 61, 62, 63, 68, 70, 71, 73, 75, 76, 82, 83, 89, 93, 94, 97, 98, 99, 103, 104, 107, 112, 116, 121, 122, 123, 126, 140, 143, 144, 155, 162, 170, 172, 173, 178, 180, 182, 185, 188, 191, 193, 195, 196, 199, 203, 205, 207, 211, 213, 216, 217, 219, 221, 226, 231, 237, 239, 242, 245, 259, 262, 267, 268, 269, 275, 280, 281, 286, 290, 292, 301, 303, 306]","[1, 6, 8, 10, 11, 13, 14, 16, 19, 21, 28, 32, 35, 39, 41, 43, 45, 48, 49, 53, 59, 62, 69, 71, 74, 83, 84, 89, 90, 95, 101, 102, 105, 109, 111, 113, 114, 121, 123, 128, 140, 144, 147, 151, 152, 156, 159, 163, 171, 174, 176, 179, 183, 187, 190, 195, 196, 198, 200, 206, 208, 212, 214, 216, 218, 220, 222, 228, 229, 238, 241, 247, 248, 260, 263, 276, 283, 288, 291, 293, 299, 301, 306, 309]",96,84,True
3,64.73259592056274,"[0, 4, 5, 6, 10, 15, 17, 18, 22, 24, 32, 34, 38, 39, 40, 41, 42, 44, 47, 53, 54, 58, 60, 61, 62, 63, 68, 70, 71, 73, 75, 76, 82, 83, 89, 93, 94, 97, 98, 99, 103, 104, 107, 112, 116, 121, 122, 123, 126, 140, 143, 144, 155, 162, 170, 172, 173, 178, 180, 182, 185, 188, 191, 193, 195, 196, 199, 203, 205, 207, 211, 213, 216, 217, 219, 221, 226, 231, 237, 239, 242, 245, 259, 262, 267, 268, 269, 275, 280, 281, 286, 290, 292, 301, 303, 306]","[1, 6, 8, 10, 11, 13, 14, 16, 19, 21, 28, 32, 35, 39, 41, 43, 45, 48, 49, 53, 59, 62, 69, 71, 74, 83, 84, 89, 90, 95, 101, 102, 105, 109, 111, 113, 114, 121, 123, 128, 140, 144, 147, 151, 152, 156, 159, 163, 171, 174, 176, 179, 183, 187, 190, 195, 196, 198, 200, 206, 208, 212, 214, 216, 218, 220, 222, 228, 229, 238, 241, 247, 248, 260, 263, 276, 283, 288, 291, 293, 299, 301, 306, 309]",96,84,True
4,42.61076903343201,"[0, 4, 5, 6, 10, 15, 17, 18, 22, 24, 32, 34, 38, 39, 40, 41, 42, 44, 47, 53, 54, 58, 60, 61, 62, 63, 68, 70, 71, 73, 75, 76, 82, 83, 89, 93, 94, 97, 98, 99, 103, 104, 107, 112, 116, 121, 122, 123, 126, 140, 143, 144, 155, 162, 170, 172, 173, 178, 180, 182, 185, 188, 191, 193, 195, 196, 199, 203, 205, 207, 211, 213, 216, 217, 219, 221, 226, 231, 237, 239, 242, 245, 259, 262, 267, 268, 269, 275, 280, 281, 286, 290, 292, 301, 303, 306]","[1, 6, 8, 10, 11, 13, 14, 16, 19, 21, 28, 32, 35, 39, 41, 43, 45, 48, 49, 53, 59, 62, 69, 71, 74, 83, 84, 89, 90, 95, 101, 102, 105, 109, 111, 113, 114, 121, 123, 128, 140, 144, 147, 151, 152, 156, 159, 163, 171, 174, 176, 179, 183, 187, 190, 195, 196, 198, 200, 206, 208, 212, 214, 216, 218, 220, 222, 228, 229, 238, 241, 247, 248, 260, 263, 276, 283, 288, 291, 293, 299, 301, 306, 309]",96,84,True
5,55.2334201335907,"[0, 4, 5, 6, 10, 15, 17, 18, 22, 24, 32, 34, 38, 39, 40, 41, 42, 44, 47, 53, 54, 58, 60, 61, 62, 63, 68, 70, 71, 73, 75, 76, 82, 83, 89, 93, 94, 97, 98, 99, 103, 104, 107, 112, 116, 121, 122, 123, 126, 140, 143, 144, 155, 162, 170, 172, 173, 178, 180, 182, 185, 188, 191, 193, 195, 196, 199, 203, 205, 207, 211, 213, 216, 217, 219, 221, 226, 231, 237, 239, 242, 245, 259, 262, 267, 268, 269, 275, 280, 281, 286, 290, 292, 301, 303, 306]","[1, 6, 8, 10, 11, 13, 14, 16, 19, 21, 28, 32, 35, 39, 41, 43, 45, 48, 49, 53, 59, 62, 69, 71, 74, 83, 84, 89, 90, 95, 101, 102, 105, 109, 111, 113, 114, 121, 123, 128, 140, 144, 147, 151, 152, 156, 159, 163, 171, 174, 176, 179, 183, 187, 190, 195, 196, 198, 200, 206, 208, 212, 214, 216, 218, 220, 222, 228, 229, 238, 241, 247, 248, 260, 263, 276, 283, 288, 291, 293, 299, 301, 306, 309]",96,84,True
6,58.72369408607483,"[0, 4, 5, 6, 10, 15, 17, 18, 22, 24, 32, 34, 38, 39, 40, 41, 42, 44, 47, 53, 54, 58, 60, 61, 62, 63, 68, 70, 71, 73, 75, 76, 82, 83, 89, 93, 94, 97, 98, 99, 103, 104, 107, 112, 116, 121, 122, 123, 126, 140, 143, 144, 155, 162, 170, 172, 173, 178, 180, 182, 185, 188, 191, 193, 195, 196, 199, 203, 205, 207, 211, 213, 216, 217, 219, 221, 226, 231, 237, 239, 242, 245, 259, 262, 267, 268, 269, 275, 280, 281, 286, 290, 292, 301, 303, 306]","[1, 6, 8, 10, 11, 13, 14, 16, 19, 21, 28, 32, 35, 39, 41, 43, 45, 48, 49, 53, 59, 62, 69, 71, 74, 83, 84, 89, 90, 95, 101, 102, 105, 109, 111, 113, 114, 121, 123, 128, 140, 144, 147, 151, 152, 156, 159, 163, 171, 174, 176, 179, 183, 187, 190, 195, 196, 198, 200, 206, 208, 212, 214, 216, 218, 220, 222, 228, 229, 238, 241, 247, 248, 260, 263, 276, 283, 288, 291, 293, 299, 301, 306, 309]",96,84,True
7,62.2461998462677,"[0, 4, 5, 6, 10, 15, 17, 18, 22, 24, 32, 34, 38, 39, 40, 41, 42, 44, 47, 53, 54, 58, 60, 61, 62, 63, 68, 70, 71, 73, 75, 76, 82, 83, 89, 93, 94, 97, 98, 99, 103, 104, 107, 112, 116, 121, 122, 123, 126, 140, 143, 144, 155, 162, 170, 172, 173, 178, 180, 182, 185, 188, 191, 193, 195, 196, 199, 203, 205, 207, 211, 213, 216, 217, 219, 221, 226, 231, 237, 239, 242, 245, 259, 262, 267, 268, 269, 275, 280, 281, 286, 290, 292, 301, 303, 306]","[1, 6, 8, 10, 11, 13, 14, 16, 19, 21, 28, 32, 35, 39, 41, 43, 45, 48, 49, 53, 59, 62, 69, 71, 74, 83, 84, 89, 90, 95, 101, 102, 105, 109, 111, 113, 114, 121, 123, 128, 140, 144, 147, 151, 152, 156, 159, 163, 171, 174, 176, 179, 183, 187, 190, 195, 196, 198, 200, 206, 208, 212, 214, 216, 218, 220, 222, 228, 229, 238, 241, 247, 248, 260, 263, 276, 283, 288, 291, 293, 299, 301, 306, 309]",96,84,True
8,22.2693829536438,"[0, 4, 5, 6, 10, 15, 17, 18, 22, 24, 32, 34, 38, 39, 40, 41, 42, 44, 47, 53, 54, 58, 60, 61, 62, 63, 68, 70, 71, 73, 75, 76, 82, 83, 89, 93, 94, 97, 98, 99, 103, 104, 107, 112, 116, 121, 122, 123, 126, 140, 143, 144, 155, 162, 170, 172, 173, 178, 180, 182, 185, 188, 191, 193, 195, 196, 199, 203, 205, 207, 211, 213, 216, 217, 219, 221, 226, 231, 237, 239, 242, 245, 259, 262, 267, 268, 269, 275, 280, 281, 286, 290, 292, 301, 303, 306]","[1, 6, 8, 10, 11, 13, 14, 16, 19, 21, 28, 32, 35, 39, 41, 43, 45, 48, 49, 53, 59, 62, 69, 71, 74, 83, 84, 89, 90, 95, 101, 102, 105, 109, 111, 113, 114, 121, 123, 128, 140, 144, 147, 151, 152, 156, 159, 163, 171, 174, 176, 179, 183, 187, 190, 195, 196, 198, 200, 206, 208, 212, 214, 216, 218, 220, 222, 228, 229, 238, 241, 247, 248, 260, 263, 276, 283, 288, 291, 293, 299, 301, 306, 309]",96,84,True
9,34.67165422439575,"[0, 4, 5, 6, 10, 15, 17, 18, 22, 24, 32, 34, 38, 39, 40, 41, 42, 44, 47, 53, 54, 58, 60, 61, 62, 63, 68, 70, 71, 73, 75, 76, 82, 83, 89, 93, 94, 97, 98, 99, 103, 104, 107, 112, 116, 121, 122, 123, 126, 140, 143, 144, 155, 162, 170, 172, 173, 178, 180, 182, 185, 188, 191, 193, 195, 196, 199, 203, 205, 207, 211, 213, 216, 217, 219, 221, 226, 231, 237, 239, 242, 245, 259, 262, 267, 268, 269, 275, 280, 281, 286, 290, 292, 301, 303, 306]","[1, 6, 8, 10, 11, 13, 14, 16, 19, 21, 28, 32, 35, 39, 41, 43, 45, 48, 49, 53, 59, 62, 69, 71, 74, 83, 84, 89, 90, 95, 101, 102, 105, 109, 111, 113, 114, 121, 123, 128, 140, 144, 147, 151, 152, 156, 159, 163, 171, 174, 176, 179, 183, 187, 190, 195, 196, 198, 200, 206, 208, 212, 214, 216, 218, 220, 222, 228, 229, 238, 241, 247, 248, 260, 263, 276, 283, 288, 291, 293, 299, 301, 306, 309]",96,84,True
10,21.37608528137207,"[0, 4, 5, 6, 10, 15, 17, 18, 22, 24, 32, 34, 38, 39, 40, 41, 42, 44, 47, 53, 54, 58, 60, 61, 62, 63, 68, 70, 71, 73, 75, 76, 82, 83, 89, 93, 94, 97, 98, 99, 103, 104, 107, 112, 116, 121, 122, 123, 126, 140, 143, 144, 155, 162, 170, 172, 173, 178, 180, 182, 185, 188, 191, 193, 195, 196, 199, 203, 205, 207, 211, 213, 216, 217, 219, 221, 226, 231, 237, 239, 242, 245, 259, 262, 267, 268, 269, 275, 280, 281, 286, 290, 292, 301, 303, 306]","[1, 6, 8, 10, 11, 13, 14, 16, 19, 21, 28, 32, 35, 39, 41, 43, 45, 48, 49, 53, 59, 62, 69, 71, 74, 83, 84, 89, 90, 95, 101, 102, 105, 109, 111, 113, 114, 121, 123, 128, 140, 144, 147, 151, 152, 156, 159, 163, 171, 174, 176, 179, 183, 187, 190, 195, 196, 198, 200, 206, 208, 212, 214, 216, 218, 220, 222, 228, 229, 238, 241, 247, 248, 260, 263, 276, 283, 288, 291, 293, 299, 301, 306, 309]",96,84,True
11,26.772369146347046,"[0, 4, 5, 6, 10, 15, 17, 18, 22, 24, 32, 34, 38, 39, 40, 41, 42, 44, 47, 53, 54, 58, 60, 61, 62, 63, 68, 70, 71, 73, 75, 76, 82, 83, 89, 93, 94, 97, 98, 99, 103, 104, 107, 112, 116, 121, 122, 123, 126, 140, 143, 144, 155, 162, 170, 172, 173, 178, 180, 182, 185, 188, 191, 193, 195, 196, 199, 203, 205, 207, 211, 213, 216, 217, 219, 221, 226, 231, 237, 239, 242, 245, 259, 262, 267, 268, 269, 275, 280, 281, 286, 290, 292, 301, 303, 306]","[1, 6, 8, 10, 11, 13, 14, 16, 19, 21, 28, 32, 35, 39, 41, 43, 45, 48, 49, 53, 59, 62, 69, 71, 74, 83, 84, 89, 90, 95, 101, 102, 105, 109, 111, 113, 114, 121, 123, 128, 140, 144, 147, 151, 152, 156, 159, 163, 171, 174, 176, 179, 183, 187, 190, 195, 196, 198, 200, 206, 208, 212, 214, 216, 218, 220, 222, 228, 229, 238, 241, 247, 248, 260, 263, 276, 283, 288, 291, 293, 299, 301, 306, 309]",96,84,True
12,107.61702013015747,"[0, 4, 5, 6, 10, 13, 15, 17, 18, 22, 24, 34, 38, 39, 40, 41, 42, 44, 47, 53, 54, 58, 60, 61, 62, 63, 68, 70, 71, 73, 76, 82, 83, 89, 94, 97, 98, 99, 103, 104, 107, 112, 116, 121, 122, 123, 126, 140, 143, 144, 155, 162, 170, 172, 173, 178, 180, 182, 185, 188, 191, 193, 195, 196, 199, 205, 207, 211, 213, 216, 217, 219, 221, 226, 231, 237, 239, 242, 245, 259, 262, 268, 269, 275, 280, 281, 286, 290, 292, 301, 303, 306]","[1, 6, 8, 10, 11, 13, 14, 16, 19, 21, 28, 32, 35, 39, 41, 43, 45, 48, 49, 53, 59, 62, 69, 71, 74, 83, 84, 89, 90, 95, 101, 102, 105, 109, 111, 113, 114, 121, 123, 128, 140, 144, 147, 151, 152, 156, 159, 163, 171, 174, 176, 179, 183, 187, 190, 195, 196, 198, 200, 206, 208, 212, 214, 216, 218, 220, 222, 228, 229, 238, 241, 247, 248, 260, 263, 276, 283, 288, 291, 293, 299, 301, 306, 309]",92,84,True
13,32.427271604537964,"[0, 4, 5, 6, 10, 13, 15, 17, 18, 22, 24, 34, 38, 39, 40, 41, 42, 44, 47, 53, 54, 58, 60, 61, 62, 63, 68, 70, 71, 73, 76, 82, 83, 89, 94, 97, 98, 99, 103, 104, 107, 112, 116, 121, 122, 123, 126, 140, 143, 144, 155, 162, 170, 172, 173, 178, 180, 182, 185, 188, 191, 193, 195, 196, 199, 205, 207, 211, 213, 216, 217, 219, 221, 226, 231, 237, 239, 242, 245, 259, 262, 268, 269, 275, 280, 281, 286, 290, 292, 301, 303, 306]","[1, 6, 8, 10, 11, 13, 14, 16, 19, 21, 28, 32, 35, 39, 41, 43, 45, 48, 49, 53, 59, 62, 69, 71, 74, 83, 84, 89, 90, 95, 101, 102, 105, 109, 111, 113, 114, 121, 123, 128, 140, 144, 147, 151, 152, 156, 159, 163, 171, 174, 176, 179, 183, 187, 190, 195, 196, 198, 200, 206, 208, 212, 214, 216, 218, 220, 222, 228, 229, 238, 241, 247, 248, 260, 263, 276, 283, 288, 291, 293, 299, 301, 306, 309]",92,84,True
14,46.663776874542236,"[0, 4, 5, 6, 10, 15, 17, 18, 22, 24, 32, 34, 38, 39, 40, 41, 42, 44, 47, 53, 54, 58, 60, 61, 62, 63, 68, 70, 71, 73, 75, 76, 82, 83, 89, 93, 94, 97, 98, 99, 103, 104, 107, 112, 116, 121, 122, 123, 126, 140, 143, 144, 155, 162, 170, 172, 173, 178, 180, 182, 185, 188, 191, 193, 195, 196, 199, 203, 205, 207, 211, 213, 216, 217, 219, 221, 226, 231, 237, 239, 242, 245, 259, 262, 267, 268, 269, 275, 280, 281, 286, 290, 292, 301, 303, 306]","[1, 6, 8, 10, 11, 13, 14, 16, 19, 21, 28, 32, 35, 39, 41, 43, 45, 48, 49, 53, 59, 62, 69, 71, 74, 83, 84, 89, 90, 95, 101, 102, 105, 109, 111, 113, 114, 121, 123, 128, 140, 144, 147, 151, 152, 156, 159, 163, 171, 174, 176, 179, 183, 187, 190, 195, 196, 198, 200, 206, 208, 212, 214, 216, 218, 220, 222, 228, 229, 238, 241, 247, 248, 260, 263, 276, 283, 288, 291, 293, 299, 301, 306, 309]",96,84,True
15,23.950262308120728,"[0, 4, 5, 6, 10, 15, 17, 18, 22, 24, 32, 34, 38, 39, 40, 41, 42, 44, 47, 53, 54, 58, 60, 61, 62, 63, 68, 70, 71, 73, 75, 76, 82, 83, 89, 93, 94, 97, 98, 99, 103, 104, 107, 112, 116, 121, 122, 123, 126, 140, 143, 144, 155, 162, 170, 172, 173, 178, 180, 182, 185, 188, 191, 193, 195, 196, 199, 203, 205, 207, 211, 213, 216, 217, 219, 221, 226, 231, 237, 239, 242, 245, 259, 262, 267, 268, 269, 275, 280, 281, 286, 290, 292, 301, 303, 306]","[1, 6, 8, 10, 11, 13, 14, 16, 19, 21, 28, 32, 35, 39, 41, 43, 45, 48, 49, 53, 59, 62, 69, 71, 74, 83, 84, 89, 90, 95, 101, 102, 105, 109, 111, 113, 114, 121, 123, 128, 140, 144, 147, 151, 152, 156, 159, 163, 171, 174, 176, 179, 183, 187, 190, 195, 196, 198, 200, 206, 208, 212, 214, 216, 218, 220, 222, 228, 229, 238, 241, 247, 248, 260, 263, 276, 283, 288, 291, 293, 299, 301, 306, 309]",96,84,True
16,18.99838924407959,"[0, 4, 5, 6, 10, 15, 17, 18, 22, 24, 32, 34, 38, 39, 40, 41, 42, 44, 47, 53, 54, 58, 60, 61, 62, 63, 68, 70, 71, 73, 75, 76, 82, 83, 89, 93, 94, 97, 98, 99, 103, 104, 107, 112, 116, 121, 122, 123, 126, 140, 143, 144, 155, 162, 170, 172, 173, 178, 180, 182, 185, 188, 191, 193, 195, 196, 199, 203, 205, 207, 211, 213, 216, 217, 219, 221, 226, 231, 237, 239, 242, 245, 259, 262, 267, 268, 269, 275, 280, 281, 286, 290, 292, 301, 303, 306]","[1, 6, 8, 10, 11, 13, 14, 16, 19, 21, 28, 32, 35, 39, 41, 43, 45, 48, 49, 53, 59, 62, 69, 71, 74, 83, 84, 89, 90, 95, 101, 102, 105, 109, 111, 113, 114, 121, 123, 128, 140, 144, 147, 151, 152, 156, 159, 163, 171, 174, 176, 179, 183, 187, 190, 195, 196, 198, 200, 206, 208, 212, 214, 216, 218, 220, 222, 228, 229, 238, 241, 247, 248, 260, 263, 276, 283, 288, 291, 293, 299, 301, 306, 309]",96,84,True
17,50.89985418319702,"[0, 4, 5, 6, 10, 13, 15, 17, 18, 22, 24, 34, 38, 39, 40, 41, 42, 44, 47, 53, 54, 58, 60, 61, 62, 63, 68, 70, 71, 73, 76, 82, 83, 89, 94, 97, 98, 99, 103, 104, 107, 112, 116, 121, 122, 123, 126, 140, 143, 144, 155, 162, 170, 172, 173, 178, 180, 182, 185, 188, 191, 193, 195, 196, 199, 205, 207, 211, 213, 216, 217, 219, 221, 226, 231, 237, 239, 242, 245, 259, 262, 268, 269, 275, 280, 281, 286, 290, 292, 301, 303, 306]","[1, 6, 8, 10, 11, 13, 14, 16, 19, 21, 28, 32, 35, 39, 41, 43, 45, 48, 49, 53, 59, 62, 69, 71, 74, 83, 84, 89, 90, 95, 101, 102, 105, 109, 111, 113, 114, 121, 123, 128, 140, 144, 147, 151, 152, 156, 159, 163, 171, 174, 176, 179, 183, 187, 190, 195, 196, 198, 200, 206, 208, 212, 214, 216, 218, 220, 222, 228, 229, 238, 241, 247, 248, 260, 263, 276, 283, 288, 291, 293, 299, 301, 306, 309]",92,84,True
18,23.59179925918579,"[0, 4, 5, 6, 10, 15, 17, 18, 22, 24, 32, 34, 38, 39, 40, 41, 42, 44, 47, 53, 54, 58, 60, 61, 62, 63, 68, 70, 71, 73, 75, 76, 82, 83, 89, 93, 94, 97, 98, 99, 103, 104, 107, 112, 116, 121, 122, 123, 126, 140, 143, 144, 155, 162, 170, 172, 173, 178, 180, 182, 185, 188, 191, 193, 195, 196, 199, 203, 205, 207, 211, 213, 216, 217, 219, 221, 226, 231, 237, 239, 242, 245, 259, 262, 267, 268, 269, 275, 280, 281, 286, 290, 292, 301, 303, 306]","[1, 6, 8, 10, 11, 13, 14, 16, 19, 21, 28, 32, 35, 39, 41, 43, 45, 48, 49, 53, 59, 62, 69, 71, 74, 83, 84, 89, 90, 95, 101, 102, 105, 109, 111, 113, 114, 121, 123, 128, 140, 144, 147, 151, 152, 156, 159, 163, 171, 174, 176, 179, 183, 187, 190, 195, 196, 198, 200, 206, 208, 212, 214, 216, 218, 220, 222, 228, 229, 238, 241, 247, 248, 260, 263, 276, 283, 288, 291, 293, 299, 301, 306, 309]",96,84,True
19,24.572924613952637,"[0, 4, 5, 6, 10, 15, 17, 18, 22, 24, 32, 34, 38, 39, 40, 41, 42, 44, 47, 53, 54, 58, 60, 61, 62, 63, 68, 70, 71, 73, 75, 76, 82, 83, 89, 93, 94, 97, 98, 99, 103, 104, 107, 112, 116, 121, 122, 123, 126, 140, 143, 144, 155, 162, 170, 172, 173, 178, 180, 182, 185, 188, 191, 193, 195, 196, 199, 203, 205, 207, 211, 213, 216, 217, 219, 221, 226, 231, 237, 239, 242, 245, 259, 262, 267, 268, 269, 275, 280, 281, 286, 290, 292, 301, 303, 306]","[1, 6, 8, 10, 11, 13, 14, 16, 19, 21, 28, 32, 35, 39, 41, 43, 45, 48, 49, 53, 59, 62, 69, 71, 74, 83, 84, 89, 90, 95, 101, 102, 105, 109, 111, 113, 114, 121, 123, 128, 140, 144, 147, 151, 152, 156, 159, 163, 171, 174, 176, 179, 183, 187, 190, 195, 196, 198, 200, 206, 208, 212, 214, 216, 218, 220, 222, 228, 229, 238, 241, 247, 248, 260, 263, 276, 283, 288, 291, 293, 299, 301, 306, 309]",96,84,True
20,19.963369131088257,"[0, 4, 5, 6, 10, 13, 15, 17, 18, 22, 24, 34, 38, 39, 40, 41, 42, 44, 47, 53, 54, 58, 60, 63, 68, 70, 71, 73, 76, 82, 83, 89, 94, 97, 98, 99, 103, 104, 107, 112, 113, 116, 121, 122, 123, 126, 140, 143, 144, 155, 162, 170, 172, 173, 178, 180, 182, 185, 188, 191, 193, 195, 196, 199, 205, 207, 211, 213, 216, 217, 219, 221, 226, 231, 237, 239, 242, 245, 259, 262, 268, 269, 275, 280, 281, 286, 290, 292, 301, 303, 306]","[1, 6, 8, 10, 11, 13, 14, 16, 19, 21, 28, 32, 35, 39, 41, 43, 45, 48, 49, 53, 59, 62, 69, 71, 74, 83, 84, 89, 90, 95, 101, 102, 105, 109, 111, 113, 114, 121, 123, 128, 140, 144, 147, 151, 152, 156, 159, 163, 171, 174, 176, 179, 183, 187, 190, 195, 196, 198, 200, 206, 208, 212, 214, 216, 218, 220, 222, 228, 229, 238, 241, 247, 248, 260, 263, 276, 283, 288, 291, 293, 299, 301, 306, 309]",91,84,True
21,66.8490800857544,"[0, 4, 5, 6, 10, 15, 17, 18, 22, 24, 32, 34, 38, 39, 40, 41, 42, 44, 47, 53, 54, 58, 60, 61, 62, 63, 68, 70, 71, 73, 75, 76, 82, 83, 89, 93, 94, 97, 98, 99, 103, 104, 107, 112, 116, 121, 122, 123, 126, 140, 143, 144, 155, 162, 170, 172, 173, 178, 180, 182, 185, 188, 191, 193, 195, 196, 199, 203, 205, 207, 211, 213, 216, 217, 219, 221, 226, 231, 237, 239, 242, 245, 259, 262, 267, 268, 269, 275, 280, 281, 286, 290, 292, 301, 303, 306]","[1, 6, 8, 10, 11, 13, 14, 16, 19, 21, 28, 32, 35, 39, 41, 43, 45, 48, 49, 53, 59, 62, 69, 71, 74, 83, 84, 89, 90, 95, 101, 102, 105, 109, 111, 113, 114, 121, 123, 128, 140, 144, 147, 151, 152, 156, 159, 163, 171, 174, 176, 179, 183, 187, 190, 195, 196, 198, 200, 206, 208, 212, 214, 216, 218, 220, 222, 228, 229, 238, 241, 247, 248, 260, 263, 276, 283, 288, 291, 293, 299, 301, 306, 309]",96,84,True
22,99.10448503494263,"[0, 4, 5, 6, 10, 15, 17, 18, 22, 24, 32, 34, 38, 39, 40, 41, 42, 44, 47, 53, 54, 58, 60, 61, 62, 63, 68, 70, 71, 73, 75, 76, 82, 83, 89, 93, 94, 97, 98, 99, 103, 104, 107, 112, 116, 121, 122, 123, 126, 140, 143, 144, 155, 162, 170, 172, 173, 178, 180, 182, 185, 188, 191, 193, 195, 196, 199, 203, 205, 207, 211, 213, 216, 217, 219, 221, 226, 231, 237, 239, 242, 245, 259, 262, 267, 268, 269, 275, 280, 281, 286, 290, 292, 301, 303, 306]","[1, 6, 8, 10, 11, 13, 14, 16, 19, 21, 28, 32, 35, 39, 41, 43, 45, 48, 49, 53, 59, 62, 69, 71, 74, 83, 84, 89, 90, 95, 101, 102, 105, 109, 111, 113, 114, 121, 123, 128, 140, 144, 147, 151, 152, 156, 159, 163, 171, 174, 176, 179, 183, 187, 190, 195, 196, 198, 200, 206, 208, 212, 214, 216, 218, 220, 222, 228, 229, 238, 241, 247, 248, 260, 263, 276, 283, 288, 291, 293, 299, 301, 306, 309]",96,84,True
23,80.64360237121582,"[0, 4, 5, 6, 10, 15, 17, 18, 22, 24, 32, 34, 38, 39, 40, 41, 42, 44, 47, 53, 54, 58, 60, 61, 62, 63, 68, 70, 71, 73, 75, 76, 82, 83, 89, 93, 94, 97, 98, 99, 103, 104, 107, 112, 116, 121, 122, 123, 126, 140, 143, 144, 155, 162, 170, 172, 173, 178, 180, 182, 185, 188, 191, 193, 195, 196, 199, 203, 205, 207, 211, 213, 216, 217, 219, 221, 226, 231, 237, 239, 242, 245, 259, 262, 267, 268, 269, 275, 280, 281, 286, 290, 292, 301, 303, 306]","[1, 6, 8, 10, 11, 13, 14, 16, 19, 21, 28, 32, 35, 39, 41, 43, 45, 48, 49, 53, 59, 62, 69, 71, 74, 83, 84, 89, 90, 95, 101, 102, 105, 109, 111, 113, 114, 121, 123, 128, 140, 144, 147, 151, 152, 156, 159, 163, 171, 174, 176, 179, 183, 187, 190, 195, 196, 198, 200, 206, 208, 212, 214, 216, 218, 220, 222, 228, 229, 238, 241, 247, 248, 260, 263, 276, 283, 288, 291, 293, 299, 301, 306, 309]",96,84,True
24,72.53528261184692,"[0, 4, 5, 6, 10, 15, 17, 18, 22, 24, 32, 34, 38, 39, 40, 41, 42, 44, 47, 53, 54, 58, 60, 61, 62, 63, 68, 70, 71, 73, 75, 76, 82, 83, 89, 93, 94, 97, 98, 99, 103, 104, 107, 112, 116, 121, 122, 123, 126, 140, 143, 144, 155, 162, 170, 172, 173, 178, 180, 182, 185, 188, 191, 193, 195, 196, 199, 203, 205, 207, 211, 213, 216, 217, 219, 221, 226, 231, 237, 239, 242, 245, 259, 262, 267, 268, 269, 275, 280, 281, 286, 290, 292, 301, 303, 306]","[1, 6, 8, 10, 11, 13, 14, 16, 19, 21, 28, 32, 35, 39, 41, 43, 45, 48, 49, 53, 59, 62, 69, 71, 74, 83, 84, 89, 90, 95, 101, 102, 105, 109, 111, 113, 114, 121, 123, 128, 140, 144, 147, 151, 152, 156, 159, 163, 171, 174, 176, 179, 183, 187, 190, 195, 196, 198, 200, 206, 208, 212, 214, 216, 218, 220, 222, 228, 229, 238, 241, 247, 248, 260, 263, 276, 283, 288, 291, 293, 299, 301, 306, 309]",96,84,True
25,48.84658336639404,"[0, 4, 5, 6, 10, 15, 17, 18, 22, 24, 32, 34, 38, 39, 40, 41, 42, 44, 47, 53, 54, 58, 60, 61, 62, 63, 68, 70, 71, 73, 75, 76, 82, 83, 89, 93, 94, 97, 98, 99, 103, 104, 107, 112, 116, 121, 122, 123, 126, 140, 143, 144, 155, 162, 170, 172, 173, 178, 180, 182, 185, 188, 191, 193, 195, 196, 199, 203, 205, 207, 211, 213, 216, 217, 219, 221, 226, 231, 237, 239, 242, 245, 259, 262, 267, 268, 269, 275, 280, 281, 286, 290, 292, 301, 303, 306]","[1, 6, 8, 10, 11, 13, 14, 16, 19, 21, 28, 32, 35, 39, 41, 43, 45, 48, 49, 53, 59, 62, 69, 71, 74, 83, 84, 89, 90, 95, 101, 102, 105, 109, 111, 113, 114, 121, 123, 128, 140, 144, 147, 151, 152, 156, 159, 163, 171, 174, 176, 179, 183, 187, 190, 195, 196, 198, 200, 206, 208, 212, 214, 216, 218, 220, 222, 228, 229, 238, 241, 247, 248, 260, 263, 276, 283, 288, 291, 293, 299, 301, 306, 309]",96,84,True
26,103.05342984199524,"[0, 4, 5, 6, 10, 15, 17, 18, 22, 24, 32, 34, 38, 39, 40, 41, 42, 44, 47, 53, 54, 58, 60, 61, 62, 63, 68, 70, 71, 73, 75, 76, 82, 83, 89, 93, 94, 97, 98, 99, 103, 104, 107, 112, 116, 121, 122, 123, 126, 140, 143, 144, 155, 162, 170, 172, 173, 178, 180, 182, 185, 188, 191, 193, 195, 196, 199, 203, 205, 207, 211, 213, 216, 217, 219, 221, 226, 231, 237, 239, 242, 245, 259, 262, 267, 268, 269, 275, 280, 281, 286, 290, 292, 301, 303, 306]","[1, 6, 8, 10, 11, 13, 14, 16, 19, 21, 28, 32, 35, 39, 41, 43, 45, 48, 49, 53, 59, 62, 69, 71, 74, 83, 84, 89, 90, 95, 101, 102, 105, 109, 111, 113, 114, 121, 123, 128, 140, 144, 147, 151, 152, 156, 159, 163, 171, 174, 176, 179, 183, 187, 190, 195, 196, 198, 200, 206, 208, 212, 214, 216, 218, 220, 222, 228, 229, 238, 241, 247, 248, 260, 263, 276, 283, 288, 291, 293, 299, 301, 306, 309]",96,84,True
27,39.942415714263916,"[0, 4, 5, 6, 10, 15, 17, 18, 22, 24, 32, 34, 38, 39, 40, 41, 42, 44, 47, 53, 54, 58, 60, 61, 62, 63, 68, 70, 71, 73, 75, 76, 82, 83, 89, 93, 94, 97, 98, 99, 103, 104, 107, 112, 116, 121, 122, 123, 126, 140, 143, 144, 155, 162, 170, 172, 173, 178, 180, 182, 185, 188, 191, 193, 195, 196, 199, 203, 205, 207, 211, 213, 216, 217, 219, 221, 226, 231, 237, 239, 242, 245, 259, 262, 267, 268, 269, 275, 280, 281, 286, 290, 292, 301, 303, 306]","[1, 6, 8, 10, 11, 13, 14, 16, 19, 21, 28, 32, 35, 39, 41, 43, 45, 48, 49, 53, 59, 62, 69, 71, 74, 83, 84, 89, 90, 95, 101, 102, 105, 109, 111, 113, 114, 121, 123, 128, 140, 144, 147, 151, 152, 156, 159, 163, 171, 174, 176, 179, 183, 187, 190, 195, 196, 198, 200, 206, 208, 212, 214, 216, 218, 220, 222, 228, 229, 238, 241, 247, 248, 260, 263, 276, 283, 288, 291, 293, 299, 301, 306, 309]",96,84,True
28,55.26331830024719,"[0, 4, 5, 6, 10, 15, 17, 18, 22, 24, 32, 34, 38, 39, 40, 41, 42, 44, 47, 53, 54, 58, 60, 61, 62, 63, 68, 70, 71, 73, 75, 76, 82, 83, 89, 93, 94, 97, 98, 99, 103, 104, 107, 112, 116, 121, 122, 123, 126, 140, 143, 144, 155, 162, 170, 172, 173, 178, 180, 182, 185, 188, 191, 193, 195, 196, 199, 203, 205, 207, 211, 213, 216, 217, 219, 221, 226, 231, 237, 239, 242, 245, 259, 262, 267, 268, 269, 275, 280, 281, 286, 290, 292, 301, 303, 306]","[1, 6, 8, 10, 11, 13, 14, 16, 19, 21, 28, 32, 35, 39, 41, 43, 45, 48, 49, 53, 59, 62, 69, 71, 74, 83, 84, 89, 90, 95, 101, 102, 105, 109, 111, 113, 114, 121, 123, 128, 140, 144, 147, 151, 152, 156, 159, 163, 171, 174, 176, 179, 183, 187, 190, 195, 196, 198, 200, 206, 208, 212, 214, 216, 218, 220, 222, 228, 229, 238, 241, 247, 248, 260, 263, 276, 283, 288, 291, 293, 299, 301, 306, 309]",96,84,True
29,38.36006450653076,"[0, 4, 5, 6, 10, 15, 17, 18, 22, 24, 32, 34, 38, 39, 40, 41, 42, 44, 47, 53, 54, 58, 60, 61, 62, 63, 68, 70, 71, 73, 75, 76, 82, 83, 89, 93, 94, 97, 98, 99, 103, 104, 107, 112, 116, 121, 122, 123, 126, 140, 143, 144, 155, 162, 170, 172, 173, 178, 180, 182, 185, 188, 191, 193, 195, 196, 199, 203, 205, 207, 211, 213, 216, 217, 219, 221, 226, 231, 237, 239, 242, 245, 259, 262, 267, 268, 269, 275, 280, 281, 286, 290, 292, 301, 303, 306]","[1, 6, 8, 10, 11, 13, 14, 16, 19, 21, 28, 32, 35, 39, 41, 43, 45, 48, 49, 53, 59, 62, 69, 71, 74, 83, 84, 89, 90, 95, 101, 102, 105, 109, 111, 113, 114, 121, 123, 128, 140, 144, 147, 151, 152, 156, 159, 163, 171, 174, 176, 179, 183, 187, 190, 195, 196, 198, 200, 206, 208, 212, 214, 216, 218, 220, 222, 228, 229, 238, 241, 247, 248, 260, 263, 276, 283, 288, 291, 293, 299, 301, 306, 309]",96,84,True
30,89.42708015441895,"[0, 4, 5, 6, 10, 15, 17, 18, 22, 24, 32, 34, 38, 39, 40, 41, 42, 44, 47, 53, 54, 58, 60, 61, 62, 63, 68, 70, 71, 73, 75, 76, 82, 83, 89, 93, 94, 97, 98, 99, 103, 104, 107, 112, 116, 121, 122, 123, 126, 140, 143, 144, 155, 162, 170, 172, 173, 178, 180, 182, 185, 188, 191, 193, 195, 196, 199, 203, 205, 207, 211, 213, 216, 217, 219, 221, 226, 231, 237, 239, 242, 245, 259, 262, 267, 268, 269, 275, 280, 281, 286, 290, 292, 301, 303, 306]","[1, 6, 8, 10, 11, 13, 14, 16, 19, 21, 28, 32, 35, 39, 41, 43, 45, 48, 49, 53, 59, 62, 69, 71, 74, 83, 84, 89, 90, 95, 101, 102, 105, 109, 111, 113, 114, 121, 123, 128, 140, 144, 147, 151, 152, 156, 159, 163, 171, 174, 176, 179, 183, 187, 190, 195, 196, 198, 200, 206, 208, 212, 214, 216, 218, 220, 222, 228, 229, 238, 241, 247, 248, 260, 263, 276, 283, 288, 291, 293, 299, 301, 306, 309]",96,84,True
30,57.1954984664917,"[0, 4, 5, 6, 10, 15, 17, 18, 22, 24, 32, 34, 38, 39, 40, 41, 42, 44, 47, 53, 54, 58, 60, 61, 62, 63, 68, 70, 71, 73, 75, 76, 82, 83, 89, 93, 94, 97, 98, 99, 103, 104, 107, 112, 116, 121, 122, 123, 126, 140, 143, 144, 155, 162, 170, 172, 173, 178, 180, 182, 185, 188, 191, 193, 195, 196, 199, 203, 205, 207, 211, 213, 216, 217, 219, 221, 226, 231, 237, 239, 242, 245, 259, 262, 267, 268, 269, 275, 280, 281, 286, 290, 292, 301, 303, 306]","[1, 6, 8, 10, 11, 13, 14, 16, 19, 21, 28, 32, 35, 39, 41, 43, 45, 48, 49, 53, 59, 62, 69, 71, 74, 83, 84, 89, 90, 95, 101, 102, 105, 109, 111, 113, 114, 121, 123, 128, 140, 144, 147, 151, 152, 156, 159, 163, 171, 174, 176, 179, 183, 187, 190, 195, 196, 198, 200, 206, 208, 212, 214, 216, 218, 220, 222, 228, 229, 238, 241, 247, 248, 260, 263, 276, 283, 288, 291, 293, 299, 301, 306, 309]",96,84,True
31,199.82356715202332,"[0, 4, 5, 6, 10, 13, 15, 17, 18, 22, 24, 34, 38, 39, 40, 41, 42, 44, 47, 53, 54, 58, 60, 61, 62, 63, 68, 70, 71, 73, 76, 82, 83, 89, 94, 97, 98, 99, 103, 104, 107, 112, 116, 121, 122, 123, 126, 140, 143, 144, 155, 162, 170, 172, 173, 178, 180, 182, 185, 188, 191, 193, 195, 196, 199, 205, 207, 211, 213, 216, 217, 219, 221, 226, 231, 237, 239, 242, 245, 259, 262, 268, 269, 275, 280, 281, 286, 290, 292, 301, 303, 306]","[1, 6, 8, 10, 11, 13, 14, 16, 19, 21, 28, 32, 35, 39, 41, 43, 45, 48, 49, 53, 59, 62, 69, 71, 74, 83, 84, 89, 90, 95, 101, 102, 105, 109, 111, 113, 114, 121, 123, 128, 140, 144, 147, 151, 152, 156, 159, 163, 171, 174, 176, 179, 183, 187, 190, 195, 196, 198, 200, 206, 208, 212, 214, 216, 218, 220, 222, 228, 229, 238, 241, 247, 248, 260, 263, 276, 283, 288, 291, 293, 299, 301, 306, 309]",92,84,True
32,66.03882646560669,"[0, 4, 5, 6, 10, 13, 15, 17, 18, 22, 24, 34, 38, 39, 40, 41, 42, 44, 47, 53, 54, 58, 60, 61, 62, 63, 68, 70, 71, 73, 76, 82, 83, 89, 94, 97, 98, 99, 103, 104, 107, 112, 116, 121, 122, 123, 126, 140, 143, 144, 155, 162, 170, 172, 173, 178, 180, 182, 185, 188, 191, 193, 195, 196, 199, 205, 207, 211, 213, 216, 217, 219, 221, 226, 231, 237, 239, 242, 245, 259, 262, 268, 269, 275, 280, 281, 286, 290, 292, 301, 303, 306]","[1, 6, 8, 10, 11, 13, 14, 16, 19, 21, 28, 32, 35, 39, 41, 43, 45, 48, 49, 53, 59, 62, 69, 71, 74, 83, 84, 89, 90, 95, 101, 102, 105, 109, 111, 113, 114, 121, 123, 128, 140, 144, 147, 151, 152, 156, 159, 163, 171, 174, 176, 179, 183, 187, 190, 195, 196, 198, 200, 206, 208, 212, 214, 216, 218, 220, 222, 228, 229, 238, 241, 247, 248, 260, 263, 276, 283, 288, 291, 293, 299, 301, 306, 309]",92,84,True
33,57.13835263252258,"[0, 4, 5, 6, 10, 13, 15, 17, 18, 22, 24, 34, 38, 39, 40, 41, 42, 44, 47, 53, 54, 58, 60, 61, 62, 63, 68, 70, 71, 73, 76, 82, 83, 89, 94, 97, 98, 99, 103, 104, 107, 112, 116, 121, 122, 123, 126, 140, 143, 144, 155, 162, 170, 172, 173, 178, 180, 182, 185, 188, 191, 193, 195, 196, 199, 205, 207, 211, 213, 216, 217, 219, 221, 226, 231, 237, 239, 242, 245, 259, 262, 268, 269, 275, 280, 281, 286, 290, 292, 301, 303, 306]","[1, 6, 8, 10, 11, 13, 14, 16, 19, 21, 28, 32, 35, 39, 41, 43, 45, 48, 49, 53, 59, 62, 69, 71, 74, 83, 84, 89, 90, 95, 101, 102, 105, 109, 111, 113, 114, 121, 123, 128, 140, 144, 147, 151, 152, 156, 159, 163, 171, 174, 176, 179, 183, 187, 190, 195, 196, 198, 200, 206, 208, 212, 214, 216, 218, 220, 222, 228, 229, 238, 241, 247, 248, 260, 263, 276, 283, 288, 291, 293, 299, 301, 306, 309]",92,84,True
34,104.07828497886658,"[0, 4, 5, 6, 10, 13, 15, 17, 18, 22, 24, 34, 38, 39, 40, 41, 42, 44, 47, 53, 54, 58, 60, 61, 62, 63, 68, 70, 71, 73, 76, 82, 83, 89, 94, 97, 98, 99, 103, 104, 107, 112, 116, 121, 122, 123, 126, 140, 143, 144, 155, 162, 170, 172, 173, 178, 180, 182, 185, 188, 191, 193, 195, 196, 199, 205, 207, 211, 213, 216, 217, 219, 221, 226, 231, 237, 239, 242, 245, 259, 262, 268, 269, 275, 280, 281, 286, 290, 292, 301, 303, 306]","[1, 6, 8, 10, 11, 13, 14, 16, 19, 21, 28, 32, 35, 39, 41, 43, 45, 48, 49, 53, 59, 62, 69, 71, 74, 83, 84, 89, 90, 95, 101, 102, 105, 109, 111, 113, 114, 121, 123, 128, 140, 144, 147, 151, 152, 156, 159, 163, 171, 174, 176, 179, 183, 187, 190, 195, 196, 198, 200, 206, 208, 212, 214, 216, 218, 220, 222, 228, 229, 238, 241, 247, 248, 260, 263, 276, 283, 288, 291, 293, 299, 301, 306, 309]",92,84,True
35,36.93791913986206,"[0, 4, 5, 6, 10, 15, 17, 18, 22, 24, 32, 34, 38, 39, 40, 41, 42, 44, 47, 53, 54, 58, 60, 61, 62, 63, 68, 70, 71, 73, 75, 76, 82, 83, 89, 93, 94, 97, 98, 99, 103, 104, 107, 112, 116, 121, 122, 123, 126, 140, 143, 144, 155, 162, 170, 172, 173, 178, 180, 182, 185, 188, 191, 193, 195, 196, 199, 203, 205, 207, 211, 213, 216, 217, 219, 221, 226, 231, 237, 239, 242, 245, 259, 262, 267, 268, 269, 275, 280, 281, 286, 290, 292, 301, 303, 306]","[1, 6, 8, 10, 11, 13, 14, 16, 19, 21, 28, 32, 35, 39, 41, 43, 45, 48, 49, 53, 59, 62, 69, 71, 74, 83, 84, 89, 90, 95, 101, 102, 105, 109, 111, 113, 114, 121, 123, 128, 140, 144, 147, 151, 152, 156, 159, 163, 171, 174, 176, 179, 183, 187, 190, 195, 196, 198, 200, 206, 208, 212, 214, 216, 218, 220, 222, 228, 229, 238, 241, 247, 248, 260, 263, 276, 283, 288, 291, 293, 299, 301, 306, 309]",96,84,True
36,86.57440996170044,"[0, 4, 5, 6, 10, 15, 17, 18, 22, 24, 32, 34, 38, 39, 40, 41, 42, 44, 47, 53, 54, 58, 60, 61, 62, 63, 68, 70, 71, 73, 75, 76, 82, 83, 89, 93, 94, 97, 98, 99, 103, 104, 107, 112, 116, 121, 122, 123, 126, 140, 143, 144, 155, 162, 170, 172, 173, 178, 180, 182, 185, 188, 191, 193, 195, 196, 199, 203, 205, 207, 211, 213, 216, 217, 219, 221, 226, 231, 237, 239, 242, 245, 259, 262, 267, 268, 269, 275, 280, 281, 286, 290, 292, 301, 303, 306]","[1, 6, 8, 10, 11, 13, 14, 16, 19, 21, 28, 32, 35, 39, 41, 43, 45, 48, 49, 53, 59, 62, 69, 71, 74, 83, 84, 89, 90, 95, 101, 102, 105, 109, 111, 113, 114, 121, 123, 128, 140, 144, 147, 151, 152, 156, 159, 163, 171, 174, 176, 179, 183, 187, 190, 195, 196, 198, 200, 206, 208, 212, 214, 216, 218, 220, 222, 228, 229, 238, 241, 247, 248, 260, 263, 276, 283, 288, 291, 293, 299, 301, 306, 309]",96,84,True
37,106.75622153282166,"[0, 4, 5, 6, 10, 15, 17, 18, 22, 24, 32, 34, 38, 39, 40, 41, 42, 44, 47, 53, 54, 58, 60, 61, 62, 63, 68, 70, 71, 73, 75, 76, 82, 83, 89, 93, 94, 97, 98, 99, 103, 104, 107, 112, 116, 121, 122, 123, 126, 140, 143, 144, 155, 162, 170, 172, 173, 178, 180, 182, 185, 188, 191, 193, 195, 196, 199, 203, 205, 207, 211, 213, 216, 217, 219, 221, 226, 231, 237, 239, 242, 245, 259, 262, 267, 268, 269, 275, 280, 281, 286, 290, 292, 301, 303, 306]","[1, 6, 8, 10, 11, 13, 14, 16, 19, 21, 28, 32, 35, 39, 41, 43, 45, 48, 49, 53, 59, 62, 69, 71, 74, 83, 84, 89, 90, 95, 101, 102, 105, 109, 111, 113, 114, 121, 123, 128, 140, 144, 147, 151, 152, 156, 159, 163, 171, 174, 176, 179, 183, 187, 190, 195, 196, 198, 200, 206, 208, 212, 214, 216, 218, 220, 222, 228, 229, 238, 241, 247, 248, 260, 263, 276, 283, 288, 291, 293, 299, 301, 306, 309]",96,84,True
38,57.324522972106934,"[0, 4, 5, 6, 10, 15, 17, 18, 22, 24, 32, 34, 38, 39, 40, 41, 42, 44, 47, 53, 54, 58, 60, 61, 62, 63, 68, 70, 71, 73, 75, 76, 82, 83, 89, 93, 94, 97, 98, 99, 103, 104, 107, 112, 116, 121, 122, 123, 126, 140, 143, 144, 155, 162, 170, 172, 173, 178, 180, 182, 185, 188, 191, 193, 195, 196, 199, 203, 205, 207, 211, 213, 216, 217, 219, 221, 226, 231, 237, 239, 242, 245, 259, 262, 267, 268, 269, 275, 280, 281, 286, 290, 292, 301, 303, 306]","[1, 6, 8, 10, 11, 13, 14, 16, 19, 21, 28, 32, 35, 39, 41, 43, 45, 48, 49, 53, 59, 62, 69, 71, 74, 83, 84, 89, 90, 95, 101, 102, 105, 109, 111, 113, 114, 121, 123, 128, 140, 144, 147, 151, 152, 156, 159, 163, 171, 174, 176, 179, 183, 187, 190, 195, 196, 198, 200, 206, 208, 212, 214, 216, 218, 220, 222, 228, 229, 238, 241, 247, 248, 260, 263, 276, 283, 288, 291, 293, 299, 301, 306, 309]",96,84,True
39,31.13765048980713,"[0, 4, 5, 6, 10, 15, 17, 18, 22, 24, 32, 34, 38, 39, 40, 41, 42, 44, 47, 53, 54, 58, 60, 61, 62, 63, 68, 70, 71, 73, 75, 76, 82, 83, 89, 93, 94, 97, 98, 99, 103, 104, 107, 112, 116, 121, 122, 123, 126, 140, 143, 144, 155, 162, 170, 172, 173, 178, 180, 182, 185, 188, 191, 193, 195, 196, 199, 203, 205, 207, 211, 213, 216, 217, 219, 221, 226, 231, 237, 239, 242, 245, 259, 262, 267, 268, 269, 275, 280, 281, 286, 290, 292, 301, 303, 306]","[1, 6, 8, 10, 11, 13, 14, 16, 19, 21, 28, 32, 35, 39, 41, 43, 45, 48, 49, 53, 59, 62, 69, 71, 74, 83, 84, 89, 90, 95, 101, 102, 105, 109, 111, 113, 114, 121, 123, 128, 140, 144, 147, 151, 152, 156, 159, 163, 171, 174, 176, 179, 183, 187, 190, 195, 196, 198, 200, 206, 208, 212, 214, 216, 218, 220, 222, 228, 229, 238, 241, 247, 248, 260, 263, 276, 283, 288, 291, 293, 299, 301, 306, 309]",96,84,True
40,134.8917739391327,"[0, 4, 5, 6, 10, 15, 17, 18, 22, 24, 32, 34, 38, 39, 40, 41, 42, 44, 47, 53, 54, 58, 60, 61, 62, 63, 68, 70, 71, 73, 75, 76, 82, 83, 89, 93, 94, 97, 98, 99, 103, 104, 107, 112, 116, 121, 122, 123, 126, 140, 143, 144, 155, 162, 170, 172, 173, 178, 180, 182, 185, 188, 191, 193, 195, 196, 199, 203, 205, 207, 211, 213, 216, 217, 219, 221, 226, 231, 237, 239, 242, 245, 259, 262, 267, 268, 269, 275, 280, 281, 286, 290, 292, 301, 303, 306]","[1, 6, 8, 10, 11, 13, 14, 16, 19, 21, 28, 32, 35, 39, 41, 43, 45, 48, 49, 53, 59, 62, 69, 71, 74, 83, 84, 89, 90, 95, 101, 102, 105, 109, 111, 113, 114, 121, 123, 128, 140, 144, 147, 151, 152, 156, 159, 163, 171, 174, 176, 179, 183, 187, 190, 195, 196, 198, 200, 206, 208, 212, 214, 216, 218, 220, 222, 228, 229, 238, 241, 247, 248, 260, 263, 276, 283, 288, 291, 293, 299, 301, 306, 309]",96,84,True
41,139.49996423721313,"[0, 4, 5, 6, 10, 15, 17, 18, 22, 24, 32, 34, 38, 39, 40, 41, 42, 44, 47, 53, 54, 58, 60, 61, 62, 63, 68, 70, 71, 73, 75, 76, 82, 83, 89, 93, 94, 97, 98, 99, 103, 104, 107, 112, 116, 121, 122, 123, 126, 140, 143, 144, 155, 162, 170, 172, 173, 178, 180, 182, 185, 188, 191, 193, 195, 196, 199, 203, 205, 207, 211, 213, 216, 217, 219, 221, 226, 231, 237, 239, 242, 245, 259, 262, 267, 268, 269, 275, 280, 281, 286, 290, 292, 301, 303, 306]","[1, 6, 8, 10, 11, 13, 14, 16, 19, 21, 28, 32, 35, 39, 41, 43, 45, 48, 49, 53, 59, 62, 69, 71, 74, 83, 84, 89, 90, 95, 101, 102, 105, 109, 111, 113, 114, 121, 123, 128, 140, 144, 147, 151, 152, 156, 159, 163, 171, 174, 176, 179, 183, 187, 190, 195, 196, 198, 200, 206, 208, 212, 214, 216, 218, 220, 222, 228, 229, 238, 241, 247, 248, 260, 263, 276, 283, 288, 291, 293, 299, 301, 306, 309]",96,84,True
42,108.4609146118164,"[0, 4, 5, 6, 10, 15, 17, 18, 22, 24, 32, 34, 38, 39, 40, 41, 42, 44, 47, 53, 54, 58, 60, 61, 62, 63, 68, 70, 71, 73, 75, 76, 82, 83, 89, 93, 94, 97, 98, 99, 103, 104, 107, 112, 116, 121, 122, 123, 126, 140, 143, 144, 155, 162, 170, 172, 173, 178, 180, 182, 185, 188, 191, 193, 195, 196, 199, 203, 205, 207, 211, 213, 216, 217, 219, 221, 226, 231, 237, 239, 242, 245, 259, 262, 267, 268, 269, 275, 280, 281, 286, 290, 292, 301, 303, 306]","[1, 6, 8, 10, 11, 13, 14, 16, 19, 21, 28, 32, 35, 39, 41, 43, 45, 48, 49, 53, 59, 62, 69, 71, 74, 83, 84, 89, 90, 95, 101, 102, 105, 109, 111, 113, 114, 121, 123, 128, 140, 144, 147, 151, 152, 156, 159, 163, 171, 174, 176, 179, 183, 187, 190, 195, 196, 198, 200, 206, 208, 212, 214, 216, 218, 220, 222, 228, 229, 238, 241, 247, 248, 260, 263, 276, 283, 288, 291, 293, 299, 301, 306, 309]",96,84,True
43,139.21009469032288,"[0, 4, 5, 6, 10, 15, 17, 18, 22, 24, 32, 34, 38, 39, 40, 41, 42, 44, 47, 53, 54, 58, 60, 61, 62, 63, 68, 70, 71, 73, 75, 76, 82, 83, 89, 93, 94, 97, 98, 99, 103, 104, 107, 112, 116, 121, 122, 123, 126, 140, 143, 144, 155, 162, 170, 172, 173, 178, 180, 182, 185, 188, 191, 193, 195, 196, 199, 203, 205, 207, 211, 213, 216, 217, 219, 221, 226, 231, 237, 239, 242, 245, 259, 262, 267, 268, 269, 275, 280, 281, 286, 290, 292, 301, 303, 306]","[1, 6, 8, 10, 11, 13, 14, 16, 19, 21, 28, 32, 35, 39, 41, 43, 45, 48, 49, 53, 59, 62, 69, 71, 74, 83, 84, 89, 90, 95, 101, 102, 105, 109, 111, 113, 114, 121, 123, 128, 140, 144, 147, 151, 152, 156, 159, 163, 171, 174, 176, 179, 183, 187, 190, 195, 196, 198, 200, 206, 208, 212, 214, 216, 218, 220, 222, 228, 229, 238, 241, 247, 248, 260, 263, 276, 283, 288, 291, 293, 299, 301, 306, 309]",96,84,True
44,253.29474067687988,"[0, 4, 5, 6, 10, 13, 15, 17, 18, 22, 24, 34, 38, 39, 40, 41, 42, 44, 47, 53, 54, 58, 60, 61, 62, 63, 68, 70, 71, 73, 76, 82, 83, 89, 94, 97, 98, 99, 103, 104, 107, 112, 116, 121, 122, 123, 126, 140, 143, 144, 155, 162, 170, 172, 173, 178, 180, 182, 185, 188, 191, 193, 195, 196, 199, 205, 207, 211, 213, 216, 217, 219, 221, 226, 231, 237, 239, 242, 245, 259, 262, 268, 269, 275, 280, 281, 286, 290, 292, 301, 303, 306]","[1, 6, 8, 10, 11, 13, 14, 16, 19, 21, 28, 32, 35, 39, 41, 43, 45, 48, 49, 53, 59, 62, 69, 71, 74, 83, 84, 89, 90, 95, 101, 102, 105, 109, 111, 113, 114, 121, 123, 128, 140, 144, 147, 151, 152, 156, 159, 163, 171, 174, 176, 179, 183, 187, 190, 195, 196, 198, 200, 206, 208, 212, 214, 216, 218, 220, 222, 228, 229, 238, 241, 247, 248, 260, 263, 276, 283, 288, 291, 293, 299, 301, 306, 309]",92,84,True
45,124.75064325332642,"[0, 4, 5, 6, 10, 15, 17, 18, 22, 24, 32, 34, 38, 39, 40, 41, 42, 44, 47, 53, 54, 58, 60, 61, 62, 63, 68, 70, 71, 73, 75, 76, 82, 83, 89, 93, 94, 97, 98, 99, 103, 104, 107, 112, 116, 121, 122, 123, 126, 140, 143, 144, 155, 162, 170, 172, 173, 178, 180, 182, 185, 188, 191, 193, 195, 196, 199, 203, 205, 207, 211, 213, 216, 217, 219, 221, 226, 231, 237, 239, 242, 245, 259, 262, 267, 268, 269, 275, 280, 281, 286, 290, 292, 301, 303, 306]","[1, 6, 8, 10, 11, 13, 14, 16, 19, 21, 28, 32, 35, 39, 41, 43, 45, 48, 49, 53, 59, 62, 69, 71, 74, 83, 84, 89, 90, 95, 101, 102, 105, 109, 111, 113, 114, 121, 123, 128, 140, 144, 147, 151, 152, 156, 159, 163, 171, 174, 176, 179, 183, 187, 190, 195, 196, 198, 200, 206, 208, 212, 214, 216, 218, 220, 222, 228, 229, 238, 241, 247, 248, 260, 263, 276, 283, 288, 291, 293, 299, 301, 306, 309]",96,84,True
45,148.3915569782257,"[0, 4, 5, 6, 10, 15, 17, 18, 22, 24, 32, 34, 38, 39, 40, 41, 42, 44, 47, 53, 54, 58, 60, 61, 62, 63, 68, 70, 71, 73, 75, 76, 82, 83, 89, 93, 94, 97, 98, 99, 103, 104, 107, 112, 116, 121, 122, 123, 126, 140, 143, 144, 155, 162, 170, 172, 173, 178, 180, 182, 185, 188, 191, 193, 195, 196, 199, 203, 205, 207, 211, 213, 216, 217, 219, 221, 226, 231, 237, 239, 242, 245, 259, 262, 267, 268, 269, 275, 280, 281, 286, 290, 292, 301, 303, 306]","[1, 6, 8, 10, 11, 13, 14, 16, 19, 21, 28, 32, 35, 39, 41, 43, 45, 48, 49, 53, 59, 62, 69, 71, 74, 83, 84, 89, 90, 95, 101, 102, 105, 109, 111, 113, 114, 121, 123, 128, 140, 144, 147, 151, 152, 156, 159, 163, 171, 174, 176, 179, 183, 187, 190, 195, 196, 198, 200, 206, 208, 212, 214, 216, 218, 220, 222, 228, 229, 238, 241, 247, 248, 260, 263, 276, 283, 288, 291, 293, 299, 301, 306, 309]",96,84,True
46,92.0519027709961,"[0, 4, 5, 6, 10, 15, 17, 18, 22, 24, 32, 34, 38, 39, 40, 41, 42, 44, 47, 53, 54, 58, 60, 61, 62, 63, 68, 70, 71, 73, 75, 76, 82, 83, 89, 93, 94, 97, 98, 99, 103, 104, 107, 112, 116, 121, 122, 123, 126, 140, 143, 144, 155, 162, 170, 172, 173, 178, 180, 182, 185, 188, 191, 193, 195, 196, 199, 203, 205, 207, 211, 213, 216, 217, 219, 221, 226, 231, 237, 239, 242, 245, 259, 262, 267, 268, 269, 275, 280, 281, 286, 290, 292, 301, 303, 306]","[1, 6, 8, 10, 11, 13, 14, 16, 19, 21, 28, 32, 35, 39, 41, 43, 45, 48, 49, 53, 59, 62, 69, 71, 74, 83, 84, 89, 90, 95, 101, 102, 105, 109, 111, 113, 114, 121, 123, 128, 140, 144, 147, 151, 152, 156, 159, 163, 171, 174, 176, 179, 183, 187, 190, 195, 196, 198, 200, 206, 208, 212, 214, 216, 218, 220, 222, 228, 229, 238, 241, 247, 248, 260, 263, 276, 283, 288, 291, 293, 299, 301, 306, 309]",96,84,True
47,117.34718060493469,"[0, 4, 5, 6, 10, 15, 17, 18, 22, 24, 32, 34, 38, 39, 40, 41, 42, 44, 47, 53, 54, 58, 60, 61, 62, 63, 68, 70, 71, 73, 75, 76, 82, 83, 89, 93, 94, 97, 98, 99, 103, 104, 107, 112, 116, 121, 122, 123, 126, 140, 143, 144, 155, 162, 170, 172, 173, 178, 180, 182, 185, 188, 191, 193, 195, 196, 199, 203, 205, 207, 211, 213, 216, 217, 219, 221, 226, 231, 237, 239, 242, 245, 259, 262, 267, 268, 269, 275, 280, 281, 286, 290, 292, 301, 303, 306]","[1, 6, 8, 10, 11, 13, 14, 16, 19, 21, 28, 32, 35, 39, 41, 43, 45, 48, 49, 53, 59, 62, 69, 71, 74, 83, 84, 89, 90, 95, 101, 102, 105, 109, 111, 113, 114, 121, 123, 128, 140, 144, 147, 151, 152, 156, 159, 163, 171, 174, 176, 179, 183, 187, 190, 195, 196, 198, 200, 206, 208, 212, 214, 216, 218, 220, 222, 228, 229, 238, 241, 247, 248, 260, 263, 276, 283, 288, 291, 293, 299, 301, 306, 309]",96,84,True
48,93.99401211738586,"[0, 4, 5, 6, 10, 15, 17, 18, 22, 24, 32, 34, 38, 39, 40, 41, 42, 44, 47, 53, 54, 58, 60, 61, 62, 63, 68, 70, 71, 73, 75, 76, 82, 83, 89, 93, 94, 97, 98, 99, 103, 104, 107, 112, 116, 121, 122, 123, 126, 140, 143, 144, 155, 162, 170, 172, 173, 178, 180, 182, 185, 188, 191, 193, 195, 196, 199, 203, 205, 207, 211, 213, 216, 217, 219, 221, 226, 231, 237, 239, 242, 245, 259, 262, 267, 268, 269, 275, 280, 281, 286, 290, 292, 301, 303, 306]","[1, 6, 8, 10, 11, 13, 14, 16, 19, 21, 28, 32, 35, 39, 41, 43, 45, 48, 49, 53, 59, 62, 69, 71, 74, 83, 84, 89, 90, 95, 101, 102, 105, 109, 111, 113, 114, 121, 123, 128, 140, 144, 147, 151, 152, 156, 159, 163, 171, 174, 176, 179, 183, 187, 190, 195, 196, 198, 200, 206, 208, 212, 214, 216, 218, 220, 222, 228, 229, 238, 241, 247, 248, 260, 263, 276, 283, 288, 291, 293, 299, 301, 306, 309]",96,84,True
49,134.18376350402832,"[0, 259, 4, 5, 6, 262, 10, 267, 268, 269, 15, 17, 18, 275, 22, 24, 280, 281, 286, 32, 34, 290, 292, 38, 39, 40, 41, 42, 44, 301, 47, 303, 306, 53, 54, 58, 60, 61, 62, 63, 68, 70, 71, 73, 76, 82, 83, 89, 94, 97, 98, 99, 103, 104, 107, 112, 116, 121, 122, 123, 126, 140, 143, 144, 155, 162, 170, 172, 173, 178, 180, 182, 185, 188, 191, 193, 195, 196, 199, 205, 207, 211, 213, 216, 217, 219, 221, 226, 231, 237, 239, 242, 245]","[1, 6, 8, 10, 11, 13, 14, 16, 19, 21, 28, 32, 35, 39, 41, 43, 45, 48, 49, 53, 59, 62, 69, 71, 74, 83, 84, 89, 90, 95, 101, 102, 105, 109, 111, 113, 114, 121, 123, 128, 140, 144, 147, 151, 152, 156, 159, 163, 171, 174, 176, 179, 183, 187, 190, 195, 196, 198, 200, 206, 208, 212, 214, 216, 218, 220, 222, 228, 229, 238, 241, 247, 248, 260, 263, 276, 283, 288, 291, 293, 299, 301, 306, 309]",93,84,True
50,72.47475528717041,"[0, 4, 5, 6, 10, 15, 17, 18, 22, 24, 32, 34, 38, 39, 40, 41, 42, 44, 47, 53, 54, 58, 60, 61, 62, 63, 68, 70, 71, 73, 75, 76, 82, 83, 89, 93, 94, 97, 98, 99, 103, 104, 107, 112, 116, 121, 122, 123, 126, 140, 143, 144, 155, 162, 170, 172, 173, 178, 180, 182, 185, 188, 191, 193, 195, 196, 199, 203, 205, 207, 211, 213, 216, 217, 219, 221, 226, 231, 237, 239, 242, 245, 259, 262, 267, 268, 269, 275, 280, 281, 286, 290, 292, 301, 303, 306]","[1, 6, 8, 10, 11, 13, 14, 16, 19, 21, 28, 32, 35, 39, 41, 43, 45, 48, 49, 53, 59, 62, 69, 71, 74, 83, 84, 89, 90, 95, 101, 102, 105, 109, 111, 113, 114, 121, 123, 128, 140, 144, 147, 151, 152, 156, 159, 163, 171, 174, 176, 179, 183, 187, 190, 195, 196, 198, 200, 206, 208, 212, 214, 216, 218, 220, 222, 228, 229, 238, 241, 247, 248, 260, 263, 276, 283, 288, 291, 293, 299, 301, 306, 309]",96,84,True
51,299.0813319683075,"[0, 4, 5, 6, 10, 13, 15, 17, 18, 22, 24, 34, 38, 39, 40, 41, 42, 44, 47, 53, 54, 58, 60, 61, 62, 63, 68, 70, 71, 73, 76, 82, 83, 89, 94, 97, 98, 99, 103, 104, 107, 112, 116, 121, 122, 123, 126, 140, 143, 144, 155, 162, 170, 172, 173, 178, 180, 182, 185, 188, 191, 193, 195, 196, 199, 205, 207, 211, 213, 216, 217, 219, 221, 226, 231, 237, 239, 242, 245, 259, 262, 268, 269, 275, 280, 281, 286, 290, 292, 301, 303, 306]","[1, 6, 8, 10, 11, 13, 14, 16, 19, 21, 28, 32, 35, 39, 41, 43, 45, 48, 49, 53, 59, 62, 69, 71, 74, 83, 84, 89, 90, 95, 101, 102, 105, 109, 111, 113, 114, 121, 123, 128, 140, 144, 147, 151, 152, 156, 159, 163, 171, 174, 176, 179, 183, 187, 190, 195, 196, 198, 200, 206, 208, 212, 214, 216, 218, 220, 222, 228, 229, 238, 241, 247, 248, 260, 263, 276, 283, 288, 291, 293, 299, 301, 306, 309]",92,84,True
52,76.44615888595581,"[0, 4, 5, 6, 10, 15, 17, 18, 22, 24, 32, 34, 38, 39, 40, 41, 42, 44, 47, 53, 54, 58, 60, 61, 62, 63, 68, 70, 71, 73, 75, 76, 82, 83, 89, 93, 94, 97, 98, 99, 103, 104, 107, 112, 116, 121, 122, 123, 126, 140, 143, 144, 155, 162, 170, 172, 173, 178, 180, 182, 185, 188, 191, 193, 195, 196, 199, 203, 205, 207, 211, 213, 216, 217, 219, 221, 226, 231, 237, 239, 242, 245, 259, 262, 267, 268, 269, 275, 280, 281, 286, 290, 292, 301, 303, 306]","[1, 6, 8, 10, 11, 13, 14, 16, 19, 21, 28, 32, 35, 39, 41, 43, 45, 48, 49, 53, 59, 62, 69, 71, 74, 83, 84, 89, 90, 95, 101, 102, 105, 109, 111, 113, 114, 121, 123, 128, 140, 144, 147, 151, 152, 156, 159, 163, 171, 174, 176, 179, 183, 187, 190, 195, 196, 198, 200, 206, 208, 212, 214, 216, 218, 220, 222, 228, 229, 238, 241, 247, 248, 260, 263, 276, 283, 288, 291, 293, 299, 301, 306, 309]",96,84,True
53,83.4898910522461,"[0, 4, 5, 6, 10, 15, 17, 18, 22, 24, 32, 34, 38, 39, 40, 41, 42, 44, 47, 53, 54, 58, 60, 61, 62, 63, 68, 70, 71, 73, 75, 76, 82, 83, 89, 93, 94, 97, 98, 99, 103, 104, 107, 112, 116, 121, 122, 123, 126, 140, 143, 144, 155, 162, 170, 172, 173, 178, 180, 182, 185, 188, 191, 193, 195, 196, 199, 203, 205, 207, 211, 213, 216, 217, 219, 221, 226, 231, 237, 239, 242, 245, 259, 262, 267, 268, 269, 275, 280, 281, 286, 290, 292, 301, 303, 306]","[1, 6, 8, 10, 11, 13, 14, 16, 19, 21, 28, 32, 35, 39, 41, 43, 45, 48, 49, 53, 59, 62, 69, 71, 74, 83, 84, 89, 90, 95, 101, 102, 105, 109, 111, 113, 114, 121, 123, 128, 140, 144, 147, 151, 152, 156, 159, 163, 171, 174, 176, 179, 183, 187, 190, 195, 196, 198, 200, 206, 208, 212, 214, 216, 218, 220, 222, 228, 229, 238, 241, 247, 248, 260, 263, 276, 283, 288, 291, 293, 299, 301, 306, 309]",96,84,True
54,84.85552644729614,"[0, 4, 5, 6, 10, 15, 17, 18, 22, 24, 32, 34, 38, 39, 40, 41, 42, 44, 47, 53, 54, 58, 60, 61, 62, 63, 68, 70, 71, 73, 75, 76, 82, 83, 89, 93, 94, 97, 98, 99, 103, 104, 107, 112, 116, 121, 122, 123, 126, 140, 143, 144, 155, 162, 170, 172, 173, 178, 180, 182, 185, 188, 191, 193, 195, 196, 199, 203, 205, 207, 211, 213, 216, 217, 219, 221, 226, 231, 237, 239, 242, 245, 259, 262, 267, 268, 269, 275, 280, 281, 286, 290, 292, 301, 303, 306]","[1, 6, 8, 10, 11, 13, 14, 16, 19, 21, 28, 32, 35, 39, 41, 43, 45, 48, 49, 53, 59, 62, 69, 71, 74, 83, 84, 89, 90, 95, 101, 102, 105, 109, 111, 113, 114, 121, 123, 128, 140, 144, 147, 151, 152, 156, 159, 163, 171, 174, 176, 179, 183, 187, 190, 195, 196, 198, 200, 206, 208, 212, 214, 216, 218, 220, 222, 228, 229, 238, 241, 247, 248, 260, 263, 276, 283, 288, 291, 293, 299, 301, 306, 309]",96,84,True
55,145.26892971992493,"[0, 4, 5, 6, 10, 15, 17, 18, 22, 24, 32, 34, 38, 39, 40, 41, 42, 44, 47, 53, 54, 58, 60, 61, 62, 63, 68, 70, 71, 73, 75, 76, 82, 83, 89, 93, 94, 97, 98, 99, 103, 104, 107, 112, 116, 121, 122, 123, 126, 140, 143, 144, 155, 162, 170, 172, 173, 178, 180, 182, 185, 188, 191, 193, 195, 196, 199, 203, 205, 207, 211, 213, 216, 217, 219, 221, 226, 231, 237, 239, 242, 245, 259, 262, 267, 268, 269, 275, 280, 281, 286, 290, 292, 301, 303, 306]","[1, 6, 8, 10, 11, 13, 14, 16, 19, 21, 28, 32, 35, 39, 41, 43, 45, 48, 49, 53, 59, 62, 69, 71, 74, 83, 84, 89, 90, 95, 101, 102, 105, 109, 111, 113, 114, 121, 123, 128, 140, 144, 147, 151, 152, 156, 159, 163, 171, 174, 176, 179, 183, 187, 190, 195, 196, 198, 200, 206, 208, 212, 214, 216, 218, 220, 222, 228, 229, 238, 241, 247, 248, 260, 263, 276, 283, 288, 291, 293, 299, 301, 306, 309]",96,84,True
56,76.83661198616028,"[0, 4, 5, 6, 10, 15, 17, 18, 22, 24, 32, 34, 38, 39, 40, 41, 42, 44, 47, 53, 54, 58, 60, 61, 62, 63, 68, 70, 71, 73, 75, 76, 82, 83, 89, 93, 94, 97, 98, 99, 103, 104, 107, 112, 116, 121, 122, 123, 126, 140, 143, 144, 155, 162, 170, 172, 173, 178, 180, 182, 185, 188, 191, 193, 195, 196, 199, 203, 205, 207, 211, 213, 216, 217, 219, 221, 226, 231, 237, 239, 242, 245, 259, 262, 267, 268, 269, 275, 280, 281, 286, 290, 292, 301, 303, 306]","[1, 6, 8, 10, 11, 13, 14, 16, 19, 21, 28, 32, 35, 39, 41, 43, 45, 48, 49, 53, 59, 62, 69, 71, 74, 83, 84, 89, 90, 95, 101, 102, 105, 109, 111, 113, 114, 121, 123, 128, 140, 144, 147, 151, 152, 156, 159, 163, 171, 174, 176, 179, 183, 187, 190, 195, 196, 198, 200, 206, 208, 212, 214, 216, 218, 220, 222, 228, 229, 238, 241, 247, 248, 260, 263, 276, 283, 288, 291, 293, 299, 301, 306, 309]",96,84,True
57,75.21427845954895,"[0, 4, 5, 6, 10, 15, 17, 18, 22, 24, 32, 34, 38, 39, 40, 41, 42, 44, 47, 53, 54, 58, 60, 61, 62, 63, 68, 70, 71, 73, 75, 76, 82, 83, 89, 93, 94, 97, 98, 99, 103, 104, 107, 112, 116, 121, 122, 123, 126, 140, 143, 144, 155, 162, 170, 172, 173, 178, 180, 182, 185, 188, 191, 193, 195, 196, 199, 203, 205, 207, 211, 213, 216, 217, 219, 221, 226, 231, 237, 239, 242, 245, 259, 262, 267, 268, 269, 275, 280, 281, 286, 290, 292, 301, 303, 306]","[1, 6, 8, 10, 11, 13, 14, 16, 19, 21, 28, 32, 35, 39, 41, 43, 45, 48, 49, 53, 59, 62, 69, 71, 74, 83, 84, 89, 90, 95, 101, 102, 105, 109, 111, 113, 114, 121, 123, 128, 140, 144, 147, 151, 152, 156, 159, 163, 171, 174, 176, 179, 183, 187, 190, 195, 196, 198, 200, 206, 208, 212, 214, 216, 218, 220, 222, 228, 229, 238, 241, 247, 248, 260, 263, 276, 283, 288, 291, 293, 299, 301, 306, 309]",96,84,True
58,201.28324365615845,"[0, 4, 5, 6, 10, 13, 15, 17, 18, 22, 24, 34, 38, 39, 40, 41, 42, 44, 47, 53, 54, 58, 60, 61, 62, 63, 68, 70, 71, 73, 76, 82, 83, 89, 94, 97, 98, 99, 103, 104, 107, 112, 116, 121, 122, 123, 126, 140, 143, 144, 155, 162, 170, 172, 173, 178, 180, 182, 185, 188, 191, 193, 195, 196, 199, 205, 207, 211, 213, 216, 217, 219, 221, 226, 231, 237, 239, 242, 245, 259, 262, 268, 269, 275, 280, 281, 286, 290, 292, 301, 303, 306]","[1, 6, 8, 10, 11, 13, 14, 16, 19, 21, 28, 32, 35, 39, 41, 43, 45, 48, 49, 53, 59, 62, 69, 71, 74, 83, 84, 89, 90, 95, 101, 102, 105, 109, 111, 113, 114, 121, 123, 128, 140, 144, 147, 151, 152, 156, 159, 163, 171, 174, 176, 179, 183, 187, 190, 195, 196, 198, 200, 206, 208, 212, 214, 216, 218, 220, 222, 228, 229, 238, 241, 247, 248, 260, 263, 276, 283, 288, 291, 293, 299, 301, 306, 309]",92,84,True
59,154.77920126914978,"[0, 4, 5, 6, 10, 15, 17, 18, 22, 24, 32, 34, 38, 39, 40, 41, 42, 44, 47, 53, 54, 58, 60, 61, 62, 63, 68, 70, 71, 73, 75, 76, 82, 83, 89, 93, 94, 97, 98, 99, 103, 104, 107, 112, 116, 121, 122, 123, 126, 140, 143, 144, 155, 162, 170, 172, 173, 178, 180, 182, 185, 188, 191, 193, 195, 196, 199, 203, 205, 207, 211, 213, 216, 217, 219, 221, 226, 231, 237, 239, 242, 245, 259, 262, 267, 268, 269, 275, 280, 281, 286, 290, 292, 301, 303, 306]","[1, 6, 8, 10, 11, 13, 14, 16, 19, 21, 28, 32, 35, 39, 41, 43, 45, 48, 49, 53, 59, 62, 69, 71, 74, 83, 84, 89, 90, 95, 101, 102, 105, 109, 111, 113, 114, 121, 123, 128, 140, 144, 147, 151, 152, 156, 159, 163, 171, 174, 176, 179, 183, 187, 190, 195, 196, 198, 200, 206, 208, 212, 214, 216, 218, 220, 222, 228, 229, 238, 241, 247, 248, 260, 263, 276, 283, 288, 291, 293, 299, 301, 306, 309]",96,84,True
60,127.17616653442383,"[0, 4, 5, 6, 10, 15, 17, 18, 22, 24, 32, 34, 38, 39, 40, 41, 42, 44, 47, 53, 54, 58, 60, 61, 62, 63, 68, 70, 71, 73, 75, 76, 82, 83, 89, 93, 94, 97, 98, 99, 103, 104, 107, 112, 116, 121, 122, 123, 126, 140, 143, 144, 155, 162, 170, 172, 173, 178, 180, 182, 185, 188, 191, 193, 195, 196, 199, 203, 205, 207, 211, 213, 216, 217, 219, 221, 226, 231, 237, 239, 242, 245, 259, 262, 267, 268, 269, 275, 280, 281, 286, 290, 292, 301, 303, 306]","[1, 6, 8, 10, 11, 13, 14, 16, 19, 21, 28, 32, 35, 39, 41, 43, 45, 48, 49, 53, 59, 62, 69, 71, 74, 83, 84, 89, 90, 95, 101, 102, 105, 109, 111, 113, 114, 121, 123, 128, 140, 144, 147, 151, 152, 156, 159, 163, 171, 174, 176, 179, 183, 187, 190, 195, 196, 198, 200, 206, 208, 212, 214, 216, 218, 220, 222, 228, 229, 238, 241, 247, 248, 260, 263, 276, 283, 288, 291, 293, 299, 301, 306, 309]",96,84,True
61,243.22774267196655,"[0, 4, 5, 6, 10, 15, 17, 18, 22, 24, 32, 34, 38, 39, 40, 41, 42, 44, 47, 53, 54, 58, 60, 61, 62, 63, 68, 70, 71, 73, 75, 76, 82, 83, 89, 93, 94, 97, 98, 99, 103, 104, 107, 112, 116, 121, 122, 123, 126, 140, 143, 144, 155, 162, 170, 172, 173, 178, 180, 182, 185, 188, 191, 193, 195, 196, 199, 203, 205, 207, 211, 213, 216, 217, 219, 221, 226, 231, 237, 239, 242, 245, 259, 262, 267, 268, 269, 275, 280, 281, 286, 290, 292, 301, 303, 306]","[1, 6, 8, 10, 11, 13, 14, 16, 19, 21, 28, 32, 35, 39, 41, 43, 45, 48, 49, 53, 59, 62, 69, 71, 74, 83, 84, 89, 90, 95, 101, 102, 105, 109, 111, 113, 114, 121, 123, 128, 140, 144, 147, 151, 152, 156, 159, 163, 171, 174, 176, 179, 183, 187, 190, 195, 196, 198, 200, 206, 208, 212, 214, 216, 218, 220, 222, 228, 229, 238, 241, 247, 248, 260, 263, 276, 283, 288, 291, 293, 299, 301, 306, 309]",96,84,True
62,142.62355780601501,"[0, 4, 5, 6, 10, 15, 17, 18, 22, 24, 32, 34, 38, 39, 40, 41, 42, 44, 47, 53, 54, 58, 60, 61, 62, 63, 68, 70, 71, 73, 75, 76, 82, 83, 89, 93, 94, 97, 98, 99, 103, 104, 107, 112, 116, 121, 122, 123, 126, 140, 143, 144, 155, 162, 170, 172, 173, 178, 180, 182, 185, 188, 191, 193, 195, 196, 199, 203, 205, 207, 211, 213, 216, 217, 219, 221, 226, 231, 237, 239, 242, 245, 259, 262, 267, 268, 269, 275, 280, 281, 286, 290, 292, 301, 303, 306]","[1, 6, 8, 10, 11, 13, 14, 16, 19, 21, 28, 32, 35, 39, 41, 43, 45, 48, 49, 53, 59, 62, 69, 71, 74, 83, 84, 89, 90, 95, 101, 102, 105, 109, 111, 113, 114, 121, 123, 128, 140, 144, 147, 151, 152, 156, 159, 163, 171, 174, 176, 179, 183, 187, 190, 195, 196, 198, 200, 206, 208, 212, 214, 216, 218, 220, 222, 228, 229, 238, 241, 247, 248, 260, 263, 276, 283, 288, 291, 293, 299, 301, 306, 309]",96,84,True
63,191.05597019195557,"[0, 4, 5, 6, 10, 15, 17, 18, 22, 24, 32, 34, 38, 39, 40, 41, 42, 44, 47, 53, 54, 58, 60, 61, 62, 63, 68, 70, 71, 73, 75, 76, 82, 83, 89, 93, 94, 97, 98, 99, 103, 104, 107, 112, 116, 121, 122, 123, 126, 140, 143, 144, 155, 162, 170, 172, 173, 178, 180, 182, 185, 188, 191, 193, 195, 196, 199, 203, 205, 207, 211, 213, 216, 217, 219, 221, 226, 231, 237, 239, 242, 245, 259, 262, 267, 268, 269, 275, 280, 281, 286, 290, 292, 301, 303, 306]","[1, 6, 8, 10, 11, 13, 14, 16, 19, 21, 28, 32, 35, 39, 41, 43, 45, 48, 49, 53, 59, 62, 69, 71, 74, 83, 84, 89, 90, 95, 101, 102, 105, 109, 111, 113, 114, 121, 123, 128, 140, 144, 147, 151, 152, 156, 159, 163, 171, 174, 176, 179, 183, 187, 190, 195, 196, 198, 200, 206, 208, 212, 214, 216, 218, 220, 222, 228, 229, 238, 241, 247, 248, 260, 263, 276, 283, 288, 291, 293, 299, 301, 306, 309]",96,84,True
64,221.54469966888428,"[0, 4, 5, 6, 10, 15, 17, 18, 22, 24, 32, 34, 38, 39, 40, 41, 42, 44, 47, 53, 54, 58, 60, 61, 62, 63, 68, 70, 71, 73, 75, 76, 82, 83, 89, 93, 94, 97, 98, 99, 103, 104, 107, 112, 116, 121, 122, 123, 126, 140, 143, 144, 155, 162, 170, 172, 173, 178, 180, 182, 185, 188, 191, 193, 195, 196, 199, 203, 205, 207, 211, 213, 216, 217, 219, 221, 226, 231, 237, 239, 242, 245, 259, 262, 267, 268, 269, 275, 280, 281, 286, 290, 292, 301, 303, 306]","[1, 6, 8, 10, 11, 13, 14, 16, 19, 21, 28, 32, 35, 39, 41, 43, 45, 48, 49, 53, 59, 62, 69, 71, 74, 83, 84, 89, 90, 95, 101, 102, 105, 109, 111, 113, 114, 121, 123, 128, 140, 144, 147, 151, 152, 156, 159, 163, 171, 174, 176, 179, 183, 187, 190, 195, 196, 198, 200, 206, 208, 212, 214, 216, 218, 220, 222, 228, 229, 238, 241, 247, 248, 260, 263, 276, 283, 288, 291, 293, 299, 301, 306, 309]",96,84,True
65,145.14678072929382,"[0, 4, 5, 6, 10, 15, 17, 18, 22, 24, 32, 34, 38, 39, 40, 41, 42, 44, 47, 53, 54, 58, 60, 61, 62, 63, 68, 70, 71, 73, 75, 76, 82, 83, 89, 93, 94, 97, 98, 99, 103, 104, 107, 112, 116, 121, 122, 123, 126, 140, 143, 144, 155, 162, 170, 172, 173, 178, 180, 182, 185, 188, 191, 193, 195, 196, 199, 203, 205, 207, 211, 213, 216, 217, 219, 221, 226, 231, 237, 239, 242, 245, 259, 262, 267, 268, 269, 275, 280, 281, 286, 290, 292, 301, 303, 306]","[1, 6, 8, 10, 11, 13, 14, 16, 19, 21, 28, 32, 35, 39, 41, 43, 45, 48, 49, 53, 59, 62, 69, 71, 74, 83, 84, 89, 90, 95, 101, 102, 105, 109, 111, 113, 114, 121, 123, 128, 140, 144, 147, 151, 152, 156, 159, 163, 171, 174, 176, 179, 183, 187, 190, 195, 196, 198, 200, 206, 208, 212, 214, 216, 218, 220, 222, 228, 229, 238, 241, 247, 248, 260, 263, 276, 283, 288, 291, 293, 299, 301, 306, 309]",96,84,True
66,296.82053899765015,"[0, 4, 5, 6, 10, 13, 15, 17, 18, 22, 24, 34, 38, 39, 40, 41, 42, 44, 47, 53, 54, 58, 60, 61, 62, 63, 68, 70, 71, 73, 76, 82, 83, 89, 94, 97, 98, 99, 103, 104, 107, 112, 116, 121, 122, 123, 126, 140, 143, 144, 155, 162, 170, 172, 173, 178, 180, 182, 185, 188, 191, 193, 195, 196, 199, 205, 207, 211, 213, 216, 217, 219, 221, 226, 231, 237, 239, 242, 245, 259, 262, 268, 269, 275, 280, 281, 286, 290, 292, 301, 303, 306]","[1, 6, 8, 10, 11, 13, 14, 16, 19, 21, 28, 32, 35, 39, 41, 43, 45, 48, 49, 53, 59, 62, 69, 71, 74, 83, 84, 89, 90, 95, 101, 102, 105, 109, 111, 113, 114, 121, 123, 128, 140, 144, 147, 151, 152, 156, 159, 163, 171, 174, 176, 179, 183, 187, 190, 195, 196, 198, 200, 206, 208, 212, 214, 216, 218, 220, 222, 228, 229, 238, 241, 247, 248, 260, 263, 276, 283, 288, 291, 293, 299, 301, 306, 309]",92,84,True
67,194.69909167289734,"[0, 4, 5, 6, 10, 15, 17, 18, 22, 24, 32, 34, 38, 39, 40, 41, 42, 44, 47, 53, 54, 58, 60, 61, 62, 63, 68, 70, 71, 73, 75, 76, 82, 83, 89, 93, 94, 97, 98, 99, 103, 104, 107, 112, 116, 121, 122, 123, 126, 140, 143, 144, 155, 162, 170, 172, 173, 178, 180, 182, 185, 188, 191, 193, 195, 196, 199, 203, 205, 207, 211, 213, 216, 217, 219, 221, 226, 231, 237, 239, 242, 245, 259, 262, 267, 268, 269, 275, 280, 281, 286, 290, 292, 301, 303, 306]","[1, 6, 8, 10, 11, 13, 14, 16, 19, 21, 28, 32, 35, 39, 41, 43, 45, 48, 49, 53, 59, 62, 69, 71, 74, 83, 84, 89, 90, 95, 101, 102, 105, 109, 111, 113, 114, 121, 123, 128, 140, 144, 147, 151, 152, 156, 159, 163, 171, 174, 176, 179, 183, 187, 190, 195, 196, 198, 200, 206, 208, 212, 214, 216, 218, 220, 222, 228, 229, 238, 241, 247, 248, 260, 263, 276, 283, 288, 291, 293, 299, 301, 306, 309]",96,84,True
68,171.7219159603119,"[0, 4, 5, 6, 10, 15, 17, 18, 22, 24, 32, 34, 38, 39, 40, 41, 42, 44, 47, 53, 54, 58, 60, 61, 62, 63, 68, 70, 71, 73, 75, 76, 82, 83, 89, 93, 94, 97, 98, 99, 103, 104, 107, 112, 116, 121, 122, 123, 126, 140, 143, 144, 155, 162, 170, 172, 173, 178, 180, 182, 185, 188, 191, 193, 195, 196, 199, 203, 205, 207, 211, 213, 216, 217, 219, 221, 226, 231, 237, 239, 242, 245, 259, 262, 267, 268, 269, 275, 280, 281, 286, 290, 292, 301, 303, 306]","[1, 6, 8, 10, 11, 13, 14, 16, 19, 21, 28, 32, 35, 39, 41, 43, 45, 48, 49, 53, 59, 62, 69, 71, 74, 83, 84, 89, 90, 95, 101, 102, 105, 109, 111, 113, 114, 121, 123, 128, 140, 144, 147, 151, 152, 156, 159, 163, 171, 174, 176, 179, 183, 187, 190, 195, 196, 198, 200, 206, 208, 212, 214, 216, 218, 220, 222, 228, 229, 238, 241, 247, 248, 260, 263, 276, 283, 288, 291, 293, 299, 301, 306, 309]",96,84,True
69,321.9729006290436,"[0, 4, 5, 6, 10, 13, 15, 17, 18, 22, 24, 34, 38, 39, 40, 41, 42, 44, 47, 53, 54, 58, 60, 61, 62, 63, 68, 70, 71, 73, 76, 82, 83, 89, 94, 97, 98, 99, 103, 104, 107, 112, 116, 121, 122, 123, 126, 140, 143, 144, 155, 162, 170, 172, 173, 178, 180, 182, 185, 188, 191, 193, 195, 196, 199, 205, 207, 211, 213, 216, 217, 219, 221, 226, 231, 237, 239, 242, 245, 259, 262, 268, 269, 275, 280, 281, 286, 290, 292, 301, 303, 306]","[1, 6, 8, 10, 11, 13, 14, 16, 19, 21, 28, 32, 35, 39, 41, 43, 45, 48, 49, 53, 59, 62, 69, 71, 74, 83, 84, 89, 90, 95, 101, 102, 105, 109, 111, 113, 114, 121, 123, 128, 140, 144, 147, 151, 152, 156, 159, 163, 171, 174, 176, 179, 183, 187, 190, 195, 196, 198, 200, 206, 208, 212, 214, 216, 218, 220, 222, 228, 229, 238, 241, 247, 248, 260, 263, 276, 283, 288, 291, 293, 299, 301, 306, 309]",92,84,True
70,120.54172968864441,"[0, 4, 5, 6, 10, 15, 17, 18, 22, 24, 32, 34, 38, 39, 40, 41, 42, 44, 47, 53, 54, 58, 60, 61, 62, 63, 68, 70, 71, 73, 75, 76, 82, 83, 89, 93, 94, 97, 98, 99, 103, 104, 107, 112, 116, 121, 122, 123, 126, 140, 143, 144, 155, 162, 170, 172, 173, 178, 180, 182, 185, 188, 191, 193, 195, 196, 199, 203, 205, 207, 211, 213, 216, 217, 219, 221, 226, 231, 237, 239, 242, 245, 259, 262, 267, 268, 269, 275, 280, 281, 286, 290, 292, 301, 303, 306]","[1, 6, 8, 10, 11, 13, 14, 16, 19, 21, 28, 32, 35, 39, 41, 43, 45, 48, 49, 53, 59, 62, 69, 71, 74, 83, 84, 89, 90, 95, 101, 102, 105, 109, 111, 113, 114, 121, 123, 128, 140, 144, 147, 151, 152, 156, 159, 163, 171, 174, 176, 179, 183, 187, 190, 195, 196, 198, 200, 206, 208, 212, 214, 216, 218, 220, 222, 228, 229, 238, 241, 247, 248, 260, 263, 276, 283, 288, 291, 293, 299, 301, 306, 309]",96,84,True
71,231.57584023475647,"[0, 4, 5, 6, 10, 13, 15, 17, 18, 22, 24, 34, 38, 39, 40, 41, 42, 44, 47, 53, 54, 58, 60, 61, 62, 63, 68, 70, 71, 73, 76, 82, 83, 89, 94, 97, 98, 99, 103, 104, 107, 112, 116, 121, 122, 123, 126, 140, 143, 144, 155, 162, 170, 172, 173, 178, 180, 182, 185, 188, 191, 193, 195, 196, 199, 205, 207, 211, 213, 216, 217, 219, 221, 226, 231, 237, 239, 242, 245, 259, 262, 268, 269, 275, 280, 281, 286, 290, 292, 301, 303, 306]","[1, 6, 8, 10, 11, 13, 14, 16, 19, 21, 28, 32, 35, 39, 41, 43, 45, 48, 49, 53, 59, 62, 69, 71, 74, 83, 84, 89, 90, 95, 101, 102, 105, 109, 111, 113, 114, 121, 123, 128, 140, 144, 147, 151, 152, 156, 159, 163, 171, 174, 176, 179, 183, 187, 190, 195, 196, 198, 200, 206, 208, 212, 214, 216, 218, 220, 222, 228, 229, 238, 241, 247, 248, 260, 263, 276, 283, 288, 291, 293, 299, 301, 306, 309]",92,84,True
72,187.95233631134033,"[0, 4, 5, 6, 10, 13, 15, 17, 18, 22, 24, 34, 38, 39, 40, 41, 42, 44, 47, 53, 54, 58, 60, 61, 62, 63, 68, 70, 71, 73, 76, 82, 83, 89, 94, 97, 98, 99, 103, 104, 107, 112, 116, 121, 122, 123, 126, 140, 143, 144, 155, 162, 170, 172, 173, 178, 180, 182, 185, 188, 191, 193, 195, 196, 199, 205, 207, 211, 213, 216, 217, 219, 221, 226, 231, 237, 239, 242, 245, 259, 262, 268, 269, 275, 280, 281, 286, 290, 292, 301, 303, 306]","[1, 6, 8, 10, 11, 13, 14, 16, 19, 21, 28, 32, 35, 39, 41, 43, 45, 48, 49, 53, 59, 62, 69, 71, 74, 83, 84, 89, 90, 95, 101, 102, 105, 109, 111, 113, 114, 121, 123, 128, 140, 144, 147, 151, 152, 156, 159, 163, 171, 174, 176, 179, 183, 187, 190, 195, 196, 198, 200, 206, 208, 212, 214, 216, 218, 220, 222, 228, 229, 238, 241, 247, 248, 260, 263, 276, 283, 288, 291, 293, 299, 301, 306, 309]",92,84,True
73,263.2122857570648,"[0, 4, 5, 6, 10, 13, 15, 17, 18, 22, 24, 34, 38, 39, 40, 41, 42, 44, 47, 53, 54, 58, 60, 61, 62, 63, 68, 70, 71, 73, 76, 82, 83, 89, 94, 97, 98, 99, 103, 104, 107, 112, 116, 121, 122, 123, 126, 140, 143, 144, 155, 162, 170, 172, 173, 178, 180, 182, 185, 188, 191, 193, 195, 196, 199, 205, 207, 211, 213, 216, 217, 219, 221, 226, 231, 237, 239, 242, 245, 259, 262, 268, 269, 275, 280, 281, 286, 290, 292, 301, 303, 306]","[1, 6, 8, 10, 11, 13, 14, 16, 19, 21, 28, 32, 35, 39, 41, 43, 45, 48, 49, 53, 59, 62, 69, 71, 74, 83, 84, 89, 90, 95, 101, 102, 105, 109, 111, 113, 114, 121, 123, 128, 140, 144, 147, 151, 152, 156, 159, 163, 171, 174, 176, 179, 183, 187, 190, 195, 196, 198, 200, 206, 208, 212, 214, 216, 218, 220, 222, 228, 229, 238, 241, 247, 248, 260, 263, 276, 283, 288, 291, 293, 299, 301, 306, 309]",92,84,True
74,178.09320759773254,"[0, 4, 5, 6, 10, 15, 17, 18, 22, 24, 32, 34, 38, 39, 40, 41, 42, 44, 47, 53, 54, 58, 60, 61, 62, 63, 68, 70, 71, 73, 75, 76, 82, 83, 89, 93, 94, 97, 98, 99, 103, 104, 107, 112, 116, 121, 122, 123, 126, 140, 143, 144, 155, 162, 170, 172, 173, 178, 180, 182, 185, 188, 191, 193, 195, 196, 199, 203, 205, 207, 211, 213, 216, 217, 219, 221, 226, 231, 237, 239, 242, 245, 259, 262, 267, 268, 269, 275, 280, 281, 286, 290, 292, 301, 303, 306]","[1, 6, 8, 10, 11, 13, 14, 16, 19, 21, 28, 32, 35, 39, 41, 43, 45, 48, 49, 53, 59, 62, 69, 71, 74, 83, 84, 89, 90, 95, 101, 102, 105, 109, 111, 113, 114, 121, 123, 128, 140, 144, 147, 151, 152, 156, 159, 163, 171, 174, 176, 179, 183, 187, 190, 195, 196, 198, 200, 206, 208, 212, 214, 216, 218, 220, 222, 228, 229, 238, 241, 247, 248, 260, 263, 276, 283, 288, 291, 293, 299, 301, 306, 309]",96,84,True
75,204.67076921463013,"[0, 4, 5, 6, 10, 13, 15, 17, 18, 22, 24, 34, 38, 39, 40, 41, 42, 44, 47, 53, 54, 58, 60, 61, 62, 63, 68, 70, 71, 73, 76, 82, 83, 89, 94, 97, 98, 99, 103, 104, 107, 112, 116, 121, 122, 123, 126, 140, 143, 144, 155, 162, 170, 172, 173, 178, 180, 182, 185, 188, 191, 193, 195, 196, 199, 205, 207, 211, 213, 216, 217, 219, 221, 226, 231, 237, 239, 242, 245, 259, 262, 268, 269, 275, 280, 281, 286, 290, 292, 301, 303, 306]","[1, 6, 8, 10, 11, 13, 14, 16, 19, 21, 28, 32, 35, 39, 41, 43, 45, 48, 49, 53, 59, 62, 69, 71, 74, 83, 84, 89, 90, 95, 101, 102, 105, 109, 111, 113, 114, 121, 123, 128, 140, 144, 147, 151, 152, 156, 159, 163, 171, 174, 176, 179, 183, 187, 190, 195, 196, 198, 200, 206, 208, 212, 214, 216, 218, 220, 222, 228, 229, 238, 241, 247, 248, 260, 263, 276, 283, 288, 291, 293, 299, 301, 306, 309]",92,84,True
76,136.1576211452484,"[0, 4, 5, 6, 10, 15, 17, 18, 22, 24, 32, 34, 38, 39, 40, 41, 42, 44, 47, 53, 54, 58, 60, 61, 62, 63, 68, 70, 71, 73, 75, 76, 82, 83, 89, 93, 94, 97, 98, 99, 103, 104, 107, 112, 116, 121, 122, 123, 126, 140, 143, 144, 155, 162, 170, 172, 173, 178, 180, 182, 185, 188, 191, 193, 195, 196, 199, 203, 205, 207, 211, 213, 216, 217, 219, 221, 226, 231, 237, 239, 242, 245, 259, 262, 267, 268, 269, 275, 280, 281, 286, 290, 292, 301, 303, 306]","[1, 6, 8, 10, 11, 13, 14, 16, 19, 21, 28, 32, 35, 39, 41, 43, 45, 48, 49, 53, 59, 62, 69, 71, 74, 83, 84, 89, 90, 95, 101, 102, 105, 109, 111, 113, 114, 121, 123, 128, 140, 144, 147, 151, 152, 156, 159, 163, 171, 174, 176, 179, 183, 187, 190, 195, 196, 198, 200, 206, 208, 212, 214, 216, 218, 220, 222, 228, 229, 238, 241, 247, 248, 260, 263, 276, 283, 288, 291, 293, 299, 301, 306, 309]",96,84,True
77,258.33942008018494,"[0, 4, 5, 6, 10, 13, 15, 17, 18, 22, 24, 34, 38, 39, 40, 41, 42, 44, 47, 53, 54, 58, 60, 61, 62, 63, 68, 70, 71, 73, 76, 82, 83, 89, 94, 97, 98, 99, 103, 104, 107, 112, 116, 121, 122, 123, 126, 140, 143, 144, 155, 162, 170, 172, 173, 178, 180, 182, 185, 188, 191, 193, 195, 196, 199, 205, 207, 211, 213, 216, 217, 219, 221, 226, 231, 237, 239, 242, 245, 259, 262, 268, 269, 275, 280, 281, 286, 290, 292, 301, 303, 306]","[1, 6, 8, 10, 11, 13, 14, 16, 19, 21, 28, 32, 35, 39, 41, 43, 45, 48, 49, 53, 59, 62, 69, 71, 74, 83, 84, 89, 90, 95, 101, 102, 105, 109, 111, 113, 114, 121, 123, 128, 140, 144, 147, 151, 152, 156, 159, 163, 171, 174, 176, 179, 183, 187, 190, 195, 196, 198, 200, 206, 208, 212, 214, 216, 218, 220, 222, 228, 229, 238, 241, 247, 248, 260, 263, 276, 283, 288, 291, 293, 299, 301, 306, 309]",92,84,True
78,149.92381763458252,"[0, 4, 5, 6, 10, 13, 15, 17, 18, 22, 24, 34, 38, 39, 40, 41, 42, 44, 47, 53, 54, 58, 60, 63, 68, 70, 71, 73, 76, 82, 83, 89, 94, 97, 98, 99, 103, 104, 107, 112, 113, 116, 121, 122, 123, 126, 140, 143, 144, 155, 162, 170, 172, 173, 178, 180, 182, 185, 188, 191, 193, 195, 196, 199, 205, 207, 211, 213, 216, 217, 219, 221, 226, 231, 237, 239, 242, 245, 259, 262, 268, 269, 275, 280, 281, 286, 290, 292, 301, 303, 306]","[1, 6, 8, 10, 11, 13, 14, 16, 19, 21, 28, 32, 35, 39, 41, 43, 45, 48, 49, 53, 59, 62, 69, 71, 74, 83, 84, 89, 90, 95, 101, 102, 105, 109, 111, 113, 114, 121, 123, 128, 140, 144, 147, 151, 152, 156, 159, 163, 171, 174, 176, 179, 183, 187, 190, 195, 196, 198, 200, 206, 208, 212, 214, 216, 218, 220, 222, 228, 229, 238, 241, 247, 248, 260, 263, 276, 283, 288, 291, 293, 299, 301, 306, 309]",91,84,True
79,278.47864818573,"[0, 4, 5, 6, 10, 15, 17, 18, 22, 24, 32, 34, 38, 39, 40, 41, 42, 44, 47, 53, 54, 58, 60, 61, 62, 63, 68, 70, 71, 73, 75, 76, 82, 83, 89, 93, 94, 97, 98, 99, 103, 104, 107, 112, 116, 121, 122, 123, 126, 140, 143, 144, 155, 162, 170, 172, 173, 178, 180, 182, 185, 188, 191, 193, 195, 196, 199, 203, 205, 207, 211, 213, 216, 217, 219, 221, 226, 231, 237, 239, 242, 245, 259, 262, 267, 268, 269, 275, 280, 281, 286, 290, 292, 301, 303, 306]","[1, 6, 8, 10, 11, 13, 14, 16, 19, 21, 28, 32, 35, 39, 41, 43, 45, 48, 49, 53, 59, 62, 69, 71, 74, 83, 84, 89, 90, 95, 101, 102, 105, 109, 111, 113, 114, 121, 123, 128, 140, 144, 147, 151, 152, 156, 159, 163, 171, 174, 176, 179, 183, 187, 190, 195, 196, 198, 200, 206, 208, 212, 214, 216, 218, 220, 222, 228, 229, 238, 241, 247, 248, 260, 263, 276, 283, 288, 291, 293, 299, 301, 306, 309]",96,84,True
80,255.23291850090027,"[0, 4, 5, 6, 10, 15, 17, 18, 22, 24, 32, 34, 38, 39, 40, 41, 42, 44, 47, 53, 54, 58, 60, 61, 62, 63, 68, 70, 71, 73, 75, 76, 82, 83, 89, 93, 94, 97, 98, 99, 103, 104, 107, 112, 116, 121, 122, 123, 126, 140, 143, 144, 155, 162, 170, 172, 173, 178, 180, 182, 185, 188, 191, 193, 195, 196, 199, 203, 205, 207, 211, 213, 216, 217, 219, 221, 226, 231, 237, 239, 242, 245, 259, 262, 267, 268, 269, 275, 280, 281, 286, 290, 292, 301, 303, 306]","[1, 6, 8, 10, 11, 13, 14, 16, 19, 21, 28, 32, 35, 39, 41, 43, 45, 48, 49, 53, 59, 62, 69, 71, 74, 83, 84, 89, 90, 95, 101, 102, 105, 109, 111, 113, 114, 121, 123, 128, 140, 144, 147, 151, 152, 156, 159, 163, 171, 174, 176, 179, 183, 187, 190, 195, 196, 198, 200, 206, 208, 212, 214, 216, 218, 220, 222, 228, 229, 238, 241, 247, 248, 260, 263, 276, 283, 288, 291, 293, 299, 301, 306, 309]",96,84,True
81,514.3412885665894,"[0, 4, 5, 6, 10, 13, 15, 17, 18, 22, 24, 34, 38, 39, 40, 41, 42, 44, 47, 53, 54, 58, 60, 61, 62, 63, 68, 70, 71, 73, 76, 82, 83, 89, 94, 97, 98, 99, 103, 104, 107, 112, 116, 121, 122, 123, 126, 140, 143, 144, 155, 162, 170, 172, 173, 178, 180, 182, 185, 188, 191, 193, 195, 196, 199, 205, 207, 211, 213, 216, 217, 219, 221, 226, 231, 237, 239, 242, 245, 259, 262, 268, 269, 275, 280, 281, 286, 290, 292, 301, 303, 306]","[1, 6, 8, 10, 11, 13, 14, 16, 19, 21, 28, 32, 35, 39, 41, 43, 45, 48, 49, 53, 59, 62, 69, 71, 74, 83, 84, 89, 90, 95, 101, 102, 105, 109, 111, 113, 114, 121, 123, 128, 140, 144, 147, 151, 152, 156, 159, 163, 171, 174, 176, 179, 183, 187, 190, 195, 196, 198, 200, 206, 208, 212, 214, 216, 218, 220, 222, 228, 229, 238, 241, 247, 248, 260, 263, 276, 283, 288, 291, 293, 299, 301, 306, 309]",92,84,True
82,374.10757422447205,"[0, 4, 5, 6, 10, 15, 17, 18, 22, 24, 32, 34, 38, 39, 40, 41, 42, 44, 47, 53, 54, 58, 60, 61, 62, 63, 68, 70, 71, 73, 75, 76, 82, 83, 89, 93, 94, 97, 98, 99, 103, 104, 107, 112, 116, 121, 122, 123, 126, 140, 143, 144, 155, 162, 170, 172, 173, 178, 180, 182, 185, 188, 191, 193, 195, 196, 199, 203, 205, 207, 211, 213, 216, 217, 219, 221, 226, 231, 237, 239, 242, 245, 259, 262, 267, 268, 269, 275, 280, 281, 286, 290, 292, 301, 303, 306]","[1, 6, 8, 10, 11, 13, 14, 16, 19, 21, 28, 32, 35, 39, 41, 43, 45, 48, 49, 53, 59, 62, 69, 71, 74, 83, 84, 89, 90, 95, 101, 102, 105, 109, 111, 113, 114, 121, 123, 128, 140, 144, 147, 151, 152, 156, 159, 163, 171, 174, 176, 179, 183, 187, 190, 195, 196, 198, 200, 206, 208, 212, 214, 216, 218, 220, 222, 228, 229, 238, 241, 247, 248, 260, 263, 276, 283, 288, 291, 293, 299, 301, 306, 309]",96,84,True
83,525.3613529205322,"[0, 4, 5, 6, 10, 13, 15, 17, 18, 22, 24, 34, 38, 39, 40, 41, 42, 44, 47, 53, 54, 58, 60, 61, 62, 63, 68, 70, 71, 73, 76, 82, 83, 89, 94, 97, 98, 99, 103, 104, 107, 112, 116, 121, 122, 123, 126, 140, 143, 144, 155, 162, 170, 172, 173, 178, 180, 182, 185, 188, 191, 193, 195, 196, 199, 205, 207, 211, 213, 216, 217, 219, 221, 226, 231, 237, 239, 242, 245, 259, 262, 268, 269, 275, 280, 281, 286, 290, 292, 301, 303, 306]","[1, 6, 8, 10, 11, 13, 14, 16, 19, 21, 28, 32, 35, 39, 41, 43, 45, 48, 49, 53, 59, 62, 69, 71, 74, 83, 84, 89, 90, 95, 101, 102, 105, 109, 111, 113, 114, 121, 123, 128, 140, 144, 147, 151, 152, 156, 159, 163, 171, 174, 176, 179, 183, 187, 190, 195, 196, 198, 200, 206, 208, 212, 214, 216, 218, 220, 222, 228, 229, 238, 241, 247, 248, 260, 263, 276, 283, 288, 291, 293, 299, 301, 306, 309]",92,84,True
84,323.867244720459,"[0, 4, 5, 6, 10, 13, 15, 17, 18, 22, 24, 34, 38, 39, 40, 41, 42, 44, 47, 53, 54, 58, 60, 61, 62, 63, 68, 70, 71, 73, 76, 82, 83, 89, 94, 97, 98, 99, 103, 104, 107, 112, 116, 121, 122, 123, 126, 140, 143, 144, 155, 162, 170, 172, 173, 178, 180, 182, 185, 188, 191, 193, 195, 196, 199, 205, 207, 211, 213, 216, 217, 219, 221, 226, 231, 237, 239, 242, 245, 259, 262, 268, 269, 275, 280, 281, 286, 290, 292, 301, 303, 306]","[1, 6, 8, 10, 11, 13, 14, 16, 19, 21, 28, 32, 35, 39, 41, 43, 45, 48, 49, 53, 59, 62, 69, 71, 74, 83, 84, 89, 90, 95, 101, 102, 105, 109, 111, 113, 114, 121, 123, 128, 140, 144, 147, 151, 152, 156, 159, 163, 171, 174, 176, 179, 183, 187, 190, 195, 196, 198, 200, 206, 208, 212, 214, 216, 218, 220, 222, 228, 229, 238, 241, 247, 248, 260, 263, 276, 283, 288, 291, 293, 299, 301, 306, 309]",92,84,True
85,307.8576467037201,"[0, 4, 5, 6, 10, 13, 15, 17, 18, 22, 24, 34, 38, 39, 40, 41, 42, 44, 47, 53, 54, 58, 60, 63, 68, 70, 71, 73, 76, 82, 83, 89, 94, 97, 98, 99, 103, 104, 107, 112, 113, 116, 121, 122, 123, 126, 140, 143, 144, 155, 162, 170, 172, 173, 178, 180, 182, 185, 188, 191, 193, 195, 196, 199, 205, 207, 211, 213, 216, 217, 219, 221, 226, 231, 237, 239, 242, 245, 259, 262, 268, 269, 275, 280, 281, 286, 290, 292, 301, 303, 306]","[1, 6, 8, 10, 11, 13, 14, 16, 19, 21, 28, 32, 35, 39, 41, 43, 45, 48, 49, 53, 59, 62, 69, 71, 74, 83, 84, 89, 90, 95, 101, 102, 105, 109, 111, 113, 114, 121, 123, 128, 140, 144, 147, 151, 152, 156, 159, 163, 171, 174, 176, 179, 183, 187, 190, 195, 196, 198, 200, 206, 208, 212, 214, 216, 218, 220, 222, 228, 229, 238, 241, 247, 248, 260, 263, 276, 283, 288, 291, 293, 299, 301, 306, 309]",91,84,True
86,289.47980761528015,"[0, 4, 5, 6, 10, 15, 17, 18, 22, 24, 32, 34, 38, 39, 40, 41, 42, 44, 47, 53, 54, 58, 60, 61, 62, 63, 68, 70, 71, 73, 75, 76, 82, 83, 89, 93, 94, 97, 98, 99, 103, 104, 107, 112, 116, 121, 122, 123, 126, 140, 143, 144, 155, 162, 170, 172, 173, 178, 180, 182, 185, 188, 191, 193, 195, 196, 199, 203, 205, 207, 211, 213, 216, 217, 219, 221, 226, 231, 237, 239, 242, 245, 259, 262, 267, 268, 269, 275, 280, 281, 286, 290, 292, 301, 303, 306]","[1, 6, 8, 10, 11, 13, 14, 16, 19, 21, 28, 32, 35, 39, 41, 43, 45, 48, 49, 53, 59, 62, 69, 71, 74, 83, 84, 89, 90, 95, 101, 102, 105, 109, 111, 113, 114, 121, 123, 128, 140, 144, 147, 151, 152, 156, 159, 163, 171, 174, 176, 179, 183, 187, 190, 195, 196, 198, 200, 206, 208, 212, 214, 216, 218, 220, 222, 228, 229, 238, 241, 247, 248, 260, 263, 276, 283, 288, 291, 293, 299, 301, 306, 309]",96,84,True
87,255.3597264289856,"[0, 4, 5, 6, 10, 15, 17, 18, 22, 24, 32, 34, 38, 39, 40, 41, 42, 44, 47, 53, 54, 58, 60, 61, 62, 63, 68, 70, 71, 73, 75, 76, 82, 83, 89, 93, 94, 97, 98, 99, 103, 104, 107, 112, 116, 121, 122, 123, 126, 140, 143, 144, 155, 162, 170, 172, 173, 178, 180, 182, 185, 188, 191, 193, 195, 196, 199, 203, 205, 207, 211, 213, 216, 217, 219, 221, 226, 231, 237, 239, 242, 245, 259, 262, 267, 268, 269, 275, 280, 281, 286, 290, 292, 301, 303, 306]","[1, 6, 8, 10, 11, 13, 14, 16, 19, 21, 28, 32, 35, 39, 41, 43, 45, 48, 49, 53, 59, 62, 69, 71, 74, 83, 84, 89, 90, 95, 101, 102, 105, 109, 111, 113, 114, 121, 123, 128, 140, 144, 147, 151, 152, 156, 159, 163, 171, 174, 176, 179, 183, 187, 190, 195, 196, 198, 200, 206, 208, 212, 214, 216, 218, 220, 222, 228, 229, 238, 241, 247, 248, 260, 263, 276, 283, 288, 291, 293, 299, 301, 306, 309]",96,84,True
88,271.56082558631897,"[0, 4, 5, 6, 10, 15, 17, 18, 22, 24, 32, 34, 38, 39, 40, 41, 42, 44, 47, 53, 54, 58, 60, 61, 62, 63, 68, 70, 71, 73, 75, 76, 82, 83, 89, 93, 94, 97, 98, 99, 103, 104, 107, 112, 116, 121, 122, 123, 126, 140, 143, 144, 155, 162, 170, 172, 173, 178, 180, 182, 185, 188, 191, 193, 195, 196, 199, 203, 205, 207, 211, 213, 216, 217, 219, 221, 226, 231, 237, 239, 242, 245, 259, 262, 267, 268, 269, 275, 280, 281, 286, 290, 292, 301, 303, 306]","[1, 6, 8, 10, 11, 13, 14, 16, 19, 21, 28, 32, 35, 39, 41, 43, 45, 48, 49, 53, 59, 62, 69, 71, 74, 83, 84, 89, 90, 95, 101, 102, 105, 109, 111, 113, 114, 121, 123, 128, 140, 144, 147, 151, 152, 156, 159, 163, 171, 174, 176, 179, 183, 187, 190, 195, 196, 198, 200, 206, 208, 212, 214, 216, 218, 220, 222, 228, 229, 238, 241, 247, 248, 260, 263, 276, 283, 288, 291, 293, 299, 301, 306, 309]",96,84,True
89,683.386518239975,"[0, 4, 5, 6, 10, 13, 15, 17, 18, 22, 24, 34, 38, 39, 40, 41, 42, 44, 47, 53, 54, 58, 60, 61, 62, 63, 68, 70, 71, 73, 76, 82, 83, 89, 94, 97, 98, 99, 103, 104, 107, 112, 116, 121, 122, 123, 126, 140, 143, 144, 155, 162, 170, 172, 173, 178, 180, 182, 185, 188, 191, 193, 195, 196, 199, 205, 207, 211, 213, 216, 217, 219, 221, 226, 231, 237, 239, 242, 245, 259, 262, 268, 269, 275, 280, 281, 286, 290, 292, 301, 303, 306]","[1, 6, 8, 10, 11, 13, 14, 16, 19, 21, 28, 32, 35, 39, 41, 43, 45, 48, 49, 53, 59, 62, 69, 71, 74, 83, 84, 89, 90, 95, 101, 102, 105, 109, 111, 113, 114, 121, 123, 128, 140, 144, 147, 151, 152, 156, 159, 163, 171, 174, 176, 179, 183, 187, 190, 195, 196, 198, 200, 206, 208, 212, 214, 216, 218, 220, 222, 228, 229, 238, 241, 247, 248, 260, 263, 276, 283, 288, 291, 293, 299, 301, 306, 309]",92,84,True
90,406.9058630466461,"[0, 4, 5, 6, 10, 13, 15, 17, 18, 22, 24, 34, 38, 39, 40, 41, 42, 44, 47, 53, 54, 58, 60, 61, 62, 63, 68, 70, 71, 73, 76, 82, 83, 89, 94, 97, 98, 99, 103, 104, 107, 112, 116, 121, 122, 123, 126, 140, 143, 144, 155, 162, 170, 172, 173, 178, 180, 182, 185, 188, 191, 193, 195, 196, 199, 205, 207, 211, 213, 216, 217, 219, 221, 226, 231, 237, 239, 242, 245, 259, 262, 268, 269, 275, 280, 281, 286, 290, 292, 301, 303, 306]","[1, 6, 8, 10, 11, 13, 14, 16, 19, 21, 28, 32, 35, 39, 41, 43, 45, 48, 49, 53, 59, 62, 69, 71, 74, 83, 84, 89, 90, 95, 101, 102, 105, 109, 111, 113, 114, 121, 123, 128, 140, 144, 147, 151, 152, 156, 159, 163, 171, 174, 176, 179, 183, 187, 190, 195, 196, 198, 200, 206, 208, 212, 214, 216, 218, 220, 222, 228, 229, 238, 241, 247, 248, 260, 263, 276, 283, 288, 291, 293, 299, 301, 306, 309]",92,84,True
91,337.40501713752747,"[0, 4, 5, 6, 10, 13, 15, 17, 18, 22, 24, 34, 38, 39, 40, 41, 42, 44, 47, 53, 54, 58, 60, 63, 68, 70, 71, 73, 76, 82, 83, 89, 94, 97, 98, 99, 103, 104, 107, 112, 113, 116, 121, 122, 123, 126, 140, 143, 144, 155, 162, 170, 172, 173, 178, 180, 182, 185, 188, 191, 193, 195, 196, 199, 205, 207, 211, 213, 216, 217, 219, 221, 226, 231, 237, 239, 242, 245, 259, 262, 268, 269, 275, 280, 281, 286, 290, 292, 301, 303, 306]","[1, 6, 8, 10, 11, 13, 14, 16, 19, 21, 28, 32, 35, 39, 41, 43, 45, 48, 49, 53, 59, 62, 69, 71, 74, 83, 84, 89, 90, 95, 101, 102, 105, 109, 111, 113, 114, 121, 123, 128, 140, 144, 147, 151, 152, 156, 159, 163, 171, 174, 176, 179, 183, 187, 190, 195, 196, 198, 200, 206, 208, 212, 214, 216, 218, 220, 222, 228, 229, 238, 241, 247, 248, 260, 263, 276, 283, 288, 291, 293, 299, 301, 306, 309]",91,84,True
92,392.811500787735,"[0, 4, 5, 6, 10, 13, 15, 17, 18, 22, 24, 34, 38, 39, 40, 41, 42, 44, 47, 53, 54, 58, 60, 63, 68, 70, 71, 73, 76, 82, 83, 89, 94, 97, 98, 99, 103, 104, 107, 112, 113, 116, 121, 122, 123, 126, 140, 143, 144, 155, 162, 170, 172, 173, 178, 180, 182, 185, 188, 191, 193, 195, 196, 199, 205, 207, 211, 213, 216, 217, 219, 221, 226, 231, 237, 239, 242, 245, 259, 262, 268, 269, 275, 280, 281, 286, 290, 292, 301, 303, 306]","[1, 6, 8, 10, 11, 13, 14, 16, 19, 21, 28, 32, 35, 39, 41, 43, 45, 48, 49, 53, 59, 62, 69, 71, 74, 83, 84, 89, 90, 95, 101, 102, 105, 109, 111, 113, 114, 121, 123, 128, 140, 144, 147, 151, 152, 156, 159, 163, 171, 174, 176, 179, 183, 187, 190, 195, 196, 198, 200, 206, 208, 212, 214, 216, 218, 220, 222, 228, 229, 238, 241, 247, 248, 260, 263, 276, 283, 288, 291, 293, 299, 301, 306, 309]",91,84,True
93,242.35478854179382,"[0, 4, 5, 6, 10, 15, 17, 18, 22, 24, 32, 34, 38, 39, 40, 41, 42, 44, 47, 53, 54, 58, 60, 61, 62, 63, 68, 70, 71, 73, 75, 76, 82, 83, 89, 93, 94, 97, 98, 99, 103, 104, 107, 112, 116, 121, 122, 123, 126, 140, 143, 144, 155, 162, 170, 172, 173, 178, 180, 182, 185, 188, 191, 193, 195, 196, 199, 203, 205, 207, 211, 213, 216, 217, 219, 221, 226, 231, 237, 239, 242, 245, 259, 262, 267, 268, 269, 275, 280, 281, 286, 290, 292, 301, 303, 306]","[1, 6, 8, 10, 11, 13, 14, 16, 19, 21, 28, 32, 35, 39, 41, 43, 45, 48, 49, 53, 59, 62, 69, 71, 74, 83, 84, 89, 90, 95, 101, 102, 105, 109, 111, 113, 114, 121, 123, 128, 140, 144, 147, 151, 152, 156, 159, 163, 171, 174, 176, 179, 183, 187, 190, 195, 196, 198, 200, 206, 208, 212, 214, 216, 218, 220, 222, 228, 229, 238, 241, 247, 248, 260, 263, 276, 283, 288, 291, 293, 299, 301, 306, 309]",96,84,True
94,497.3180282115936,"[0, 4, 5, 6, 10, 13, 15, 17, 18, 22, 24, 34, 38, 39, 40, 41, 42, 44, 47, 53, 54, 58, 60, 63, 68, 70, 71, 73, 76, 82, 83, 89, 94, 97, 98, 99, 103, 104, 107, 112, 113, 116, 121, 122, 123, 126, 140, 143, 144, 155, 162, 170, 172, 173, 178, 180, 182, 185, 188, 191, 193, 195, 196, 199, 205, 207, 211, 213, 216, 217, 219, 221, 226, 231, 237, 239, 242, 245, 259, 262, 268, 269, 275, 280, 281, 286, 290, 292, 301, 303, 306]","[1, 6, 8, 10, 11, 13, 14, 16, 19, 21, 28, 32, 35, 39, 41, 43, 45, 48, 49, 53, 59, 62, 69, 71, 74, 83, 84, 89, 90, 95, 101, 102, 105, 109, 111, 113, 114, 121, 123, 128, 140, 144, 147, 151, 152, 156, 159, 163, 171, 174, 176, 179, 183, 187, 190, 195, 196, 198, 200, 206, 208, 212, 214, 216, 218, 220, 222, 228, 229, 238, 241, 247, 248, 260, 263, 276, 283, 288, 291, 293, 299, 301, 306, 309]",91,84,True
95,528.793919801712,"[0, 4, 5, 6, 10, 13, 15, 17, 18, 22, 24, 34, 38, 39, 40, 41, 42, 44, 47, 53, 54, 58, 60, 61, 62, 63, 68, 70, 71, 73, 76, 82, 83, 89, 94, 97, 98, 99, 103, 104, 107, 112, 116, 121, 122, 123, 126, 140, 143, 144, 155, 162, 170, 172, 173, 178, 180, 182, 185, 188, 191, 193, 195, 196, 199, 205, 207, 211, 213, 216, 217, 219, 221, 226, 231, 237, 239, 242, 245, 259, 262, 268, 269, 275, 280, 281, 286, 290, 292, 301, 303, 306]","[1, 6, 8, 10, 11, 13, 14, 16, 19, 21, 28, 32, 35, 39, 41, 43, 45, 48, 49, 53, 59, 62, 69, 71, 74, 83, 84, 89, 90, 95, 101, 102, 105, 109, 111, 113, 114, 121, 123, 128, 140, 144, 147, 151, 152, 156, 159, 163, 171, 174, 176, 179, 183, 187, 190, 195, 196, 198, 200, 206, 208, 212, 214, 216, 218, 220, 222, 228, 229, 238, 241, 247, 248, 260, 263, 276, 283, 288, 291, 293, 299, 301, 306, 309]",92,84,True
96,409.2761833667755,"[0, 4, 5, 6, 10, 13, 15, 17, 18, 22, 24, 34, 38, 39, 40, 41, 42, 44, 47, 53, 54, 58, 60, 63, 68, 70, 71, 73, 76, 82, 83, 89, 94, 97, 98, 99, 103, 104, 107, 112, 113, 116, 121, 122, 123, 126, 140, 143, 144, 155, 162, 170, 172, 173, 178, 180, 182, 185, 188, 191, 193, 195, 196, 199, 205, 207, 211, 213, 216, 217, 219, 221, 226, 231, 237, 239, 242, 245, 259, 262, 268, 269, 275, 280, 281, 286, 290, 292, 301, 303, 306]","[1, 6, 8, 10, 11, 13, 14, 16, 19, 21, 28, 32, 35, 39, 41, 43, 45, 48, 49, 53, 59, 62, 69, 71, 74, 83, 84, 89, 90, 95, 101, 102, 105, 109, 111, 113, 114, 121, 123, 128, 140, 144, 147, 151, 152, 156, 159, 163, 171, 174, 176, 179, 183, 187, 190, 195, 196, 198, 200, 206, 208, 212, 214, 216, 218, 220, 222, 228, 229, 238, 241, 247, 248, 260, 263, 276, 283, 288, 291, 293, 299, 301, 306, 309]",91,84,True
97,389.0968985557556,"[0, 4, 5, 6, 10, 13, 15, 17, 18, 22, 24, 34, 38, 39, 40, 41, 42, 44, 47, 53, 54, 58, 60, 63, 68, 70, 71, 73, 76, 82, 83, 89, 94, 97, 98, 99, 103, 104, 107, 112, 113, 116, 121, 122, 123, 126, 140, 143, 144, 155, 162, 170, 172, 173, 178, 180, 182, 185, 188, 191, 193, 195, 196, 199, 205, 207, 211, 213, 216, 217, 219, 221, 226, 231, 237, 239, 242, 245, 259, 262, 268, 269, 275, 280, 281, 286, 290, 292, 301, 303, 306]","[1, 6, 8, 10, 11, 13, 14, 16, 19, 21, 28, 32, 35, 39, 41, 43, 45, 48, 49, 53, 59, 62, 69, 71, 74, 83, 84, 89, 90, 95, 101, 102, 105, 109, 111, 113, 114, 121, 123, 128, 140, 144, 147, 151, 152, 156, 159, 163, 171, 174, 176, 179, 183, 187, 190, 195, 196, 198, 200, 206, 208, 212, 214, 216, 218, 220, 222, 228, 229, 238, 241, 247, 248, 260, 263, 276, 283, 288, 291, 293, 299, 301, 306, 309]",91,84,True
98,270.85165667533875,"[0, 4, 5, 6, 10, 13, 15, 17, 18, 22, 24, 34, 38, 39, 40, 41, 42, 44, 47, 53, 54, 58, 60, 63, 68, 70, 71, 73, 76, 82, 83, 89, 94, 97, 98, 99, 103, 104, 107, 112, 113, 116, 121, 122, 123, 126, 140, 143, 144, 155, 162, 170, 172, 173, 178, 180, 182, 185, 188, 191, 193, 195, 196, 199, 205, 207, 211, 213, 216, 217, 219, 221, 226, 231, 237, 239, 242, 245, 259, 262, 268, 269, 275, 280, 281, 286, 290, 292, 301, 303, 306]","[1, 6, 8, 10, 11, 13, 14, 16, 19, 21, 28, 32, 35, 39, 41, 43, 45, 48, 49, 53, 59, 62, 69, 71, 74, 83, 84, 89, 90, 95, 101, 102, 105, 109, 111, 113, 114, 121, 123, 128, 140, 144, 147, 151, 152, 156, 159, 163, 171, 174, 176, 179, 183, 187, 190, 195, 196, 198, 200, 206, 208, 212, 214, 216, 218, 220, 222, 228, 229, 238, 241, 247, 248, 260, 263, 276, 283, 288, 291, 293, 299, 301, 306, 309]",91,84,True
99,540.3794455528259,"[0, 4, 5, 6, 10, 15, 17, 18, 22, 24, 32, 34, 38, 39, 40, 41, 42, 44, 47, 53, 54, 58, 60, 61, 62, 63, 68, 70, 71, 73, 75, 76, 82, 83, 89, 93, 94, 97, 98, 99, 103, 104, 107, 112, 116, 121, 122, 123, 126, 140, 143, 144, 155, 162, 170, 172, 173, 178, 180, 182, 185, 188, 191, 193, 195, 196, 199, 203, 205, 207, 211, 213, 216, 217, 219, 221, 226, 231, 237, 239, 242, 245, 259, 262, 267, 268, 269, 275, 280, 281, 286, 290, 292, 301, 303, 306]","[1, 6, 8, 10, 11, 13, 14, 16, 19, 21, 28, 32, 35, 39, 41, 43, 45, 48, 49, 53, 59, 62, 69, 71, 74, 83, 84, 89, 90, 95, 101, 102, 105, 109, 111, 113, 114, 121, 123, 128, 140, 144, 147, 151, 152, 156, 159, 163, 171, 174, 176, 179, 183, 187, 190, 195, 196, 198, 200, 206, 208, 212, 214, 216, 218, 220, 222, 228, 229, 238, 241, 247, 248, 260, 263, 276, 283, 288, 291, 293, 299, 301, 306, 309]",96,84,True
100,543.3465807437897,"[0, 4, 5, 6, 10, 15, 17, 18, 22, 24, 32, 34, 38, 39, 40, 41, 42, 44, 47, 53, 54, 58, 60, 61, 62, 63, 68, 70, 71, 73, 75, 76, 82, 83, 89, 93, 94, 97, 98, 99, 103, 104, 107, 112, 116, 121, 122, 123, 126, 140, 143, 144, 155, 162, 170, 172, 173, 178, 180, 182, 185, 188, 191, 193, 195, 196, 199, 203, 205, 207, 211, 213, 216, 217, 219, 221, 226, 231, 237, 239, 242, 245, 259, 262, 267, 268, 269, 275, 280, 281, 286, 290, 292, 301, 303, 306]","[1, 6, 8, 10, 11, 13, 14, 16, 19, 21, 28, 32, 35, 39, 41, 43, 45, 48, 49, 53, 59, 62, 69, 71, 74, 83, 84, 89, 90, 95, 101, 102, 105, 109, 111, 113, 114, 121, 123, 128, 140, 144, 147, 151, 152, 156, 159, 163, 171, 174, 176, 179, 183, 187, 190, 195, 196, 198, 200, 206, 208, 212, 214, 216, 218, 220, 222, 228, 229, 238, 241, 247, 248, 260, 263, 276, 283, 288, 291, 293, 299, 301, 306, 309]",96,84,True
101,612.4835197925568,"[0, 4, 5, 6, 10, 15, 17, 18, 22, 24, 32, 34, 38, 39, 40, 41, 42, 44, 47, 53, 54, 58, 60, 61, 62, 63, 68, 70, 71, 73, 75, 76, 82, 83, 89, 93, 94, 97, 98, 99, 103, 104, 107, 112, 116, 121, 122, 123, 126, 140, 143, 144, 155, 162, 170, 172, 173, 178, 180, 182, 185, 188, 191, 193, 195, 196, 199, 203, 205, 207, 211, 213, 216, 217, 219, 221, 226, 231, 237, 239, 242, 245, 259, 262, 267, 268, 269, 275, 280, 281, 286, 290, 292, 301, 303, 306]","[1, 6, 8, 10, 11, 13, 14, 16, 19, 21, 28, 32, 35, 39, 41, 43, 45, 48, 49, 53, 59, 62, 69, 71, 74, 83, 84, 89, 90, 95, 101, 102, 105, 109, 111, 113, 114, 121, 123, 128, 140, 144, 147, 151, 152, 156, 159, 163, 171, 174, 176, 179, 183, 187, 190, 195, 196, 198, 200, 206, 208, 212, 214, 216, 218, 220, 222, 228, 229, 238, 241, 247, 248, 260, 263, 276, 283, 288, 291, 293, 299, 301, 306, 309]",96,84,True
102,609.164044380188,"[0, 4, 5, 6, 10, 15, 17, 18, 22, 24, 32, 34, 38, 39, 40, 41, 42, 44, 47, 53, 54, 58, 60, 61, 62, 63, 68, 70, 71, 73, 75, 76, 82, 83, 89, 93, 94, 97, 98, 99, 103, 104, 107, 112, 116, 121, 122, 123, 126, 140, 143, 144, 155, 162, 170, 172, 173, 178, 180, 182, 185, 188, 191, 193, 195, 196, 199, 203, 205, 207, 211, 213, 216, 217, 219, 221, 226, 231, 237, 239, 242, 245, 259, 262, 267, 268, 269, 275, 280, 281, 286, 290, 292, 301, 303, 306]","[1, 6, 8, 10, 11, 13, 14, 16, 19, 21, 28, 32, 35, 39, 41, 43, 45, 48, 49, 53, 59, 62, 69, 71, 74, 83, 84, 89, 90, 95, 101, 102, 105, 109, 111, 113, 114, 121, 123, 128, 140, 144, 147, 151, 152, 156, 159, 163, 171, 174, 176, 179, 183, 187, 190, 195, 196, 198, 200, 206, 208, 212, 214, 216, 218, 220, 222, 228, 229, 238, 241, 247, 248, 260, 263, 276, 283, 288, 291, 293, 299, 301, 306, 309]",96,84,True
103,586.2051763534546,"[0, 4, 5, 6, 10, 15, 17, 18, 22, 24, 32, 34, 38, 39, 40, 41, 42, 44, 47, 53, 54, 58, 60, 61, 62, 63, 68, 70, 71, 73, 75, 76, 82, 83, 89, 93, 94, 97, 98, 99, 103, 104, 107, 112, 116, 121, 122, 123, 126, 140, 143, 144, 155, 162, 170, 172, 173, 178, 180, 182, 185, 188, 191, 193, 195, 196, 199, 203, 205, 207, 211, 213, 216, 217, 219, 221, 226, 231, 237, 239, 242, 245, 259, 262, 267, 268, 269, 275, 280, 281, 286, 290, 292, 301, 303, 306]","[1, 6, 8, 10, 11, 13, 14, 16, 19, 21, 28, 32, 35, 39, 41, 43, 45, 48, 49, 53, 59, 62, 69, 71, 74, 83, 84, 89, 90, 95, 101, 102, 105, 109, 111, 113, 114, 121, 123, 128, 140, 144, 147, 151, 152, 156, 159, 163, 171, 174, 176, 179, 183, 187, 190, 195, 196, 198, 200, 206, 208, 212, 214, 216, 218, 220, 222, 228, 229, 238, 241, 247, 248, 260, 263, 276, 283, 288, 291, 293, 299, 301, 306, 309]",96,84,True
104,543.716965675354,"[0, 4, 5, 6, 10, 15, 17, 18, 22, 24, 32, 34, 38, 39, 40, 41, 42, 44, 47, 53, 54, 58, 60, 61, 62, 63, 68, 70, 71, 73, 75, 76, 82, 83, 89, 93, 94, 97, 98, 99, 103, 104, 107, 112, 116, 121, 122, 123, 126, 140, 143, 144, 155, 162, 170, 172, 173, 178, 180, 182, 185, 188, 191, 193, 195, 196, 199, 203, 205, 207, 211, 213, 216, 217, 219, 221, 226, 231, 237, 239, 242, 245, 259, 262, 267, 268, 269, 275, 280, 281, 286, 290, 292, 301, 303, 306]","[1, 6, 8, 10, 11, 13, 14, 16, 19, 21, 28, 32, 35, 39, 41, 43, 45, 48, 49, 53, 59, 62, 69, 71, 74, 83, 84, 89, 90, 95, 101, 102, 105, 109, 111, 113, 114, 121, 123, 128, 140, 144, 147, 151, 152, 156, 159, 163, 171, 174, 176, 179, 183, 187, 190, 195, 196, 198, 200, 206, 208, 212, 214, 216, 218, 220, 222, 228, 229, 238, 241, 247, 248, 260, 263, 276, 283, 288, 291, 293, 299, 301, 306, 309]",96,84,True
105,530.0627377033234,"[0, 4, 5, 6, 10, 13, 15, 17, 18, 22, 24, 34, 38, 39, 40, 41, 42, 44, 47, 53, 54, 58, 60, 63, 68, 70, 71, 73, 76, 82, 83, 89, 94, 97, 98, 99, 103, 104, 107, 112, 113, 116, 121, 122, 123, 126, 140, 143, 144, 155, 162, 170, 172, 173, 178, 180, 182, 185, 188, 191, 193, 195, 196, 199, 205, 207, 211, 213, 216, 217, 219, 221, 226, 231, 237, 239, 242, 245, 259, 262, 268, 269, 275, 280, 281, 286, 290, 292, 301, 303, 306]","[1, 6, 8, 10, 11, 13, 14, 16, 19, 21, 28, 32, 35, 39, 41, 43, 45, 48, 49, 53, 59, 62, 69, 71, 74, 83, 84, 89, 90, 95, 101, 102, 105, 109, 111, 113, 114, 121, 123, 128, 140, 144, 147, 151, 152, 156, 159, 163, 171, 174, 176, 179, 183, 187, 190, 195, 196, 198, 200, 206, 208, 212, 214, 216, 218, 220, 222, 228, 229, 238, 241, 247, 248, 260, 263, 276, 283, 288, 291, 293, 299, 301, 306, 309]",91,84,True
106,771.8378529548645,"[0, 4, 5, 6, 10, 13, 15, 17, 18, 22, 24, 34, 38, 39, 40, 41, 42, 44, 47, 53, 54, 58, 60, 63, 68, 70, 71, 73, 76, 82, 83, 89, 94, 97, 98, 99, 103, 104, 107, 112, 113, 116, 121, 122, 123, 126, 140, 143, 144, 155, 162, 170, 172, 173, 178, 180, 182, 185, 188, 191, 193, 195, 196, 199, 205, 207, 211, 213, 216, 217, 219, 221, 226, 231, 237, 239, 242, 245, 259, 262, 268, 269, 275, 280, 281, 286, 290, 292, 301, 303, 306]","[1, 6, 8, 10, 11, 13, 14, 16, 19, 21, 28, 32, 35, 39, 41, 43, 45, 48, 49, 53, 59, 62, 69, 71, 74, 83, 84, 89, 90, 95, 101, 102, 105, 109, 111, 113, 114, 121, 123, 128, 140, 144, 147, 151, 152, 156, 159, 163, 171, 174, 176, 179, 183, 187, 190, 195, 196, 198, 200, 206, 208, 212, 214, 216, 218, 220, 222, 228, 229, 238, 241, 247, 248, 260, 263, 276, 283, 288, 291, 293, 299, 301, 306, 309]",91,84,True
107,811.3997509479523,"[0, 4, 5, 6, 10, 13, 15, 17, 18, 22, 24, 34, 38, 39, 40, 41, 42, 44, 47, 53, 54, 58, 60, 63, 68, 70, 71, 73, 76, 82, 83, 89, 94, 97, 98, 99, 103, 104, 107, 112, 113, 116, 121, 122, 123, 126, 140, 143, 144, 155, 162, 170, 172, 173, 178, 180, 182, 185, 188, 191, 193, 195, 196, 199, 205, 207, 211, 213, 216, 217, 219, 221, 226, 231, 237, 239, 242, 245, 259, 262, 268, 269, 275, 280, 281, 286, 290, 292, 301, 303, 306]","[1, 6, 8, 10, 11, 13, 14, 16, 19, 21, 28, 32, 35, 39, 41, 43, 45, 48, 49, 53, 59, 62, 69, 71, 74, 83, 84, 89, 90, 95, 101, 102, 105, 109, 111, 113, 114, 121, 123, 128, 140, 144, 147, 151, 152, 156, 159, 163, 171, 174, 176, 179, 183, 187, 190, 195, 196, 198, 200, 206, 208, 212, 214, 216, 218, 220, 222, 228, 229, 238, 241, 247, 248, 260, 263, 276, 283, 288, 291, 293, 299, 301, 306, 309]",91,84,True
108,823.5859477519989,"[0, 4, 5, 6, 10, 13, 15, 17, 18, 22, 24, 34, 38, 39, 40, 41, 42, 44, 47, 53, 54, 58, 60, 61, 62, 63, 68, 70, 71, 73, 76, 82, 83, 89, 94, 97, 98, 99, 103, 104, 107, 112, 116, 121, 122, 123, 126, 140, 143, 144, 155, 162, 170, 172, 173, 178, 180, 182, 185, 188, 191, 193, 195, 196, 199, 205, 207, 211, 213, 216, 217, 219, 221, 226, 231, 237, 239, 242, 245, 259, 262, 268, 269, 275, 280, 281, 286, 290, 292, 301, 303, 306]","[1, 6, 8, 10, 11, 13, 14, 16, 19, 21, 28, 32, 35, 39, 41, 43, 45, 48, 49, 53, 59, 62, 69, 71, 74, 83, 84, 89, 90, 95, 101, 102, 105, 109, 111, 113, 114, 121, 123, 128, 140, 144, 147, 151, 152, 156, 159, 163, 171, 174, 176, 179, 183, 187, 190, 195, 196, 198, 200, 206, 208, 212, 214, 216, 218, 220, 222, 228, 229, 238, 241, 247, 248, 260, 263, 276, 283, 288, 291, 293, 299, 301, 306, 309]",92,84,True
109,686.0087945461273,"[0, 4, 5, 6, 10, 13, 15, 17, 18, 22, 24, 34, 38, 39, 40, 41, 42, 44, 47, 53, 54, 58, 60, 63, 68, 70, 71, 73, 76, 82, 83, 89, 94, 97, 98, 99, 103, 104, 107, 112, 113, 116, 121, 122, 123, 126, 140, 143, 144, 155, 162, 170, 172, 173, 178, 180, 182, 185, 188, 191, 193, 195, 196, 199, 205, 207, 211, 213, 216, 217, 219, 221, 226, 231, 237, 239, 242, 245, 259, 262, 268, 269, 275, 280, 281, 286, 290, 292, 301, 303, 306]","[1, 6, 8, 10, 11, 13, 14, 16, 19, 21, 28, 32, 35, 39, 41, 43, 45, 48, 49, 53, 59, 62, 69, 71, 74, 83, 84, 89, 90, 95, 101, 102, 105, 109, 111, 113, 114, 121, 123, 128, 140, 144, 147, 151, 152, 156, 159, 163, 171, 174, 176, 179, 183, 187, 190, 195, 196, 198, 200, 206, 208, 212, 214, 216, 218, 220, 222, 228, 229, 238, 241, 247, 248, 260, 263, 276, 283, 288, 291, 293, 299, 301, 306, 309]",91,84,True
110,639.1397504806519,"[0, 4, 5, 6, 10, 13, 15, 17, 18, 22, 24, 34, 38, 39, 40, 41, 42, 44, 47, 53, 54, 58, 60, 63, 68, 70, 71, 73, 76, 82, 83, 89, 94, 97, 98, 99, 103, 104, 107, 112, 113, 116, 121, 122, 123, 126, 140, 143, 144, 155, 162, 170, 172, 173, 178, 180, 182, 185, 188, 191, 193, 195, 196, 199, 205, 207, 211, 213, 216, 217, 219, 221, 226, 231, 237, 239, 242, 245, 259, 262, 268, 269, 275, 280, 281, 286, 290, 292, 301, 303, 306]","[1, 6, 8, 10, 11, 13, 14, 16, 19, 21, 28, 32, 35, 39, 41, 43, 45, 48, 49, 53, 59, 62, 69, 71, 74, 83, 84, 89, 90, 95, 101, 102, 105, 109, 111, 113, 114, 121, 123, 128, 140, 144, 147, 151, 152, 156, 159, 163, 171, 174, 176, 179, 183, 187, 190, 195, 196, 198, 200, 206, 208, 212, 214, 216, 218, 220, 222, 228, 229, 238, 241, 247, 248, 260, 263, 276, 283, 288, 291, 293, 299, 301, 306, 309]",91,84,True
111,675.5188419818878,"[0, 4, 5, 6, 10, 13, 15, 17, 18, 22, 24, 34, 38, 39, 40, 41, 42, 44, 47, 53, 54, 58, 60, 63, 68, 70, 71, 73, 76, 82, 83, 89, 94, 97, 98, 99, 103, 104, 107, 112, 113, 116, 121, 122, 123, 126, 140, 143, 144, 155, 162, 170, 172, 173, 178, 180, 182, 185, 188, 191, 193, 195, 196, 199, 205, 207, 211, 213, 216, 217, 219, 221, 226, 231, 237, 239, 242, 245, 259, 262, 268, 269, 275, 280, 281, 286, 290, 292, 301, 303, 306]","[1, 6, 8, 10, 11, 13, 14, 16, 19, 21, 28, 32, 35, 39, 41, 43, 45, 48, 49, 53, 59, 62, 69, 71, 74, 83, 84, 89, 90, 95, 101, 102, 105, 109, 111, 113, 114, 121, 123, 128, 140, 144, 147, 151, 152, 156, 159, 163, 171, 174, 176, 179, 183, 187, 190, 195, 196, 198, 200, 206, 208, 212, 214, 216, 218, 220, 222, 228, 229, 238, 241, 247, 248, 260, 263, 276, 283, 288, 291, 293, 299, 301, 306, 309]",91,84,True
112,836.1750662326813,"[0, 4, 5, 6, 10, 13, 15, 17, 18, 22, 24, 34, 38, 39, 40, 41, 42, 44, 47, 53, 54, 58, 60, 63, 68, 70, 71, 73, 76, 82, 83, 89, 94, 97, 98, 99, 103, 104, 107, 112, 113, 116, 121, 122, 123, 126, 140, 143, 144, 155, 162, 170, 172, 173, 178, 180, 182, 185, 188, 191, 193, 195, 196, 199, 205, 207, 211, 213, 216, 217, 219, 221, 226, 231, 237, 239, 242, 245, 259, 262, 268, 269, 275, 280, 281, 286, 290, 292, 301, 303, 306]","[1, 6, 8, 10, 11, 13, 14, 16, 19, 21, 28, 32, 35, 39, 41, 43, 45, 48, 49, 53, 59, 62, 69, 71, 74, 83, 84, 89, 90, 95, 101, 102, 105, 109, 111, 113, 114, 121, 123, 128, 140, 144, 147, 151, 152, 156, 159, 163, 171, 174, 176, 179, 183, 187, 190, 195, 196, 198, 200, 206, 208, 212, 214, 216, 218, 220, 222, 228, 229, 238, 241, 247, 248, 260, 263, 276, 283, 288, 291, 293, 299, 301, 306, 309]",91,84,True
113,917.6413977146149,"[0, 4, 5, 6, 10, 13, 15, 17, 18, 22, 24, 34, 38, 39, 40, 41, 42, 44, 47, 53, 54, 58, 60, 63, 68, 70, 71, 73, 76, 82, 83, 89, 94, 97, 98, 99, 103, 104, 107, 112, 113, 116, 121, 122, 123, 126, 140, 143, 144, 155, 162, 170, 172, 173, 178, 180, 182, 185, 188, 191, 193, 195, 196, 199, 205, 207, 211, 213, 216, 217, 219, 221, 226, 231, 237, 239, 242, 245, 259, 262, 268, 269, 275, 280, 281, 286, 290, 292, 301, 303, 306]","[1, 6, 8, 10, 11, 13, 14, 16, 19, 21, 28, 32, 35, 39, 41, 43, 45, 48, 49, 53, 59, 62, 69, 71, 74, 83, 84, 89, 90, 95, 101, 102, 105, 109, 111, 113, 114, 121, 123, 128, 140, 144, 147, 151, 152, 156, 159, 163, 171, 174, 176, 179, 183, 187, 190, 195, 196, 198, 200, 206, 208, 212, 214, 216, 218, 220, 222, 228, 229, 238, 241, 247, 248, 260, 263, 276, 283, 288, 291, 293, 299, 301, 306, 309]",91,84,True
113,811.7177941799164,"[0, 4, 5, 6, 10, 13, 15, 17, 18, 22, 24, 34, 38, 39, 40, 41, 42, 44, 47, 53, 54, 58, 60, 61, 62, 63, 68, 70, 71, 73, 76, 82, 83, 89, 94, 97, 98, 99, 103, 104, 107, 112, 116, 121, 122, 123, 126, 140, 143, 144, 155, 162, 170, 172, 173, 178, 180, 182, 185, 188, 191, 193, 195, 196, 199, 205, 207, 211, 213, 216, 217, 219, 221, 226, 231, 237, 239, 242, 245, 259, 262, 268, 269, 275, 280, 281, 286, 290, 292, 301, 303, 306]","[1, 6, 8, 10, 11, 13, 14, 16, 19, 21, 28, 32, 35, 39, 41, 43, 45, 48, 49, 53, 59, 62, 69, 71, 74, 83, 84, 89, 90, 95, 101, 102, 105, 109, 111, 113, 114, 121, 123, 128, 140, 144, 147, 151, 152, 156, 159, 163, 171, 174, 176, 179, 183, 187, 190, 195, 196, 198, 200, 206, 208, 212, 214, 216, 218, 220, 222, 228, 229, 238, 241, 247, 248, 260, 263, 276, 283, 288, 291, 293, 299, 301, 306, 309]",92,84,True
114,740.9783215522766,"[0, 4, 5, 6, 10, 13, 15, 17, 18, 22, 24, 34, 38, 39, 40, 41, 42, 44, 47, 53, 54, 58, 60, 63, 68, 70, 71, 73, 76, 82, 83, 89, 94, 97, 98, 99, 103, 104, 107, 112, 113, 116, 121, 122, 123, 126, 140, 143, 144, 155, 162, 170, 172, 173, 178, 180, 182, 185, 188, 191, 193, 195, 196, 199, 205, 207, 211, 213, 216, 217, 219, 221, 226, 231, 237, 239, 242, 245, 259, 262, 268, 269, 275, 280, 281, 286, 290, 292, 301, 303, 306]","[1, 6, 8, 10, 11, 13, 14, 16, 19, 21, 28, 32, 35, 39, 41, 43, 45, 48, 49, 53, 59, 62, 69, 71, 74, 83, 84, 89, 90, 95, 101, 102, 105, 109, 111, 113, 114, 121, 123, 128, 140, 144, 147, 151, 152, 156, 159, 163, 171, 174, 176, 179, 183, 187, 190, 195, 196, 198, 200, 206, 208, 212, 214, 216, 218, 220, 222, 228, 229, 238, 241, 247, 248, 260, 263, 276, 283, 288, 291, 293, 299, 301, 306, 309]",91,84,True
115,495.09248638153076,"[0, 4, 5, 6, 10, 15, 17, 18, 22, 24, 32, 34, 38, 39, 40, 41, 42, 44, 47, 53, 54, 58, 60, 61, 62, 63, 68, 70, 71, 73, 75, 76, 82, 83, 89, 93, 94, 97, 98, 99, 103, 104, 107, 112, 116, 121, 122, 123, 126, 140, 143, 144, 155, 162, 170, 172, 173, 178, 180, 182, 185, 188, 191, 193, 195, 196, 199, 203, 205, 207, 211, 213, 216, 217, 219, 221, 226, 231, 237, 239, 242, 245, 259, 262, 267, 268, 269, 275, 280, 281, 286, 290, 292, 301, 303, 306]","[1, 6, 8, 10, 11, 13, 14, 16, 19, 21, 28, 32, 35, 39, 41, 43, 45, 48, 49, 53, 59, 62, 69, 71, 74, 83, 84, 89, 90, 95, 101, 102, 105, 109, 111, 113, 114, 121, 123, 128, 140, 144, 147, 151, 152, 156, 159, 163, 171, 174, 176, 179, 183, 187, 190, 195, 196, 198, 200, 206, 208, 212, 214, 216, 218, 220, 222, 228, 229, 238, 241, 247, 248, 260, 263, 276, 283, 288, 291, 293, 299, 301, 306, 309]",96,84,True
116,486.10576033592224,"[0, 4, 5, 6, 10, 13, 15, 17, 18, 22, 24, 34, 38, 39, 40, 41, 42, 44, 47, 53, 54, 58, 60, 63, 68, 70, 71, 73, 76, 82, 83, 89, 94, 97, 98, 99, 103, 104, 107, 112, 113, 116, 121, 122, 123, 126, 140, 143, 144, 155, 162, 170, 172, 173, 178, 180, 182, 185, 188, 191, 193, 195, 196, 199, 205, 207, 211, 213, 216, 217, 219, 221, 226, 231, 237, 239, 242, 245, 259, 262, 268, 269, 275, 280, 281, 286, 290, 292, 301, 303, 306]","[1, 6, 8, 10, 11, 13, 14, 16, 19, 21, 28, 32, 35, 39, 41, 43, 45, 48, 49, 53, 59, 62, 69, 71, 74, 83, 84, 89, 90, 95, 101, 102, 105, 109, 111, 113, 114, 121, 123, 128, 140, 144, 147, 151, 152, 156, 159, 163, 171, 174, 176, 179, 183, 187, 190, 195, 196, 198, 200, 206, 208, 212, 214, 216, 218, 220, 222, 228, 229, 238, 241, 247, 248, 260, 263, 276, 283, 288, 291, 293, 299, 301, 306, 309]",91,84,True
117,526.695925951004,"[0, 4, 5, 6, 10, 13, 15, 17, 18, 22, 24, 34, 38, 39, 40, 41, 42, 44, 47, 53, 54, 58, 60, 63, 68, 70, 71, 73, 76, 82, 83, 89, 94, 97, 98, 99, 103, 104, 107, 112, 113, 116, 121, 122, 123, 126, 140, 143, 144, 155, 162, 170, 172, 173, 178, 180, 182, 185, 188, 191, 193, 195, 196, 199, 205, 207, 211, 213, 216, 217, 219, 221, 226, 231, 237, 239, 242, 245, 259, 262, 268, 269, 275, 280, 281, 286, 290, 292, 301, 303, 306]","[1, 6, 8, 10, 11, 13, 14, 16, 19, 21, 28, 32, 35, 39, 41, 43, 45, 48, 49, 53, 59, 62, 69, 71, 74, 83, 84, 89, 90, 95, 101, 102, 105, 109, 111, 113, 114, 121, 123, 128, 140, 144, 147, 151, 152, 156, 159, 163, 171, 174, 176, 179, 183, 187, 190, 195, 196, 198, 200, 206, 208, 212, 214, 216, 218, 220, 222, 228, 229, 238, 241, 247, 248, 260, 263, 276, 283, 288, 291, 293, 299, 301, 306, 309]",91,84,True
118,1070.7522842884064,"[0, 4, 5, 6, 10, 15, 17, 18, 22, 24, 32, 34, 38, 39, 40, 41, 42, 44, 47, 53, 54, 58, 60, 61, 62, 63, 68, 70, 71, 73, 75, 76, 82, 83, 89, 93, 94, 97, 98, 99, 103, 104, 107, 112, 116, 121, 122, 123, 126, 140, 143, 144, 155, 162, 170, 172, 173, 178, 180, 182, 185, 188, 191, 193, 195, 196, 199, 203, 205, 207, 211, 213, 216, 217, 219, 221, 226, 231, 237, 239, 242, 245, 259, 262, 267, 268, 269, 275, 280, 281, 286, 290, 292, 301, 303, 306]","[1, 6, 8, 10, 11, 13, 14, 16, 19, 21, 28, 32, 35, 39, 41, 43, 45, 48, 49, 53, 59, 62, 69, 71, 74, 83, 84, 89, 90, 95, 101, 102, 105, 109, 111, 113, 114, 121, 123, 128, 140, 144, 147, 151, 152, 156, 159, 163, 171, 174, 176, 179, 183, 187, 190, 195, 196, 198, 200, 206, 208, 212, 214, 216, 218, 220, 222, 228, 229, 238, 241, 247, 248, 260, 263, 276, 283, 288, 291, 293, 299, 301, 306, 309]",96,84,True
119,1065.7817919254303,"[0, 4, 5, 6, 10, 15, 17, 18, 22, 24, 32, 34, 38, 39, 40, 41, 42, 44, 47, 53, 54, 58, 60, 61, 62, 63, 68, 70, 71, 73, 75, 76, 82, 83, 89, 93, 94, 97, 98, 99, 103, 104, 107, 112, 116, 121, 122, 123, 126, 140, 143, 144, 155, 162, 170, 172, 173, 178, 180, 182, 185, 188, 191, 193, 195, 196, 199, 203, 205, 207, 211, 213, 216, 217, 219, 221, 226, 231, 237, 239, 242, 245, 259, 262, 267, 268, 269, 275, 280, 281, 286, 290, 292, 301, 303, 306]","[1, 6, 8, 10, 11, 13, 14, 16, 19, 21, 28, 32, 35, 39, 41, 43, 45, 48, 49, 53, 59, 62, 69, 71, 74, 83, 84, 89, 90, 95, 101, 102, 105, 109, 111, 113, 114, 121, 123, 128, 140, 144, 147, 151, 152, 156, 159, 163, 171, 174, 176, 179, 183, 187, 190, 195, 196, 198, 200, 206, 208, 212, 214, 216, 218, 220, 222, 228, 229, 238, 241, 247, 248, 260, 263, 276, 283, 288, 291, 293, 299, 301, 306, 309]",96,84,True
120,1168.3419396877289,"[0, 4, 5, 6, 10, 13, 15, 17, 18, 22, 24, 34, 38, 39, 40, 41, 42, 44, 47, 53, 54, 58, 60, 63, 68, 70, 71, 73, 76, 82, 83, 89, 94, 97, 98, 99, 103, 104, 107, 112, 113, 116, 121, 122, 123, 126, 140, 143, 144, 155, 162, 170, 172, 173, 178, 180, 182, 185, 188, 191, 193, 195, 196, 199, 205, 207, 211, 213, 216, 217, 219, 221, 226, 231, 237, 239, 242, 245, 259, 262, 268, 269, 275, 280, 281, 286, 290, 292, 301, 303, 306]","[1, 6, 8, 10, 11, 13, 14, 16, 19, 21, 28, 32, 35, 39, 41, 43, 45, 48, 49, 53, 59, 62, 69, 71, 74, 83, 84, 89, 90, 95, 101, 102, 105, 109, 111, 113, 114, 121, 123, 128, 140, 144, 147, 151, 152, 156, 159, 163, 171, 174, 176, 179, 183, 187, 190, 195, 196, 198, 200, 206, 208, 212, 214, 216, 218, 220, 222, 228, 229, 238, 241, 247, 248, 260, 263, 276, 283, 288, 291, 293, 299, 301, 306, 309]",91,84,True
121,1309.4937372207642,"[0, 4, 5, 6, 10, 13, 15, 17, 18, 22, 24, 34, 38, 39, 40, 41, 42, 44, 47, 53, 54, 58, 60, 61, 62, 63, 68, 70, 71, 73, 76, 82, 83, 89, 94, 97, 98, 99, 103, 104, 107, 112, 116, 121, 122, 123, 126, 140, 143, 144, 155, 162, 170, 172, 173, 178, 180, 182, 185, 188, 191, 193, 195, 196, 199, 205, 207, 211, 213, 216, 217, 219, 221, 226, 231, 237, 239, 242, 245, 259, 262, 268, 269, 275, 280, 281, 286, 290, 292, 301, 303, 306]","[1, 6, 8, 10, 11, 13, 14, 16, 19, 21, 28, 32, 35, 39, 41, 43, 45, 48, 49, 53, 59, 62, 69, 71, 74, 83, 84, 89, 90, 95, 101, 102, 105, 109, 111, 113, 114, 121, 123, 128, 140, 144, 147, 151, 152, 156, 159, 163, 171, 174, 176, 179, 183, 187, 190, 195, 196, 198, 200, 206, 208, 212, 214, 216, 218, 220, 222, 228, 229, 238, 241, 247, 248, 260, 263, 276, 283, 288, 291, 293, 299, 301, 306, 309]",92,84,True
122,1193.5918204784393,"[0, 4, 5, 6, 10, 13, 15, 17, 18, 22, 24, 34, 38, 39, 40, 41, 42, 44, 47, 53, 54, 58, 60, 61, 62, 63, 68, 70, 71, 73, 76, 82, 83, 89, 94, 97, 98, 99, 103, 104, 107, 112, 116, 121, 122, 123, 126, 140, 143, 144, 155, 162, 170, 172, 173, 178, 180, 182, 185, 188, 191, 193, 195, 196, 199, 205, 207, 211, 213, 216, 217, 219, 221, 226, 231, 237, 239, 242, 245, 259, 262, 268, 269, 275, 280, 281, 286, 290, 292, 301, 303, 306]","[1, 6, 8, 10, 11, 13, 14, 16, 19, 21, 28, 32, 35, 39, 41, 43, 45, 48, 49, 53, 59, 62, 69, 71, 74, 83, 84, 89, 90, 95, 101, 102, 105, 109, 111, 113, 114, 121, 123, 128, 140, 144, 147, 151, 152, 156, 159, 163, 171, 174, 176, 179, 183, 187, 190, 195, 196, 198, 200, 206, 208, 212, 214, 216, 218, 220, 222, 228, 229, 238, 241, 247, 248, 260, 263, 276, 283, 288, 291, 293, 299, 301, 306, 309]",92,84,True
123,1270.2110013961792,"[0, 4, 5, 6, 10, 13, 15, 17, 18, 22, 24, 34, 38, 39, 40, 41, 42, 44, 47, 53, 54, 58, 60, 63, 68, 70, 71, 73, 76, 82, 83, 89, 94, 97, 98, 99, 103, 104, 107, 112, 113, 116, 121, 122, 123, 126, 140, 143, 144, 155, 162, 170, 172, 173, 178, 180, 182, 185, 188, 191, 193, 195, 196, 199, 205, 207, 211, 213, 216, 217, 219, 221, 226, 231, 237, 239, 242, 245, 259, 262, 268, 269, 275, 280, 281, 286, 290, 292, 301, 303, 306]","[1, 6, 8, 10, 11, 13, 14, 16, 19, 21, 28, 32, 35, 39, 41, 43, 45, 48, 49, 53, 59, 62, 69, 71, 74, 83, 84, 89, 90, 95, 101, 102, 105, 109, 111, 113, 114, 121, 123, 128, 140, 144, 147, 151, 152, 156, 159, 163, 171, 174, 176, 179, 183, 187, 190, 195, 196, 198, 200, 206, 208, 212, 214, 216, 218, 220, 222, 228, 229, 238, 241, 247, 248, 260, 263, 276, 283, 288, 291, 293, 299, 301, 306, 309]",91,84,True
124,1422.9702339172363,"[0, 4, 5, 6, 10, 13, 15, 17, 18, 22, 24, 34, 38, 39, 40, 41, 42, 44, 47, 53, 54, 58, 60, 63, 68, 70, 71, 73, 76, 82, 83, 89, 94, 97, 98, 99, 103, 104, 107, 112, 113, 116, 121, 122, 123, 126, 140, 143, 144, 155, 162, 170, 172, 173, 178, 180, 182, 185, 188, 191, 193, 195, 196, 199, 205, 207, 211, 213, 216, 217, 219, 221, 226, 231, 237, 239, 242, 245, 259, 262, 268, 269, 275, 280, 281, 286, 290, 292, 301, 303, 306]","[1, 6, 8, 10, 11, 13, 14, 16, 19, 21, 28, 32, 35, 39, 41, 43, 45, 48, 49, 53, 59, 62, 69, 71, 74, 83, 84, 89, 90, 95, 101, 102, 105, 109, 111, 113, 114, 121, 123, 128, 140, 144, 147, 151, 152, 156, 159, 163, 171, 174, 176, 179, 183, 187, 190, 195, 196, 198, 200, 206, 208, 212, 214, 216, 218, 220, 222, 228, 229, 238, 241, 247, 248, 260, 263, 276, 283, 288, 291, 293, 299, 301, 306, 309]",91,84,True
125,1250.8159449100494,"[0, 4, 5, 6, 10, 13, 15, 17, 18, 22, 24, 34, 38, 39, 40, 41, 42, 44, 47, 53, 54, 58, 60, 63, 68, 70, 71, 73, 76, 82, 83, 89, 94, 97, 98, 99, 103, 104, 107, 112, 113, 116, 121, 122, 123, 126, 140, 143, 144, 155, 162, 170, 172, 173, 178, 180, 182, 185, 188, 191, 193, 195, 196, 199, 205, 207, 211, 213, 216, 217, 219, 221, 226, 231, 237, 239, 242, 245, 259, 262, 268, 269, 275, 280, 281, 286, 290, 292, 301, 303, 306]","[1, 6, 8, 10, 11, 13, 14, 16, 19, 21, 28, 32, 35, 39, 41, 43, 45, 48, 49, 53, 59, 62, 69, 71, 74, 83, 84, 89, 90, 95, 101, 102, 105, 109, 111, 113, 114, 121, 123, 128, 140, 144, 147, 151, 152, 156, 159, 163, 171, 174, 176, 179, 183, 187, 190, 195, 196, 198, 200, 206, 208, 212, 214, 216, 218, 220, 222, 228, 229, 238, 241, 247, 248, 260, 263, 276, 283, 288, 291, 293, 299, 301, 306, 309]",91,84,True
126,1229.0400664806366,"[0, 4, 5, 6, 10, 13, 15, 17, 18, 22, 24, 34, 38, 39, 40, 41, 42, 44, 47, 53, 54, 58, 60, 63, 68, 70, 71, 73, 76, 82, 83, 89, 94, 97, 98, 99, 103, 104, 107, 112, 113, 116, 121, 122, 123, 126, 140, 143, 144, 155, 162, 170, 172, 173, 178, 180, 182, 185, 188, 191, 193, 195, 196, 199, 205, 207, 211, 213, 216, 217, 219, 221, 226, 231, 237, 239, 242, 245, 259, 262, 268, 269, 275, 280, 281, 286, 290, 292, 301, 303, 306]","[1, 6, 8, 10, 11, 13, 14, 16, 19, 21, 28, 32, 35, 39, 41, 43, 45, 48, 49, 53, 59, 62, 69, 71, 74, 83, 84, 89, 90, 95, 101, 102, 105, 109, 111, 113, 114, 121, 123, 128, 140, 144, 147, 151, 152, 156, 159, 163, 171, 174, 176, 179, 183, 187, 190, 195, 196, 198, 200, 206, 208, 212, 214, 216, 218, 220, 222, 228, 229, 238, 241, 247, 248, 260, 263, 276, 283, 288, 291, 293, 299, 301, 306, 309]",91,84,True
127,1122.4941833019257,"[0, 4, 5, 6, 10, 13, 15, 17, 18, 22, 24, 34, 38, 39, 40, 41, 42, 44, 47, 53, 54, 58, 60, 63, 68, 70, 71, 73, 76, 82, 83, 89, 94, 97, 98, 99, 103, 104, 107, 112, 113, 116, 121, 122, 123, 126, 140, 143, 144, 155, 162, 170, 172, 173, 178, 180, 182, 185, 188, 191, 193, 195, 196, 199, 205, 207, 211, 213, 216, 217, 219, 221, 226, 231, 237, 239, 242, 245, 259, 262, 268, 269, 275, 280, 281, 286, 290, 292, 301, 303, 306]","[1, 6, 8, 10, 11, 13, 14, 16, 19, 21, 28, 32, 35, 39, 41, 43, 45, 48, 49, 53, 59, 62, 69, 71, 74, 83, 84, 89, 90, 95, 101, 102, 105, 109, 111, 113, 114, 121, 123, 128, 140, 144, 147, 151, 152, 156, 159, 163, 171, 174, 176, 179, 183, 187, 190, 195, 196, 198, 200, 206, 208, 212, 214, 216, 218, 220, 222, 228, 229, 238, 241, 247, 248, 260, 263, 276, 283, 288, 291, 293, 299, 301, 306, 309]",91,84,True
128,1426.2801938056946,"[0, 4, 5, 6, 10, 13, 15, 17, 18, 22, 24, 34, 38, 39, 40, 41, 42, 44, 47, 53, 54, 58, 60, 63, 68, 70, 71, 73, 76, 82, 83, 89, 94, 97, 98, 99, 103, 104, 107, 112, 113, 116, 121, 122, 123, 126, 140, 143, 144, 155, 162, 170, 172, 173, 178, 180, 182, 185, 188, 191, 193, 195, 196, 199, 205, 207, 211, 213, 216, 217, 219, 221, 226, 231, 237, 239, 242, 245, 259, 262, 268, 269, 275, 280, 281, 286, 290, 292, 301, 303, 306]","[1, 6, 8, 10, 11, 13, 14, 16, 19, 21, 28, 32, 35, 39, 41, 43, 45, 48, 49, 53, 59, 62, 69, 71, 74, 83, 84, 89, 90, 95, 101, 102, 105, 109, 111, 113, 114, 121, 123, 128, 140, 144, 147, 151, 152, 156, 159, 163, 171, 174, 176, 179, 183, 187, 190, 195, 196, 198, 200, 206, 208, 212, 214, 216, 218, 220, 222, 228, 229, 238, 241, 247, 248, 260, 263, 276, 283, 288, 291, 293, 299, 301, 306, 309]",91,84,True
129,1136.0627655982971,"[0, 4, 5, 6, 10, 13, 15, 17, 18, 22, 24, 34, 38, 39, 40, 41, 42, 44, 47, 53, 54, 58, 60, 63, 68, 70, 71, 73, 76, 82, 83, 89, 94, 97, 98, 99, 103, 104, 107, 112, 113, 116, 121, 122, 123, 126, 140, 143, 144, 155, 162, 170, 172, 173, 178, 180, 182, 185, 188, 191, 193, 195, 196, 199, 205, 207, 211, 213, 216, 217, 219, 221, 226, 231, 237, 239, 242, 245, 259, 262, 268, 269, 275, 280, 281, 286, 290, 292, 301, 303, 306]","[1, 6, 8, 10, 11, 13, 14, 16, 19, 21, 28, 32, 35, 39, 41, 43, 45, 48, 49, 53, 59, 62, 69, 71, 74, 83, 84, 89, 90, 95, 101, 102, 105, 109, 111, 113, 114, 121, 123, 128, 140, 144, 147, 151, 152, 156, 159, 163, 171, 174, 176, 179, 183, 187, 190, 195, 196, 198, 200, 206, 208, 212, 214, 216, 218, 220, 222, 228, 229, 238, 241, 247, 248, 260, 263, 276, 283, 288, 291, 293, 299, 301, 306, 309]",91,84,True
130,1206.3404099941254,"[0, 4, 5, 6, 10, 13, 15, 17, 18, 22, 24, 34, 38, 39, 40, 41, 42, 44, 47, 53, 54, 58, 60, 63, 68, 70, 71, 73, 76, 82, 83, 89, 94, 97, 98, 99, 103, 104, 107, 112, 113, 116, 121, 122, 123, 126, 140, 143, 144, 155, 162, 170, 172, 173, 178, 180, 182, 185, 188, 191, 193, 195, 196, 199, 205, 207, 211, 213, 216, 217, 219, 221, 226, 231, 237, 239, 242, 245, 259, 262, 268, 269, 275, 280, 281, 286, 290, 292, 301, 303, 306]","[1, 6, 8, 10, 11, 13, 14, 16, 19, 21, 28, 32, 35, 39, 41, 43, 45, 48, 49, 53, 59, 62, 69, 71, 74, 83, 84, 89, 90, 95, 101, 102, 105, 109, 111, 113, 114, 121, 123, 128, 140, 144, 147, 151, 152, 156, 159, 163, 171, 174, 176, 179, 183, 187, 190, 195, 196, 198, 200, 206, 208, 212, 214, 216, 218, 220, 222, 228, 229, 238, 241, 247, 248, 260, 263, 276, 283, 288, 291, 293, 299, 301, 306, 309]",91,84,True
131,1176.1731774806976,"[0, 4, 5, 6, 10, 13, 15, 17, 18, 22, 24, 34, 38, 39, 40, 41, 42, 44, 47, 53, 54, 58, 60, 63, 68, 70, 71, 73, 76, 82, 83, 89, 94, 97, 98, 99, 103, 104, 107, 112, 113, 116, 121, 122, 123, 126, 140, 143, 144, 155, 162, 170, 172, 173, 178, 180, 182, 185, 188, 191, 193, 195, 196, 199, 205, 207, 211, 213, 216, 217, 219, 221, 226, 231, 237, 239, 242, 245, 259, 262, 268, 269, 275, 280, 281, 286, 290, 292, 301, 303, 306]","[1, 6, 8, 10, 11, 13, 14, 16, 19, 21, 28, 32, 35, 39, 41, 43, 45, 48, 49, 53, 59, 62, 69, 71, 74, 83, 84, 89, 90, 95, 101, 102, 105, 109, 111, 113, 114, 121, 123, 128, 140, 144, 147, 151, 152, 156, 159, 163, 171, 174, 176, 179, 183, 187, 190, 195, 196, 198, 200, 206, 208, 212, 214, 216, 218, 220, 222, 228, 229, 238, 241, 247, 248, 260, 263, 276, 283, 288, 291, 293, 299, 301, 306, 309]",91,84,True
132,1130.1662828922272,"[0, 4, 5, 6, 10, 13, 15, 17, 18, 22, 24, 34, 38, 39, 40, 41, 42, 44, 47, 53, 54, 58, 60, 63, 68, 70, 71, 73, 76, 82, 83, 89, 94, 97, 98, 99, 103, 104, 107, 112, 113, 116, 121, 122, 123, 126, 140, 143, 144, 155, 162, 170, 172, 173, 178, 180, 182, 185, 188, 191, 193, 195, 196, 199, 205, 207, 211, 213, 216, 217, 219, 221, 226, 231, 237, 239, 242, 245, 259, 262, 268, 269, 275, 280, 281, 286, 290, 292, 301, 303, 306]","[1, 6, 8, 10, 11, 13, 14, 16, 19, 21, 28, 32, 35, 39, 41, 43, 45, 48, 49, 53, 59, 62, 69, 71, 74, 83, 84, 89, 90, 95, 101, 102, 105, 109, 111, 113, 114, 121, 123, 128, 140, 144, 147, 151, 152, 156, 159, 163, 171, 174, 176, 179, 183, 187, 190, 195, 196, 198, 200, 206, 208, 212, 214, 216, 218, 220, 222, 228, 229, 238, 241, 247, 248, 260, 263, 276, 283, 288, 291, 293, 299, 301, 306, 309]",91,84,True
133,1499.055843114853,"[0, 4, 5, 6, 10, 13, 15, 17, 18, 22, 24, 34, 38, 39, 40, 41, 42, 44, 47, 53, 54, 58, 60, 63, 68, 70, 71, 73, 76, 82, 83, 89, 94, 97, 98, 99, 103, 104, 107, 112, 113, 116, 121, 122, 123, 126, 140, 143, 144, 155, 162, 170, 172, 173, 178, 180, 182, 185, 188, 191, 193, 195, 196, 199, 205, 207, 211, 213, 216, 217, 219, 221, 226, 231, 237, 239, 242, 245, 259, 262, 268, 269, 275, 280, 281, 286, 290, 292, 301, 303, 306]","[1, 6, 8, 10, 11, 13, 14, 16, 19, 21, 28, 32, 35, 39, 41, 43, 45, 48, 49, 53, 59, 62, 69, 71, 74, 83, 84, 89, 90, 95, 101, 102, 105, 109, 111, 113, 114, 121, 123, 128, 140, 144, 147, 151, 152, 156, 159, 163, 171, 174, 176, 179, 183, 187, 190, 195, 196, 198, 200, 206, 208, 212, 214, 216, 218, 220, 222, 228, 229, 238, 241, 247, 248, 260, 263, 276, 283, 288, 291, 293, 299, 301, 306, 309]",91,84,True
134,1250.8216381072998,"[0, 4, 5, 6, 10, 13, 15, 17, 18, 22, 24, 34, 38, 39, 40, 41, 42, 44, 47, 53, 54, 58, 60, 63, 68, 70, 71, 73, 76, 82, 83, 89, 94, 97, 98, 99, 103, 104, 107, 112, 113, 116, 121, 122, 123, 126, 140, 143, 144, 155, 162, 170, 172, 173, 178, 180, 182, 185, 188, 191, 193, 195, 196, 199, 205, 207, 211, 213, 216, 217, 219, 221, 226, 231, 237, 239, 242, 245, 259, 262, 268, 269, 275, 280, 281, 286, 290, 292, 301, 303, 306]","[1, 6, 8, 10, 11, 13, 14, 16, 19, 21, 28, 32, 35, 39, 41, 43, 45, 48, 49, 53, 59, 62, 69, 71, 74, 83, 84, 89, 90, 95, 101, 102, 105, 109, 111, 113, 114, 121, 123, 128, 140, 144, 147, 151, 152, 156, 159, 163, 171, 174, 176, 179, 183, 187, 190, 195, 196, 198, 200, 206, 208, 212, 214, 216, 218, 220, 222, 228, 229, 238, 241, 247, 248, 260, 263, 276, 283, 288, 291, 293, 299, 301, 306, 309]",91,84,True
135,1207.9818184375763,"[0, 4, 5, 6, 10, 13, 15, 17, 18, 22, 24, 34, 38, 39, 40, 41, 42, 44, 47, 53, 54, 58, 60, 63, 68, 70, 71, 73, 76, 82, 83, 89, 94, 97, 98, 99, 103, 104, 107, 112, 113, 116, 121, 122, 123, 126, 140, 143, 144, 155, 162, 170, 172, 173, 178, 180, 182, 185, 188, 191, 193, 195, 196, 199, 205, 207, 211, 213, 216, 217, 219, 221, 226, 231, 237, 239, 242, 245, 259, 262, 268, 269, 275, 280, 281, 286, 290, 292, 301, 303, 306]","[1, 6, 8, 10, 11, 13, 14, 16, 19, 21, 28, 32, 35, 39, 41, 43, 45, 48, 49, 53, 59, 62, 69, 71, 74, 83, 84, 89, 90, 95, 101, 102, 105, 109, 111, 113, 114, 121, 123, 128, 140, 144, 147, 151, 152, 156, 159, 163, 171, 174, 176, 179, 183, 187, 190, 195, 196, 198, 200, 206, 208, 212, 214, 216, 218, 220, 222, 228, 229, 238, 241, 247, 248, 260, 263, 276, 283, 288, 291, 293, 299, 301, 306, 309]",91,84,True
136,1009.1139404773712,"[0, 4, 5, 6, 10, 13, 15, 17, 18, 22, 24, 34, 38, 39, 40, 41, 42, 44, 47, 53, 54, 58, 60, 63, 68, 70, 71, 73, 76, 82, 83, 89, 94, 97, 98, 99, 103, 104, 107, 112, 113, 116, 121, 122, 123, 126, 140, 143, 144, 155, 162, 170, 172, 173, 178, 180, 182, 185, 188, 191, 193, 195, 196, 199, 205, 207, 211, 213, 216, 217, 219, 221, 226, 231, 237, 239, 242, 245, 259, 262, 268, 269, 275, 280, 281, 286, 290, 292, 301, 303, 306]","[1, 6, 8, 10, 11, 13, 14, 16, 19, 21, 28, 32, 35, 39, 41, 43, 45, 48, 49, 53, 59, 62, 69, 71, 74, 83, 84, 89, 90, 95, 101, 102, 105, 109, 111, 113, 114, 121, 123, 128, 140, 144, 147, 151, 152, 156, 159, 163, 171, 174, 176, 179, 183, 187, 190, 195, 196, 198, 200, 206, 208, 212, 214, 216, 218, 220, 222, 228, 229, 238, 241, 247, 248, 260, 263, 276, 283, 288, 291, 293, 299, 301, 306, 309]",91,84,True
137,748.885543346405,"[0, 4, 5, 6, 10, 13, 15, 17, 18, 22, 24, 34, 38, 39, 40, 41, 42, 44, 47, 53, 54, 58, 60, 63, 68, 70, 71, 73, 76, 82, 83, 89, 94, 97, 98, 99, 103, 104, 107, 112, 113, 116, 121, 122, 123, 126, 140, 143, 144, 155, 162, 170, 172, 173, 178, 180, 182, 185, 188, 191, 193, 195, 196, 199, 205, 207, 211, 213, 216, 217, 219, 221, 226, 231, 237, 239, 242, 245, 259, 262, 268, 269, 275, 280, 281, 286, 290, 292, 301, 303, 306]","[1, 6, 8, 10, 11, 13, 14, 16, 19, 21, 28, 32, 35, 39, 41, 43, 45, 48, 49, 53, 59, 62, 69, 71, 74, 83, 84, 89, 90, 95, 101, 102, 105, 109, 111, 113, 114, 121, 123, 128, 140, 144, 147, 151, 152, 156, 159, 163, 171, 174, 176, 179, 183, 187, 190, 195, 196, 198, 200, 206, 208, 212, 214, 216, 218, 220, 222, 228, 229, 238, 241, 247, 248, 260, 263, 276, 283, 288, 291, 293, 299, 301, 306, 309]",91,84,True
138,1275.566436290741,"[0, 4, 5, 6, 10, 13, 15, 17, 18, 22, 24, 34, 38, 39, 40, 41, 42, 44, 47, 53, 54, 58, 60, 63, 68, 70, 71, 73, 76, 82, 83, 89, 94, 97, 98, 99, 103, 104, 107, 112, 113, 116, 121, 122, 123, 126, 140, 143, 144, 155, 162, 170, 172, 173, 178, 180, 182, 185, 188, 191, 193, 195, 196, 199, 205, 207, 211, 213, 216, 217, 219, 221, 226, 231, 237, 239, 242, 245, 259, 262, 268, 269, 275, 280, 281, 286, 290, 292, 301, 303, 306]","[1, 6, 8, 10, 11, 13, 14, 16, 19, 21, 28, 32, 35, 39, 41, 43, 45, 48, 49, 53, 59, 62, 69, 71, 74, 83, 84, 89, 90, 95, 101, 102, 105, 109, 111, 113, 114, 121, 123, 128, 140, 144, 147, 151, 152, 156, 159, 163, 171, 174, 176, 179, 183, 187, 190, 195, 196, 198, 200, 206, 208, 212, 214, 216, 218, 220, 222, 228, 229, 238, 241, 247, 248, 260, 263, 276, 283, 288, 291, 293, 299, 301, 306, 309]",91,84,True
139,1465.4394266605377,"[0, 4, 5, 6, 10, 13, 15, 17, 18, 22, 24, 34, 38, 39, 40, 41, 42, 44, 47, 53, 54, 58, 60, 63, 68, 70, 71, 73, 76, 82, 83, 89, 94, 97, 98, 99, 103, 104, 107, 112, 113, 116, 121, 122, 123, 126, 140, 143, 144, 155, 162, 170, 172, 173, 178, 180, 182, 185, 188, 191, 193, 195, 196, 199, 205, 207, 211, 213, 216, 217, 219, 221, 226, 231, 237, 239, 242, 245, 259, 262, 268, 269, 275, 280, 281, 286, 290, 292, 301, 303, 306]","[1, 6, 8, 10, 11, 13, 14, 16, 19, 21, 28, 32, 35, 39, 41, 43, 45, 48, 49, 53, 59, 62, 69, 71, 74, 83, 84, 89, 90, 95, 101, 102, 105, 109, 111, 113, 114, 121, 123, 128, 140, 144, 147, 151, 152, 156, 159, 163, 171, 174, 176, 179, 183, 187, 190, 195, 196, 198, 200, 206, 208, 212, 214, 216, 218, 220, 222, 228, 229, 238, 241, 247, 248, 260, 263, 276, 283, 288, 291, 293, 299, 301, 306, 309]",91,84,True
140,1807.4537568092346,"[0, 4, 5, 6, 10, 13, 15, 17, 18, 22, 24, 34, 38, 39, 40, 41, 42, 44, 47, 53, 54, 58, 60, 63, 68, 70, 71, 73, 76, 82, 83, 89, 94, 97, 98, 99, 103, 104, 107, 112, 113, 116, 121, 122, 123, 126, 140, 143, 144, 155, 162, 170, 172, 173, 178, 180, 182, 185, 188, 191, 193, 195, 196, 199, 205, 207, 211, 213, 216, 217, 219, 221, 226, 231, 237, 239, 242, 245, 259, 262, 268, 269, 275, 280, 281, 286, 290, 292, 301, 303, 306]","[1, 6, 8, 10, 11, 13, 14, 16, 19, 21, 28, 32, 35, 39, 41, 43, 45, 48, 49, 53, 59, 62, 69, 71, 74, 83, 84, 89, 90, 95, 101, 102, 105, 109, 111, 113, 114, 121, 123, 128, 140, 144, 147, 151, 152, 156, 159, 163, 171, 174, 176, 179, 183, 187, 190, 195, 196, 198, 200, 206, 208, 212, 214, 216, 218, 220, 222, 228, 229, 238, 241, 247, 248, 260, 263, 276, 283, 288, 291, 293, 299, 301, 306, 309]",91,84,True
141,1781.480673789978,"[0, 4, 5, 6, 10, 13, 15, 17, 18, 22, 24, 34, 38, 39, 40, 41, 42, 44, 47, 53, 54, 58, 60, 63, 68, 70, 71, 73, 76, 82, 83, 89, 94, 97, 98, 99, 103, 104, 107, 112, 113, 116, 121, 122, 123, 126, 140, 143, 144, 155, 162, 170, 172, 173, 178, 180, 182, 185, 188, 191, 193, 195, 196, 199, 205, 207, 211, 213, 216, 217, 219, 221, 226, 231, 237, 239, 242, 245, 259, 262, 268, 269, 275, 280, 281, 286, 290, 292, 301, 303, 306]","[1, 6, 8, 10, 11, 13, 14, 16, 19, 21, 28, 32, 35, 39, 41, 43, 45, 48, 49, 53, 59, 62, 69, 71, 74, 83, 84, 89, 90, 95, 101, 102, 105, 109, 111, 113, 114, 121, 123, 128, 140, 144, 147, 151, 152, 156, 159, 163, 171, 174, 176, 179, 183, 187, 190, 195, 196, 198, 200, 206, 208, 212, 214, 216, 218, 220, 222, 228, 229, 238, 241, 247, 248, 260, 263, 276, 283, 288, 291, 293, 299, 301, 306, 309]",91,84,True
142,1998.9689626693726,"[0, 4, 5, 6, 10, 13, 15, 17, 18, 22, 24, 34, 38, 39, 40, 41, 42, 44, 47, 53, 54, 58, 60, 63, 68, 70, 71, 73, 76, 82, 83, 89, 94, 97, 98, 99, 103, 104, 107, 112, 113, 116, 121, 122, 123, 126, 140, 143, 144, 155, 162, 170, 172, 173, 178, 180, 182, 185, 188, 191, 193, 195, 196, 199, 205, 207, 211, 213, 216, 217, 219, 221, 226, 231, 237, 239, 242, 245, 259, 262, 268, 269, 275, 280, 281, 286, 290, 292, 301, 303, 306]","[1, 6, 8, 10, 11, 13, 14, 16, 19, 21, 28, 32, 35, 39, 41, 43, 45, 48, 49, 53, 59, 62, 69, 71, 74, 83, 84, 89, 90, 95, 101, 102, 105, 109, 111, 113, 114, 121, 123, 128, 140, 144, 147, 151, 152, 156, 159, 163, 171, 174, 176, 179, 183, 187, 190, 195, 196, 198, 200, 206, 208, 212, 214, 216, 218, 220, 222, 228, 229, 238, 241, 247, 248, 260, 263, 276, 283, 288, 291, 293, 299, 301, 306, 309]",91,84,True
143,2159.0006532669067,"[0, 4, 5, 6, 10, 13, 15, 17, 18, 22, 24, 34, 38, 39, 40, 41, 42, 44, 47, 53, 54, 58, 60, 63, 68, 70, 71, 73, 76, 82, 83, 89, 94, 97, 98, 99, 103, 104, 107, 112, 113, 116, 121, 122, 123, 126, 140, 143, 144, 155, 162, 170, 172, 173, 178, 180, 182, 185, 188, 191, 193, 195, 196, 199, 205, 207, 211, 213, 216, 217, 219, 221, 226, 231, 237, 239, 242, 245, 259, 262, 268, 269, 275, 280, 281, 286, 290, 292, 301, 303, 306]","[1, 6, 8, 10, 11, 13, 14, 16, 19, 21, 28, 32, 35, 39, 41, 43, 45, 48, 49, 53, 59, 62, 69, 71, 74, 83, 84, 89, 90, 95, 101, 102, 105, 109, 111, 113, 114, 121, 123, 128, 140, 144, 147, 151, 152, 156, 159, 163, 171, 174, 176, 179, 183, 187, 190, 195, 196, 198, 200, 206, 208, 212, 214, 216, 218, 220, 222, 228, 229, 238, 241, 247, 248, 260, 263, 276, 283, 288, 291, 293, 299, 301, 306, 309]",91,84,True
144,1834.5108468532562,"[0, 4, 5, 6, 10, 13, 15, 17, 18, 22, 24, 34, 38, 39, 40, 41, 42, 44, 47, 53, 54, 58, 60, 63, 68, 70, 71, 73, 76, 82, 83, 89, 94, 97, 98, 99, 103, 104, 107, 112, 113, 116, 121, 122, 123, 126, 140, 143, 144, 155, 162, 170, 172, 173, 178, 180, 182, 185, 188, 191, 193, 195, 196, 199, 205, 207, 211, 213, 216, 217, 219, 221, 226, 231, 237, 239, 242, 245, 259, 262, 268, 269, 275, 280, 281, 286, 290, 292, 301, 303, 306]","[1, 6, 8, 10, 11, 13, 14, 16, 19, 21, 28, 32, 35, 39, 41, 43, 45, 48, 49, 53, 59, 62, 69, 71, 74, 83, 84, 89, 90, 95, 101, 102, 105, 109, 111, 113, 114, 121, 123, 128, 140, 144, 147, 151, 152, 156, 159, 163, 171, 174, 176, 179, 183, 187, 190, 195, 196, 198, 200, 206, 208, 212, 214, 216, 218, 220, 222, 228, 229, 238, 241, 247, 248, 260, 263, 276, 283, 288, 291, 293, 299, 301, 306, 309]",91,84,True
145,1406.3957800865173,"[0, 4, 5, 6, 10, 13, 15, 17, 18, 22, 24, 34, 38, 39, 40, 41, 42, 44, 47, 53, 54, 58, 60, 63, 68, 70, 71, 73, 76, 82, 83, 89, 94, 97, 98, 99, 103, 104, 107, 112, 113, 116, 121, 122, 123, 126, 140, 143, 144, 155, 162, 170, 172, 173, 178, 180, 182, 185, 188, 191, 193, 195, 196, 199, 205, 207, 211, 213, 216, 217, 219, 221, 226, 231, 237, 239, 242, 245, 259, 262, 268, 269, 275, 280, 281, 286, 290, 292, 301, 303, 306]","[1, 6, 8, 10, 11, 13, 14, 16, 19, 21, 28, 32, 35, 39, 41, 43, 45, 48, 49, 53, 59, 62, 69, 71, 74, 83, 84, 89, 90, 95, 101, 102, 105, 109, 111, 113, 114, 121, 123, 128, 140, 144, 147, 151, 152, 156, 159, 163, 171, 174, 176, 179, 183, 187, 190, 195, 196, 198, 200, 206, 208, 212, 214, 216, 218, 220, 222, 228, 229, 238, 241, 247, 248, 260, 263, 276, 283, 288, 291, 293, 299, 301, 306, 309]",91,84,True
146,1543.1767723560333,"[0, 4, 5, 6, 10, 13, 15, 17, 18, 22, 24, 34, 38, 39, 40, 41, 42, 44, 47, 53, 54, 58, 60, 63, 68, 70, 71, 73, 76, 82, 83, 89, 94, 97, 98, 99, 103, 104, 107, 112, 113, 116, 121, 122, 123, 126, 140, 143, 144, 155, 162, 170, 172, 173, 178, 180, 182, 185, 188, 191, 193, 195, 196, 199, 205, 207, 211, 213, 216, 217, 219, 221, 226, 231, 237, 239, 242, 245, 259, 262, 268, 269, 275, 280, 281, 286, 290, 292, 301, 303, 306]","[1, 6, 8, 10, 11, 13, 14, 16, 19, 21, 28, 32, 35, 39, 41, 43, 45, 48, 49, 53, 59, 62, 69, 71, 74, 83, 84, 89, 90, 95, 101, 102, 105, 109, 111, 113, 114, 121, 123, 128, 140, 144, 147, 151, 152, 156, 159, 163, 171, 174, 176, 179, 183, 187, 190, 195, 196, 198, 200, 206, 208, 212, 214, 216, 218, 220, 222, 228, 229, 238, 241, 247, 248, 260, 263, 276, 283, 288, 291, 293, 299, 301, 306, 309]",91,84,True
147,1614.56604886055,"[0, 4, 5, 6, 10, 13, 15, 17, 18, 22, 24, 34, 38, 39, 40, 41, 42, 44, 47, 53, 54, 58, 60, 63, 68, 70, 71, 73, 76, 82, 83, 89, 94, 97, 98, 99, 103, 104, 107, 112, 113, 116, 121, 122, 123, 126, 140, 143, 144, 155, 162, 170, 172, 173, 178, 180, 182, 185, 188, 191, 193, 195, 196, 199, 205, 207, 211, 213, 216, 217, 219, 221, 226, 231, 237, 239, 242, 245, 259, 262, 268, 269, 275, 280, 281, 286, 290, 292, 301, 303, 306]","[1, 6, 8, 10, 11, 13, 14, 16, 19, 21, 28, 32, 35, 39, 41, 43, 45, 48, 49, 53, 59, 62, 69, 71, 74, 83, 84, 89, 90, 95, 101, 102, 105, 109, 111, 113, 114, 121, 123, 128, 140, 144, 147, 151, 152, 156, 159, 163, 171, 174, 176, 179, 183, 187, 190, 195, 196, 198, 200, 206, 208, 212, 214, 216, 218, 220, 222, 228, 229, 238, 241, 247, 248, 260, 263, 276, 283, 288, 291, 293, 299, 301, 306, 309]",91,84,True
148,1502.5331680774689,"[0, 4, 5, 6, 10, 13, 15, 17, 18, 22, 24, 34, 38, 39, 40, 41, 42, 44, 47, 53, 54, 58, 60, 63, 68, 70, 71, 73, 76, 82, 83, 89, 94, 97, 98, 99, 103, 104, 107, 112, 113, 116, 121, 122, 123, 126, 140, 143, 144, 155, 162, 170, 172, 173, 178, 180, 182, 185, 188, 191, 193, 195, 196, 199, 205, 207, 211, 213, 216, 217, 219, 221, 226, 231, 237, 239, 242, 245, 259, 262, 268, 269, 275, 280, 281, 286, 290, 292, 301, 303, 306]","[1, 6, 8, 10, 11, 13, 14, 16, 19, 21, 28, 32, 35, 39, 41, 43, 45, 48, 49, 53, 59, 62, 69, 71, 74, 83, 84, 89, 90, 95, 101, 102, 105, 109, 111, 113, 114, 121, 123, 128, 140, 144, 147, 151, 152, 156, 159, 163, 171, 174, 176, 179, 183, 187, 190, 195, 196, 198, 200, 206, 208, 212, 214, 216, 218, 220, 222, 228, 229, 238, 241, 247, 248, 260, 263, 276, 283, 288, 291, 293, 299, 301, 306, 309]",91,84,True
149,1887.6584739685059,"[0, 4, 5, 6, 10, 13, 15, 17, 18, 22, 24, 34, 38, 39, 40, 41, 42, 44, 47, 53, 54, 58, 60, 63, 68, 70, 71, 73, 76, 82, 83, 89, 94, 97, 98, 99, 103, 104, 107, 112, 113, 116, 121, 122, 123, 126, 140, 143, 144, 155, 162, 170, 172, 173, 178, 180, 182, 185, 188, 191, 193, 195, 196, 199, 205, 207, 211, 213, 216, 217, 219, 221, 226, 231, 237, 239, 242, 245, 259, 262, 268, 269, 275, 280, 281, 286, 290, 292, 301, 303, 306]","[1, 6, 8, 10, 11, 13, 14, 16, 19, 21, 28, 32, 35, 39, 41, 43, 45, 48, 49, 53, 59, 62, 69, 71, 74, 83, 84, 89, 90, 95, 101, 102, 105, 109, 111, 113, 114, 121, 123, 128, 140, 144, 147, 151, 152, 156, 159, 163, 171, 174, 176, 179, 183, 187, 190, 195, 196, 198, 200, 206, 208, 212, 214, 216, 218, 220, 222, 228, 229, 238, 241, 247, 248, 260, 263, 276, 283, 288, 291, 293, 299, 301, 306, 309]",91,84,True
150,1681.201768398285,"[0, 4, 5, 6, 10, 13, 15, 17, 18, 22, 24, 34, 38, 39, 40, 41, 42, 44, 47, 53, 54, 58, 60, 63, 68, 70, 71, 73, 76, 82, 83, 89, 94, 97, 98, 99, 103, 104, 107, 112, 113, 116, 121, 122, 123, 126, 140, 143, 144, 155, 162, 170, 172, 173, 178, 180, 182, 185, 188, 191, 193, 195, 196, 199, 205, 207, 211, 213, 216, 217, 219, 221, 226, 231, 237, 239, 242, 245, 259, 262, 268, 269, 275, 280, 281, 286, 290, 292, 301, 303, 306]","[1, 6, 8, 10, 11, 13, 14, 16, 19, 21, 28, 32, 35, 39, 41, 43, 45, 48, 49, 53, 59, 62, 69, 71, 74, 83, 84, 89, 90, 95, 101, 102, 105, 109, 111, 113, 114, 121, 123, 128, 140, 144, 147, 151, 152, 156, 159, 163, 171, 174, 176, 179, 183, 187, 190, 195, 196, 198, 200, 206, 208, 212, 214, 216, 218, 220, 222, 228, 229, 238, 241, 247, 248, 260, 263, 276, 283, 288, 291, 293, 299, 301, 306, 309]",91,84,True
151,1557.6078507900238,"[0, 4, 5, 6, 10, 13, 15, 17, 18, 22, 24, 34, 38, 39, 40, 41, 42, 44, 47, 53, 54, 58, 60, 63, 68, 70, 71, 73, 76, 82, 83, 89, 94, 97, 98, 99, 103, 104, 107, 112, 113, 116, 121, 122, 123, 126, 140, 143, 144, 155, 162, 170, 172, 173, 178, 180, 182, 185, 188, 191, 193, 195, 196, 199, 205, 207, 211, 213, 216, 217, 219, 221, 226, 231, 237, 239, 242, 245, 259, 262, 268, 269, 275, 280, 281, 286, 290, 292, 301, 303, 306]","[1, 6, 8, 10, 11, 13, 14, 16, 19, 21, 28, 32, 35, 39, 41, 43, 45, 48, 49, 53, 59, 62, 69, 71, 74, 83, 84, 89, 90, 95, 101, 102, 105, 109, 111, 113, 114, 121, 123, 128, 140, 144, 147, 151, 152, 156, 159, 163, 171, 174, 176, 179, 183, 187, 190, 195, 196, 198, 200, 206, 208, 212, 214, 216, 218, 220, 222, 228, 229, 238, 241, 247, 248, 260, 263, 276, 283, 288, 291, 293, 299, 301, 306, 309]",91,84,True
152,1659.1130759716034,"[0, 4, 5, 6, 10, 13, 15, 17, 18, 22, 24, 34, 38, 39, 40, 41, 42, 44, 47, 53, 54, 58, 60, 63, 68, 70, 71, 73, 76, 82, 83, 89, 94, 97, 98, 99, 103, 104, 107, 112, 113, 116, 121, 122, 123, 126, 140, 143, 144, 155, 162, 170, 172, 173, 178, 180, 182, 185, 188, 191, 193, 195, 196, 199, 205, 207, 211, 213, 216, 217, 219, 221, 226, 231, 237, 239, 242, 245, 259, 262, 268, 269, 275, 280, 281, 286, 290, 292, 301, 303, 306]","[1, 6, 8, 10, 11, 13, 14, 16, 19, 21, 28, 32, 35, 39, 41, 43, 45, 48, 49, 53, 59, 62, 69, 71, 74, 83, 84, 89, 90, 95, 101, 102, 105, 109, 111, 113, 114, 121, 123, 128, 140, 144, 147, 151, 152, 156, 159, 163, 171, 174, 176, 179, 183, 187, 190, 195, 196, 198, 200, 206, 208, 212, 214, 216, 218, 220, 222, 228, 229, 238, 241, 247, 248, 260, 263, 276, 283, 288, 291, 293, 299, 301, 306, 309]",91,84,True
153,1634.6755123138428,"[0, 4, 5, 6, 10, 13, 15, 17, 18, 22, 24, 34, 38, 39, 40, 41, 42, 44, 47, 53, 54, 58, 60, 63, 68, 70, 71, 73, 76, 82, 83, 89, 94, 97, 98, 99, 103, 104, 107, 112, 113, 116, 121, 122, 123, 126, 140, 143, 144, 155, 162, 170, 172, 173, 178, 180, 182, 185, 188, 191, 193, 195, 196, 199, 205, 207, 211, 213, 216, 217, 219, 221, 226, 231, 237, 239, 242, 245, 259, 262, 268, 269, 275, 280, 281, 286, 290, 292, 301, 303, 306]","[1, 6, 8, 10, 11, 13, 14, 16, 19, 21, 28, 32, 35, 39, 41, 43, 45, 48, 49, 53, 59, 62, 69, 71, 74, 83, 84, 89, 90, 95, 101, 102, 105, 109, 111, 113, 114, 121, 123, 128, 140, 144, 147, 151, 152, 156, 159, 163, 171, 174, 176, 179, 183, 187, 190, 195, 196, 198, 200, 206, 208, 212, 214, 216, 218, 220, 222, 228, 229, 238, 241, 247, 248, 260, 263, 276, 283, 288, 291, 293, 299, 301, 306, 309]",91,84,True
154,1580.4122097492218,"[0, 4, 5, 6, 10, 13, 15, 17, 18, 22, 24, 34, 38, 39, 40, 41, 42, 44, 47, 53, 54, 58, 60, 63, 68, 70, 71, 73, 76, 82, 83, 89, 94, 97, 98, 99, 103, 104, 107, 112, 113, 116, 121, 122, 123, 126, 140, 143, 144, 155, 162, 170, 172, 173, 178, 180, 182, 185, 188, 191, 193, 195, 196, 199, 205, 207, 211, 213, 216, 217, 219, 221, 226, 231, 237, 239, 242, 245, 259, 262, 268, 269, 275, 280, 281, 286, 290, 292, 301, 303, 306]","[1, 6, 8, 10, 11, 13, 14, 16, 19, 21, 28, 32, 35, 39, 41, 43, 45, 48, 49, 53, 59, 62, 69, 71, 74, 83, 84, 89, 90, 95, 101, 102, 105, 109, 111, 113, 114, 121, 123, 128, 140, 144, 147, 151, 152, 156, 159, 163, 171, 174, 176, 179, 183, 187, 190, 195, 196, 198, 200, 206, 208, 212, 214, 216, 218, 220, 222, 228, 229, 238, 241, 247, 248, 260, 263, 276, 283, 288, 291, 293, 299, 301, 306, 309]",91,84,True
155,1212.8927428722382,"[0, 4, 5, 6, 10, 13, 15, 17, 18, 22, 24, 34, 38, 39, 40, 41, 42, 44, 47, 53, 54, 58, 60, 63, 68, 70, 71, 73, 76, 82, 83, 89, 94, 97, 98, 99, 103, 104, 107, 112, 113, 116, 121, 122, 123, 126, 140, 143, 144, 155, 162, 170, 172, 173, 178, 180, 182, 185, 188, 191, 193, 195, 196, 199, 205, 207, 211, 213, 216, 217, 219, 221, 226, 231, 237, 239, 242, 245, 259, 262, 268, 269, 275, 280, 281, 286, 290, 292, 301, 303, 306]","[1, 6, 8, 10, 11, 13, 14, 16, 19, 21, 28, 32, 35, 39, 41, 43, 45, 48, 49, 53, 59, 62, 69, 71, 74, 83, 84, 89, 90, 95, 101, 102, 105, 109, 111, 113, 114, 121, 123, 128, 140, 144, 147, 151, 152, 156, 159, 163, 171, 174, 176, 179, 183, 187, 190, 195, 196, 198, 200, 206, 208, 212, 214, 216, 218, 220, 222, 228, 229, 238, 241, 247, 248, 260, 263, 276, 283, 288, 291, 293, 299, 301, 306, 309]",91,84,True
156,896.0620262622833,"[0, 4, 5, 6, 10, 13, 15, 17, 18, 22, 24, 34, 38, 39, 40, 41, 42, 44, 47, 53, 54, 58, 60, 63, 68, 70, 71, 73, 76, 82, 83, 89, 94, 97, 98, 99, 103, 104, 107, 112, 113, 116, 121, 122, 123, 126, 140, 143, 144, 155, 162, 170, 172, 173, 178, 180, 182, 185, 188, 191, 193, 195, 196, 199, 205, 207, 211, 213, 216, 217, 219, 221, 226, 231, 237, 239, 242, 245, 259, 262, 268, 269, 275, 280, 281, 286, 290, 292, 301, 303, 306]","[1, 6, 8, 10, 11, 13, 14, 16, 19, 21, 28, 32, 35, 39, 41, 43, 45, 48, 49, 53, 59, 62, 69, 71, 74, 83, 84, 89, 90, 95, 101, 102, 105, 109, 111, 113, 114, 121, 123, 128, 140, 144, 147, 151, 152, 156, 159, 163, 171, 174, 176, 179, 183, 187, 190, 195, 196, 198, 200, 206, 208, 212, 214, 216, 218, 220, 222, 228, 229, 238, 241, 247, 248, 260, 263, 276, 283, 288, 291, 293, 299, 301, 306, 309]",91,84,True
157,781.1387977600098,"[0, 4, 5, 6, 10, 13, 15, 17, 18, 22, 24, 34, 38, 39, 40, 41, 42, 44, 47, 53, 54, 58, 60, 63, 68, 70, 71, 73, 76, 82, 83, 89, 94, 97, 98, 99, 103, 104, 107, 112, 113, 116, 121, 122, 123, 126, 140, 143, 144, 155, 162, 170, 172, 173, 178, 180, 182, 185, 188, 191, 193, 195, 196, 199, 205, 207, 211, 213, 216, 217, 219, 221, 226, 231, 237, 239, 242, 245, 259, 262, 268, 269, 275, 280, 281, 286, 290, 292, 301, 303, 306]","[1, 6, 8, 10, 11, 13, 14, 16, 19, 21, 28, 32, 35, 39, 41, 43, 45, 48, 49, 53, 59, 62, 69, 71, 74, 83, 84, 89, 90, 95, 101, 102, 105, 109, 111, 113, 114, 121, 123, 128, 140, 144, 147, 151, 152, 156, 159, 163, 171, 174, 176, 179, 183, 187, 190, 195, 196, 198, 200, 206, 208, 212, 214, 216, 218, 220, 222, 228, 229, 238, 241, 247, 248, 260, 263, 276, 283, 288, 291, 293, 299, 301, 306, 309]",91,84,True
