ID,Time,Solution,Expected Solution,Number of Vertices,Number of vertices expected,Valid Solution
1,15.618971586227417,"[0, 256, 259, 260, 7, 264, 9, 11, 267, 268, 19, 23, 27, 29, 33, 38, 40, 45, 48, 50, 53, 57, 58, 60, 70, 78, 79, 81, 82, 84, 85, 86, 87, 94, 96, 98, 99, 110, 112, 118, 120, 127, 130, 131, 133, 135, 138, 140, 143, 146, 150, 163, 164, 171, 173, 176, 182, 184, 185, 188, 190, 192, 194, 200, 201, 205, 208, 222, 226, 228, 230, 231, 236, 239, 241, 245, 249, 253]","[1, 4, 6, 7, 11, 12, 17, 20, 26, 27, 29, 31, 46, 48, 51, 54, 58, 66, 68, 71, 73, 77, 82, 87, 89, 93, 94, 99, 100, 102, 108, 111, 113, 116, 120, 121, 132, 133, 135, 138, 141, 143, 146, 151, 165, 168, 172, 176, 182, 183, 184, 186, 188, 194, 197, 200, 205, 206, 212, 216, 218, 221, 228, 233, 236, 237, 241, 242, 246, 251, 254, 262, 265, 268]",78,74,True
2,15.157252073287964,"[0, 258, 260, 5, 261, 264, 10, 11, 267, 268, 14, 16, 27, 28, 29, 30, 33, 43, 45, 51, 52, 53, 57, 60, 62, 65, 67, 70, 71, 76, 80, 86, 89, 91, 98, 99, 107, 110, 112, 120, 126, 132, 134, 138, 141, 142, 145, 150, 152, 154, 157, 166, 168, 171, 175, 182, 184, 187, 190, 193, 200, 204, 205, 211, 216, 219, 220, 222, 224, 227, 232, 236, 242, 245, 247, 251, 253]","[1, 4, 6, 7, 11, 12, 17, 20, 26, 27, 29, 31, 46, 48, 51, 54, 58, 66, 68, 71, 73, 77, 82, 87, 89, 93, 94, 99, 100, 102, 108, 111, 113, 116, 120, 121, 132, 133, 135, 138, 141, 143, 146, 151, 165, 168, 172, 176, 182, 183, 184, 186, 188, 194, 197, 200, 205, 206, 212, 216, 218, 221, 228, 233, 236, 237, 241, 242, 246, 251, 254, 262, 265, 268]",77,74,True
3,15.267267942428589,"[0, 260, 261, 6, 7, 264, 9, 11, 267, 13, 15, 16, 18, 26, 33, 36, 39, 45, 47, 51, 52, 53, 57, 69, 72, 76, 81, 84, 88, 91, 93, 94, 98, 99, 103, 107, 110, 112, 115, 118, 120, 129, 131, 132, 134, 137, 141, 142, 145, 153, 166, 167, 170, 174, 176, 179, 181, 182, 183, 185, 186, 189, 192, 197, 202, 205, 208, 211, 214, 226, 227, 231, 233, 235, 236, 241, 245, 252, 254]","[1, 4, 6, 7, 11, 12, 17, 20, 26, 27, 29, 31, 46, 48, 51, 54, 58, 66, 68, 71, 73, 77, 82, 87, 89, 93, 94, 99, 100, 102, 108, 111, 113, 116, 120, 121, 132, 133, 135, 138, 141, 143, 146, 151, 165, 168, 172, 176, 182, 183, 184, 186, 188, 194, 197, 200, 205, 206, 212, 216, 218, 221, 228, 233, 236, 237, 241, 242, 246, 251, 254, 262, 265, 268]",79,74,True
4,15.207934141159058,"[0, 4, 261, 260, 263, 8, 264, 11, 267, 268, 20, 21, 22, 30, 31, 33, 36, 45, 46, 48, 51, 53, 57, 59, 61, 70, 78, 81, 82, 85, 87, 94, 96, 98, 99, 108, 110, 112, 118, 120, 132, 136, 139, 141, 142, 145, 148, 153, 163, 164, 171, 173, 176, 178, 182, 184, 185, 187, 192, 195, 196, 199, 201, 208, 216, 222, 226, 227, 231, 234, 236, 239, 241, 245, 250, 253]","[1, 4, 6, 7, 11, 12, 17, 20, 26, 27, 29, 31, 46, 48, 51, 54, 58, 66, 68, 71, 73, 77, 82, 87, 89, 93, 94, 99, 100, 102, 108, 111, 113, 116, 120, 121, 132, 133, 135, 138, 141, 143, 146, 151, 165, 168, 172, 176, 182, 183, 184, 186, 188, 194, 197, 200, 205, 206, 212, 216, 218, 221, 228, 233, 236, 237, 241, 242, 246, 251, 254, 262, 265, 268]",76,74,True
5,15.702030897140503,"[0, 4, 5, 6, 7, 8, 9, 261, 11, 260, 13, 264, 267, 16, 269, 18, 268, 20, 33, 43, 44, 45, 47, 51, 52, 53, 57, 60, 62, 67, 68, 72, 74, 81, 88, 91, 98, 99, 103, 109, 110, 112, 120, 131, 132, 137, 141, 142, 145, 150, 153, 157, 162, 164, 167, 170, 175, 183, 186, 189, 190, 192, 194, 200, 201, 206, 208, 212, 214, 217, 226, 227, 235, 236, 241, 245, 250, 253]","[1, 4, 6, 7, 11, 12, 17, 20, 26, 27, 29, 31, 46, 48, 51, 54, 58, 66, 68, 71, 73, 77, 82, 87, 89, 93, 94, 99, 100, 102, 108, 111, 113, 116, 120, 121, 132, 133, 135, 138, 141, 143, 146, 151, 165, 168, 172, 176, 182, 183, 184, 186, 188, 194, 197, 200, 205, 206, 212, 216, 218, 221, 228, 233, 236, 237, 241, 242, 246, 251, 254, 262, 265, 268]",78,74,True
6,15.522234201431274,"[0, 260, 261, 263, 8, 9, 10, 267, 269, 14, 16, 18, 27, 28, 32, 33, 43, 45, 46, 51, 52, 57, 60, 62, 67, 70, 72, 80, 86, 89, 91, 99, 105, 106, 112, 118, 120, 132, 137, 141, 142, 145, 150, 152, 153, 157, 162, 164, 171, 173, 176, 178, 182, 184, 187, 190, 192, 194, 197, 201, 205, 208, 212, 216, 224, 225, 226, 227, 230, 235, 236, 238, 245, 248, 250, 253]","[1, 4, 6, 7, 11, 12, 17, 20, 26, 27, 29, 31, 46, 48, 51, 54, 58, 66, 68, 71, 73, 77, 82, 87, 89, 93, 94, 99, 100, 102, 108, 111, 113, 116, 120, 121, 132, 133, 135, 138, 141, 143, 146, 151, 165, 168, 172, 176, 182, 183, 184, 186, 188, 194, 197, 200, 205, 206, 212, 216, 218, 221, 228, 233, 236, 237, 241, 242, 246, 251, 254, 262, 265, 268]",76,74,True
7,15.088711500167847,"[0, 256, 6, 263, 264, 9, 267, 13, 18, 20, 22, 32, 33, 38, 40, 45, 48, 51, 57, 59, 62, 67, 70, 72, 80, 89, 91, 93, 98, 99, 101, 103, 107, 112, 115, 118, 120, 121, 122, 123, 126, 129, 133, 137, 139, 141, 142, 145, 150, 157, 163, 164, 169, 176, 178, 182, 184, 189, 192, 196, 199, 201, 205, 208, 212, 226, 228, 230, 231, 235, 236, 238, 241, 245, 248, 249, 253]","[1, 4, 6, 7, 11, 12, 17, 20, 26, 27, 29, 31, 46, 48, 51, 54, 58, 66, 68, 71, 73, 77, 82, 87, 89, 93, 94, 99, 100, 102, 108, 111, 113, 116, 120, 121, 132, 133, 135, 138, 141, 143, 146, 151, 165, 168, 172, 176, 182, 183, 184, 186, 188, 194, 197, 200, 205, 206, 212, 216, 218, 221, 228, 233, 236, 237, 241, 242, 246, 251, 254, 262, 265, 268]",77,74,True
8,15.350670099258423,"[0, 258, 3, 259, 261, 7, 264, 10, 11, 267, 269, 16, 19, 25, 26, 28, 38, 40, 45, 46, 50, 53, 57, 59, 65, 67, 70, 72, 74, 78, 81, 82, 88, 92, 93, 98, 99, 101, 107, 112, 117, 119, 120, 123, 126, 132, 137, 140, 142, 145, 150, 151, 152, 156, 163, 164, 169, 174, 177, 188, 192, 196, 199, 201, 205, 208, 214, 220, 226, 235, 236, 238, 240, 245, 248, 250, 253]","[1, 4, 6, 7, 11, 12, 17, 20, 26, 27, 29, 31, 46, 48, 51, 54, 58, 66, 68, 71, 73, 77, 82, 87, 89, 93, 94, 99, 100, 102, 108, 111, 113, 116, 120, 121, 132, 133, 135, 138, 141, 143, 146, 151, 165, 168, 172, 176, 182, 183, 184, 186, 188, 194, 197, 200, 205, 206, 212, 216, 218, 221, 228, 233, 236, 237, 241, 242, 246, 251, 254, 262, 265, 268]",77,74,True
9,15.10915732383728,"[258, 260, 5, 6, 261, 264, 267, 15, 20, 22, 27, 28, 30, 32, 33, 36, 38, 40, 42, 45, 48, 49, 57, 60, 70, 72, 78, 81, 82, 85, 87, 94, 98, 99, 108, 112, 114, 115, 118, 132, 136, 139, 142, 145, 148, 155, 159, 163, 164, 168, 171, 176, 179, 180, 182, 185, 187, 192, 196, 199, 201, 205, 208, 221, 226, 227, 230, 231, 235, 238, 241, 245, 248, 250, 253]","[1, 4, 6, 7, 11, 12, 17, 20, 26, 27, 29, 31, 46, 48, 51, 54, 58, 66, 68, 71, 73, 77, 82, 87, 89, 93, 94, 99, 100, 102, 108, 111, 113, 116, 120, 121, 132, 133, 135, 138, 141, 143, 146, 151, 165, 168, 172, 176, 182, 183, 184, 186, 188, 194, 197, 200, 205, 206, 212, 216, 218, 221, 228, 233, 236, 237, 241, 242, 246, 251, 254, 262, 265, 268]",75,74,True
10,15.438740253448486,"[0, 4, 261, 7, 263, 11, 267, 269, 12, 15, 22, 23, 34, 43, 46, 49, 50, 53, 55, 57, 58, 60, 65, 70, 72, 74, 78, 81, 82, 84, 89, 90, 94, 97, 99, 101, 105, 110, 119, 133, 134, 136, 139, 142, 144, 150, 152, 154, 156, 164, 171, 173, 176, 178, 184, 188, 190, 192, 200, 201, 205, 206, 208, 212, 216, 221, 224, 226, 227, 228, 229, 235, 236, 241, 244, 245, 249, 253]","[1, 4, 6, 7, 11, 12, 17, 20, 26, 27, 29, 31, 46, 48, 51, 54, 58, 66, 68, 71, 73, 77, 82, 87, 89, 93, 94, 99, 100, 102, 108, 111, 113, 116, 120, 121, 132, 133, 135, 138, 141, 143, 146, 151, 165, 168, 172, 176, 182, 183, 184, 186, 188, 194, 197, 200, 205, 206, 212, 216, 218, 221, 228, 233, 236, 237, 241, 242, 246, 251, 254, 262, 265, 268]",78,74,True
11,15.338147401809692,"[0, 258, 4, 5, 260, 261, 8, 264, 10, 267, 268, 13, 18, 20, 21, 22, 30, 32, 33, 45, 46, 48, 51, 57, 59, 62, 63, 65, 67, 70, 72, 81, 88, 90, 93, 96, 98, 99, 103, 112, 119, 120, 126, 132, 134, 137, 139, 141, 142, 145, 150, 164, 168, 170, 175, 182, 184, 185, 187, 192, 196, 199, 201, 205, 206, 208, 212, 216, 226, 227, 235, 236, 238, 245, 248, 250, 253]","[1, 4, 6, 7, 11, 12, 17, 20, 26, 27, 29, 31, 46, 48, 51, 54, 58, 66, 68, 71, 73, 77, 82, 87, 89, 93, 94, 99, 100, 102, 108, 111, 113, 116, 120, 121, 132, 133, 135, 138, 141, 143, 146, 151, 165, 168, 172, 176, 182, 183, 184, 186, 188, 194, 197, 200, 205, 206, 212, 216, 218, 221, 228, 233, 236, 237, 241, 242, 246, 251, 254, 262, 265, 268]",77,74,True
12,15.170141696929932,"[0, 260, 261, 6, 5, 264, 11, 267, 12, 14, 16, 27, 28, 33, 38, 42, 43, 45, 49, 53, 57, 60, 67, 70, 72, 78, 81, 88, 90, 93, 94, 98, 99, 110, 112, 114, 115, 122, 131, 132, 138, 139, 142, 145, 150, 153, 154, 155, 163, 164, 168, 171, 173, 176, 182, 184, 185, 187, 190, 194, 200, 201, 203, 205, 208, 212, 213, 216, 220, 222, 224, 227, 235, 241, 245, 250, 253]","[1, 4, 6, 7, 11, 12, 17, 20, 26, 27, 29, 31, 46, 48, 51, 54, 58, 66, 68, 71, 73, 77, 82, 87, 89, 93, 94, 99, 100, 102, 108, 111, 113, 116, 120, 121, 132, 133, 135, 138, 141, 143, 146, 151, 165, 168, 172, 176, 182, 183, 184, 186, 188, 194, 197, 200, 205, 206, 212, 216, 218, 221, 228, 233, 236, 237, 241, 242, 246, 251, 254, 262, 265, 268]",77,74,True
13,15.13426399230957,"[256, 6, 7, 263, 9, 264, 11, 267, 19, 23, 27, 33, 38, 39, 41, 42, 45, 46, 49, 53, 58, 65, 68, 72, 76, 77, 81, 83, 84, 88, 91, 93, 94, 98, 99, 101, 103, 107, 110, 112, 115, 117, 118, 127, 132, 134, 138, 139, 145, 150, 154, 159, 161, 164, 170, 172, 176, 178, 182, 185, 189, 190, 192, 197, 202, 205, 208, 211, 214, 217, 222, 226, 228, 235, 236, 241, 250, 253]","[1, 4, 6, 7, 11, 12, 17, 20, 26, 27, 29, 31, 46, 48, 51, 54, 58, 66, 68, 71, 73, 77, 82, 87, 89, 93, 94, 99, 100, 102, 108, 111, 113, 116, 120, 121, 132, 133, 135, 138, 141, 143, 146, 151, 165, 168, 172, 176, 182, 183, 184, 186, 188, 194, 197, 200, 205, 206, 212, 216, 218, 221, 228, 233, 236, 237, 241, 242, 246, 251, 254, 262, 265, 268]",78,74,True
14,15.44720458984375,"[0, 258, 4, 5, 6, 7, 8, 260, 10, 11, 261, 264, 267, 17, 20, 21, 25, 28, 29, 34, 43, 45, 50, 53, 57, 60, 67, 70, 71, 78, 81, 85, 87, 94, 98, 99, 107, 110, 112, 115, 119, 120, 126, 132, 134, 136, 140, 142, 144, 150, 151, 153, 165, 168, 170, 175, 182, 184, 185, 187, 190, 192, 200, 201, 205, 208, 212, 214, 216, 221, 226, 236, 241, 245, 250, 253]","[1, 4, 6, 7, 11, 12, 17, 20, 26, 27, 29, 31, 46, 48, 51, 54, 58, 66, 68, 71, 73, 77, 82, 87, 89, 93, 94, 99, 100, 102, 108, 111, 113, 116, 120, 121, 132, 133, 135, 138, 141, 143, 146, 151, 165, 168, 172, 176, 182, 183, 184, 186, 188, 194, 197, 200, 205, 206, 212, 216, 218, 221, 228, 233, 236, 237, 241, 242, 246, 251, 254, 262, 265, 268]",76,74,True
15,15.164219379425049,"[0, 4, 261, 7, 263, 267, 12, 269, 17, 20, 21, 25, 28, 32, 33, 35, 43, 45, 46, 51, 57, 60, 63, 65, 70, 72, 74, 78, 81, 82, 84, 88, 92, 94, 97, 99, 101, 105, 108, 113, 120, 132, 134, 135, 141, 142, 145, 149, 152, 154, 164, 169, 171, 176, 178, 184, 185, 187, 190, 193, 200, 204, 205, 210, 216, 222, 224, 226, 227, 235, 236, 237, 245, 248, 250, 255]","[1, 4, 6, 7, 11, 12, 17, 20, 26, 27, 29, 31, 46, 48, 51, 54, 58, 66, 68, 71, 73, 77, 82, 87, 89, 93, 94, 99, 100, 102, 108, 111, 113, 116, 120, 121, 132, 133, 135, 138, 141, 143, 146, 151, 165, 168, 172, 176, 182, 183, 184, 186, 188, 194, 197, 200, 205, 206, 212, 216, 218, 221, 228, 233, 236, 237, 241, 242, 246, 251, 254, 262, 265, 268]",76,74,True
16,15.327136993408203,"[0, 256, 259, 4, 6, 7, 264, 10, 11, 267, 17, 20, 21, 25, 33, 40, 45, 46, 51, 53, 57, 58, 62, 67, 70, 72, 73, 77, 79, 81, 85, 86, 89, 90, 98, 99, 101, 108, 112, 115, 120, 131, 132, 134, 135, 141, 142, 150, 153, 154, 156, 164, 171, 173, 176, 182, 184, 188, 190, 192, 200, 201, 205, 208, 212, 214, 216, 222, 226, 228, 235, 236, 238, 245, 248, 250, 253]","[1, 4, 6, 7, 11, 12, 17, 20, 26, 27, 29, 31, 46, 48, 51, 54, 58, 66, 68, 71, 73, 77, 82, 87, 89, 93, 94, 99, 100, 102, 108, 111, 113, 116, 120, 121, 132, 133, 135, 138, 141, 143, 146, 151, 165, 168, 172, 176, 182, 183, 184, 186, 188, 194, 197, 200, 205, 206, 212, 216, 218, 221, 228, 233, 236, 237, 241, 242, 246, 251, 254, 262, 265, 268]",77,74,True
17,15.334795475006104,"[0, 4, 260, 261, 7, 263, 267, 269, 17, 20, 21, 25, 28, 33, 43, 45, 46, 49, 54, 57, 60, 62, 64, 65, 67, 70, 72, 73, 74, 76, 78, 80, 89, 91, 97, 99, 105, 108, 111, 112, 118, 119, 132, 134, 136, 142, 144, 150, 151, 152, 154, 157, 164, 169, 171, 176, 178, 184, 187, 190, 200, 203, 204, 205, 207, 211, 216, 221, 224, 232, 235, 236, 237, 245, 250, 253]","[1, 4, 6, 7, 11, 12, 17, 20, 26, 27, 29, 31, 46, 48, 51, 54, 58, 66, 68, 71, 73, 77, 82, 87, 89, 93, 94, 99, 100, 102, 108, 111, 113, 116, 120, 121, 132, 133, 135, 138, 141, 143, 146, 151, 165, 168, 172, 176, 182, 183, 184, 186, 188, 194, 197, 200, 205, 206, 212, 216, 218, 221, 228, 233, 236, 237, 241, 242, 246, 251, 254, 262, 265, 268]",76,74,True
18,15.14588475227356,"[2, 4, 261, 6, 264, 10, 11, 267, 17, 20, 21, 25, 28, 30, 38, 40, 45, 48, 49, 51, 53, 57, 60, 70, 72, 73, 81, 82, 84, 86, 89, 92, 98, 99, 101, 109, 110, 112, 115, 120, 129, 131, 136, 142, 150, 153, 163, 164, 167, 171, 173, 176, 179, 180, 182, 185, 187, 192, 196, 199, 201, 205, 206, 208, 221, 226, 227, 235, 236, 240, 241, 245, 249, 251, 253, 255]","[1, 4, 6, 7, 11, 12, 17, 20, 26, 27, 29, 31, 46, 48, 51, 54, 58, 66, 68, 71, 73, 77, 82, 87, 89, 93, 94, 99, 100, 102, 108, 111, 113, 116, 120, 121, 132, 133, 135, 138, 141, 143, 146, 151, 165, 168, 172, 176, 182, 183, 184, 186, 188, 194, 197, 200, 205, 206, 212, 216, 218, 221, 228, 233, 236, 237, 241, 242, 246, 251, 254, 262, 265, 268]",76,74,True
19,15.099762439727783,"[0, 256, 258, 4, 5, 6, 260, 264, 9, 10, 11, 267, 13, 7, 17, 18, 20, 25, 34, 35, 38, 40, 45, 48, 50, 53, 57, 59, 61, 70, 72, 81, 82, 84, 86, 89, 92, 98, 99, 110, 112, 114, 115, 119, 120, 123, 133, 137, 141, 142, 145, 148, 153, 156, 163, 164, 168, 170, 175, 182, 184, 188, 192, 194, 196, 200, 201, 206, 208, 217, 226, 228, 235, 241, 245, 249, 253]","[1, 4, 6, 7, 11, 12, 17, 20, 26, 27, 29, 31, 46, 48, 51, 54, 58, 66, 68, 71, 73, 77, 82, 87, 89, 93, 94, 99, 100, 102, 108, 111, 113, 116, 120, 121, 132, 133, 135, 138, 141, 143, 146, 151, 165, 168, 172, 176, 182, 183, 184, 186, 188, 194, 197, 200, 205, 206, 212, 216, 218, 221, 228, 233, 236, 237, 241, 242, 246, 251, 254, 262, 265, 268]",77,74,True
20,15.07584810256958,"[0, 259, 4, 261, 6, 8, 264, 11, 267, 17, 20, 21, 25, 28, 29, 34, 36, 44, 45, 51, 53, 57, 60, 65, 70, 71, 73, 76, 78, 81, 85, 87, 94, 95, 98, 100, 110, 112, 115, 120, 129, 131, 132, 136, 141, 142, 148, 154, 156, 162, 165, 171, 173, 176, 182, 184, 187, 190, 192, 194, 197, 201, 206, 208, 212, 216, 222, 224, 225, 226, 227, 236, 241, 245, 250, 253]","[1, 4, 6, 7, 11, 12, 17, 20, 26, 27, 29, 31, 46, 48, 51, 54, 58, 66, 68, 71, 73, 77, 82, 87, 89, 93, 94, 99, 100, 102, 108, 111, 113, 116, 120, 121, 132, 133, 135, 138, 141, 143, 146, 151, 165, 168, 172, 176, 182, 183, 184, 186, 188, 194, 197, 200, 205, 206, 212, 216, 218, 221, 228, 233, 236, 237, 241, 242, 246, 251, 254, 262, 265, 268]",76,74,True
21,31.338332653045654,"[0, 256, 260, 7, 263, 264, 267, 13, 14, 16, 27, 29, 33, 36, 38, 40, 45, 48, 51, 52, 53, 54, 57, 59, 60, 65, 70, 71, 81, 85, 87, 94, 96, 98, 99, 103, 110, 112, 115, 118, 120, 126, 130, 132, 138, 141, 142, 145, 148, 163, 164, 169, 176, 178, 182, 184, 185, 186, 189, 192, 195, 196, 199, 201, 206, 208, 212, 220, 222, 226, 228, 231, 236, 241, 245, 250, 253]","[1, 4, 6, 7, 11, 12, 17, 20, 26, 27, 29, 31, 46, 48, 51, 54, 58, 66, 68, 71, 73, 77, 82, 87, 89, 93, 94, 99, 100, 102, 108, 111, 113, 116, 120, 121, 132, 133, 135, 138, 141, 143, 146, 151, 165, 168, 172, 176, 182, 183, 184, 186, 188, 194, 197, 200, 205, 206, 212, 216, 218, 221, 228, 233, 236, 237, 241, 242, 246, 251, 254, 262, 265, 268]",77,74,True
22,30.680213451385498,"[0, 2, 259, 4, 261, 8, 265, 10, 267, 268, 17, 18, 20, 21, 25, 28, 30, 32, 45, 46, 48, 51, 57, 59, 63, 70, 72, 78, 80, 82, 84, 88, 92, 95, 98, 100, 108, 109, 112, 120, 131, 132, 137, 141, 142, 145, 148, 150, 151, 152, 153, 157, 163, 164, 171, 173, 175, 177, 182, 184, 187, 192, 195, 196, 199, 201, 208, 216, 226, 235, 236, 238, 240, 245, 248, 250, 253]","[1, 4, 6, 7, 11, 12, 17, 20, 26, 27, 29, 31, 46, 48, 51, 54, 58, 66, 68, 71, 73, 77, 82, 87, 89, 93, 94, 99, 100, 102, 108, 111, 113, 116, 120, 121, 132, 133, 135, 138, 141, 143, 146, 151, 165, 168, 172, 176, 182, 183, 184, 186, 188, 194, 197, 200, 205, 206, 212, 216, 218, 221, 228, 233, 236, 237, 241, 242, 246, 251, 254, 262, 265, 268]",77,74,True
23,30.694602966308594,"[0, 261, 263, 264, 9, 266, 267, 13, 19, 23, 27, 30, 32, 33, 37, 44, 46, 48, 49, 55, 57, 59, 62, 63, 67, 70, 72, 81, 86, 87, 91, 93, 98, 99, 101, 107, 112, 119, 132, 138, 139, 140, 144, 147, 150, 152, 153, 155, 163, 164, 169, 171, 176, 178, 184, 185, 187, 192, 196, 199, 201, 205, 208, 212, 215, 222, 226, 227, 235, 236, 238, 243, 245, 248, 250, 253]","[1, 4, 6, 7, 11, 12, 17, 20, 26, 27, 29, 31, 46, 48, 51, 54, 58, 66, 68, 71, 73, 77, 82, 87, 89, 93, 94, 99, 100, 102, 108, 111, 113, 116, 120, 121, 132, 133, 135, 138, 141, 143, 146, 151, 165, 168, 172, 176, 182, 183, 184, 186, 188, 194, 197, 200, 205, 206, 212, 216, 218, 221, 228, 233, 236, 237, 241, 242, 246, 251, 254, 262, 265, 268]",76,74,True
24,30.479867458343506,"[0, 256, 258, 5, 264, 9, 267, 18, 20, 22, 26, 28, 33, 43, 44, 45, 47, 49, 51, 53, 57, 59, 62, 63, 67, 70, 72, 77, 81, 82, 85, 86, 88, 91, 98, 99, 101, 107, 109, 110, 112, 114, 115, 120, 123, 133, 134, 137, 139, 142, 145, 147, 150, 152, 153, 156, 164, 166, 167, 171, 175, 183, 188, 192, 195, 197, 204, 206, 210, 215, 217, 225, 226, 228, 235, 242, 245, 247, 253]","[1, 4, 6, 7, 11, 12, 17, 20, 26, 27, 29, 31, 46, 48, 51, 54, 58, 66, 68, 71, 73, 77, 82, 87, 89, 93, 94, 99, 100, 102, 108, 111, 113, 116, 120, 121, 132, 133, 135, 138, 141, 143, 146, 151, 165, 168, 172, 176, 182, 183, 184, 186, 188, 194, 197, 200, 205, 206, 212, 216, 218, 221, 228, 233, 236, 237, 241, 242, 246, 251, 254, 262, 265, 268]",79,74,True
25,30.607767343521118,"[0, 256, 258, 4, 5, 6, 260, 264, 267, 13, 16, 18, 20, 21, 32, 34, 38, 43, 45, 50, 52, 57, 58, 61, 69, 72, 81, 84, 86, 88, 92, 93, 98, 99, 107, 110, 112, 115, 117, 118, 120, 122, 132, 137, 141, 142, 143, 146, 150, 156, 163, 164, 168, 171, 175, 179, 181, 182, 192, 200, 201, 205, 208, 212, 214, 218, 224, 226, 227, 230, 231, 235, 236, 238, 241, 245, 250, 253]","[1, 4, 6, 7, 11, 12, 17, 20, 26, 27, 29, 31, 46, 48, 51, 54, 58, 66, 68, 71, 73, 77, 82, 87, 89, 93, 94, 99, 100, 102, 108, 111, 113, 116, 120, 121, 132, 133, 135, 138, 141, 143, 146, 151, 165, 168, 172, 176, 182, 183, 184, 186, 188, 194, 197, 200, 205, 206, 212, 216, 218, 221, 228, 233, 236, 237, 241, 242, 246, 251, 254, 262, 265, 268]",78,74,True
26,30.52817153930664,"[0, 4, 261, 260, 263, 8, 9, 11, 12, 267, 269, 18, 20, 22, 28, 30, 33, 42, 45, 46, 48, 49, 53, 57, 59, 65, 70, 72, 74, 81, 85, 86, 88, 92, 97, 99, 105, 110, 132, 137, 139, 142, 145, 148, 150, 152, 154, 155, 162, 164, 171, 173, 176, 178, 184, 185, 187, 192, 194, 196, 199, 201, 206, 208, 212, 216, 226, 227, 229, 235, 236, 240, 241, 245, 249, 251, 253]","[1, 4, 6, 7, 11, 12, 17, 20, 26, 27, 29, 31, 46, 48, 51, 54, 58, 66, 68, 71, 73, 77, 82, 87, 89, 93, 94, 99, 100, 102, 108, 111, 113, 116, 120, 121, 132, 133, 135, 138, 141, 143, 146, 151, 165, 168, 172, 176, 182, 183, 184, 186, 188, 194, 197, 200, 205, 206, 212, 216, 218, 221, 228, 233, 236, 237, 241, 242, 246, 251, 254, 262, 265, 268]",77,74,True
27,30.08448815345764,"[0, 4, 261, 263, 8, 264, 267, 11, 17, 20, 21, 25, 28, 34, 44, 45, 46, 49, 51, 53, 57, 60, 67, 70, 72, 73, 76, 78, 81, 89, 91, 94, 96, 98, 99, 101, 108, 109, 110, 112, 115, 126, 132, 135, 142, 150, 151, 153, 155, 156, 162, 164, 169, 176, 178, 182, 184, 187, 190, 193, 197, 204, 205, 211, 216, 222, 224, 225, 232, 235, 236, 241, 245, 250, 253]","[1, 4, 6, 7, 11, 12, 17, 20, 26, 27, 29, 31, 46, 48, 51, 54, 58, 66, 68, 71, 73, 77, 82, 87, 89, 93, 94, 99, 100, 102, 108, 111, 113, 116, 120, 121, 132, 133, 135, 138, 141, 143, 146, 151, 165, 168, 172, 176, 182, 183, 184, 186, 188, 194, 197, 200, 205, 206, 212, 216, 218, 221, 228, 233, 236, 237, 241, 242, 246, 251, 254, 262, 265, 268]",75,74,True
28,30.39439082145691,"[0, 258, 4, 5, 6, 260, 261, 266, 269, 17, 18, 20, 21, 25, 28, 30, 34, 38, 40, 45, 48, 51, 54, 57, 60, 62, 67, 70, 72, 73, 74, 78, 81, 82, 88, 91, 98, 99, 102, 105, 107, 113, 118, 120, 132, 137, 141, 142, 150, 151, 153, 157, 163, 164, 168, 171, 175, 179, 180, 187, 192, 196, 199, 201, 205, 208, 226, 231, 235, 236, 237, 241, 245, 248, 250, 253]","[1, 4, 6, 7, 11, 12, 17, 20, 26, 27, 29, 31, 46, 48, 51, 54, 58, 66, 68, 71, 73, 77, 82, 87, 89, 93, 94, 99, 100, 102, 108, 111, 113, 116, 120, 121, 132, 133, 135, 138, 141, 143, 146, 151, 165, 168, 172, 176, 182, 183, 184, 186, 188, 194, 197, 200, 205, 206, 212, 216, 218, 221, 228, 233, 236, 237, 241, 242, 246, 251, 254, 262, 265, 268]",76,74,True
29,30.440051078796387,"[0, 257, 4, 261, 263, 8, 10, 267, 269, 17, 20, 21, 25, 30, 32, 33, 45, 46, 48, 49, 57, 59, 62, 65, 67, 70, 72, 74, 78, 81, 85, 88, 90, 99, 101, 105, 113, 119, 126, 132, 137, 140, 142, 144, 150, 151, 152, 155, 157, 163, 164, 169, 176, 178, 184, 187, 192, 195, 196, 199, 201, 206, 208, 212, 216, 222, 226, 230, 234, 235, 236, 237, 245, 248, 250, 253]","[1, 4, 6, 7, 11, 12, 17, 20, 26, 27, 29, 31, 46, 48, 51, 54, 58, 66, 68, 71, 73, 77, 82, 87, 89, 93, 94, 99, 100, 102, 108, 111, 113, 116, 120, 121, 132, 133, 135, 138, 141, 143, 146, 151, 165, 168, 172, 176, 182, 183, 184, 186, 188, 194, 197, 200, 205, 206, 212, 216, 218, 221, 228, 233, 236, 237, 241, 242, 246, 251, 254, 262, 265, 268]",76,74,True
30,30.15371584892273,"[0, 3, 4, 259, 6, 261, 8, 264, 10, 11, 267, 15, 22, 23, 28, 29, 30, 45, 49, 53, 57, 70, 71, 73, 78, 81, 84, 88, 92, 93, 95, 98, 100, 107, 110, 112, 115, 119, 129, 131, 132, 136, 139, 142, 144, 150, 153, 155, 156, 162, 165, 171, 173, 176, 181, 182, 184, 187, 192, 196, 199, 201, 205, 208, 212, 214, 216, 221, 226, 227, 236, 240, 241, 245, 250, 253]","[1, 4, 6, 7, 11, 12, 17, 20, 26, 27, 29, 31, 46, 48, 51, 54, 58, 66, 68, 71, 73, 77, 82, 87, 89, 93, 94, 99, 100, 102, 108, 111, 113, 116, 120, 121, 132, 133, 135, 138, 141, 143, 146, 151, 165, 168, 172, 176, 182, 183, 184, 186, 188, 194, 197, 200, 205, 206, 212, 216, 218, 221, 228, 233, 236, 237, 241, 242, 246, 251, 254, 262, 265, 268]",76,74,True
31,30.24416947364807,"[0, 4, 261, 6, 264, 267, 20, 21, 22, 28, 29, 30, 32, 33, 37, 42, 44, 45, 46, 48, 49, 57, 59, 62, 63, 65, 67, 70, 71, 78, 81, 82, 85, 89, 91, 98, 99, 101, 109, 112, 115, 131, 132, 136, 139, 142, 145, 150, 151, 155, 163, 165, 167, 171, 173, 176, 182, 184, 185, 187, 192, 195, 196, 199, 201, 206, 208, 215, 221, 226, 236, 238, 245, 248, 250, 253]","[1, 4, 6, 7, 11, 12, 17, 20, 26, 27, 29, 31, 46, 48, 51, 54, 58, 66, 68, 71, 73, 77, 82, 87, 89, 93, 94, 99, 100, 102, 108, 111, 113, 116, 120, 121, 132, 133, 135, 138, 141, 143, 146, 151, 165, 168, 172, 176, 182, 183, 184, 186, 188, 194, 197, 200, 205, 206, 212, 216, 218, 221, 228, 233, 236, 237, 241, 242, 246, 251, 254, 262, 265, 268]",76,74,True
32,30.237884283065796,"[0, 4, 261, 263, 264, 10, 11, 267, 269, 16, 18, 20, 21, 29, 30, 33, 36, 37, 45, 46, 48, 50, 52, 53, 57, 59, 62, 65, 70, 71, 74, 80, 82, 84, 86, 88, 90, 98, 99, 101, 112, 119, 120, 126, 132, 137, 141, 142, 145, 148, 152, 157, 163, 165, 169, 176, 178, 184, 187, 192, 195, 196, 199, 201, 206, 208, 215, 226, 227, 234, 236, 238, 245, 248, 251, 254]","[1, 4, 6, 7, 11, 12, 17, 20, 26, 27, 29, 31, 46, 48, 51, 54, 58, 66, 68, 71, 73, 77, 82, 87, 89, 93, 94, 99, 100, 102, 108, 111, 113, 116, 120, 121, 132, 133, 135, 138, 141, 143, 146, 151, 165, 168, 172, 176, 182, 183, 184, 186, 188, 194, 197, 200, 205, 206, 212, 216, 218, 221, 228, 233, 236, 237, 241, 242, 246, 251, 254, 262, 265, 268]",76,74,True
33,30.193272352218628,"[0, 4, 261, 263, 8, 264, 267, 268, 13, 16, 19, 26, 30, 32, 33, 45, 46, 48, 51, 52, 57, 59, 62, 63, 70, 72, 78, 80, 84, 88, 90, 96, 98, 99, 101, 112, 118, 120, 132, 136, 141, 142, 145, 148, 150, 151, 153, 154, 157, 162, 164, 171, 173, 176, 178, 182, 184, 187, 193, 196, 199, 201, 204, 205, 206, 208, 212, 216, 221, 235, 236, 238, 245, 248, 250, 253]","[1, 4, 6, 7, 11, 12, 17, 20, 26, 27, 29, 31, 46, 48, 51, 54, 58, 66, 68, 71, 73, 77, 82, 87, 89, 93, 94, 99, 100, 102, 108, 111, 113, 116, 120, 121, 132, 133, 135, 138, 141, 143, 146, 151, 165, 168, 172, 176, 182, 183, 184, 186, 188, 194, 197, 200, 205, 206, 212, 216, 218, 221, 228, 233, 236, 237, 241, 242, 246, 251, 254, 262, 265, 268]",76,74,True
34,30.106809854507446,"[0, 4, 261, 260, 263, 10, 11, 267, 269, 16, 20, 21, 28, 29, 30, 34, 36, 43, 45, 46, 50, 52, 54, 57, 60, 70, 71, 74, 81, 82, 85, 86, 87, 94, 97, 99, 105, 107, 113, 119, 120, 132, 134, 136, 141, 142, 145, 148, 152, 153, 157, 165, 169, 171, 176, 178, 184, 187, 190, 193, 200, 204, 205, 210, 216, 221, 224, 227, 232, 236, 237, 245, 248, 250, 253]","[1, 4, 6, 7, 11, 12, 17, 20, 26, 27, 29, 31, 46, 48, 51, 54, 58, 66, 68, 71, 73, 77, 82, 87, 89, 93, 94, 99, 100, 102, 108, 111, 113, 116, 120, 121, 132, 133, 135, 138, 141, 143, 146, 151, 165, 168, 172, 176, 182, 183, 184, 186, 188, 194, 197, 200, 205, 206, 212, 216, 218, 221, 228, 233, 236, 237, 241, 242, 246, 251, 254, 262, 265, 268]",75,74,True
35,30.038245916366577,"[0, 257, 261, 263, 8, 10, 11, 267, 269, 14, 16, 27, 28, 29, 30, 33, 36, 45, 46, 48, 51, 52, 53, 57, 59, 62, 65, 70, 71, 80, 82, 85, 86, 87, 94, 99, 101, 105, 107, 110, 112, 119, 120, 126, 138, 141, 142, 145, 148, 152, 157, 163, 166, 169, 176, 178, 182, 184, 187, 192, 196, 199, 201, 205, 208, 216, 219, 220, 222, 226, 227, 236, 241, 245, 251, 254]","[1, 4, 6, 7, 11, 12, 17, 20, 26, 27, 29, 31, 46, 48, 51, 54, 58, 66, 68, 71, 73, 77, 82, 87, 89, 93, 94, 99, 100, 102, 108, 111, 113, 116, 120, 121, 132, 133, 135, 138, 141, 143, 146, 151, 165, 168, 172, 176, 182, 183, 184, 186, 188, 194, 197, 200, 205, 206, 212, 216, 218, 221, 228, 233, 236, 237, 241, 242, 246, 251, 254, 262, 265, 268]",76,74,True
36,30.246139764785767,"[0, 256, 4, 5, 6, 7, 260, 264, 11, 267, 17, 20, 21, 25, 30, 33, 36, 38, 43, 45, 51, 53, 57, 58, 62, 69, 72, 77, 81, 82, 84, 86, 89, 92, 98, 99, 110, 112, 115, 117, 118, 120, 131, 133, 136, 141, 142, 145, 148, 153, 154, 157, 163, 164, 167, 170, 175, 182, 189, 190, 192, 194, 200, 201, 206, 208, 215, 217, 222, 226, 228, 235, 236, 241, 245, 250, 253]","[1, 4, 6, 7, 11, 12, 17, 20, 26, 27, 29, 31, 46, 48, 51, 54, 58, 66, 68, 71, 73, 77, 82, 87, 89, 93, 94, 99, 100, 102, 108, 111, 113, 116, 120, 121, 132, 133, 135, 138, 141, 143, 146, 151, 165, 168, 172, 176, 182, 183, 184, 186, 188, 194, 197, 200, 205, 206, 212, 216, 218, 221, 228, 233, 236, 237, 241, 242, 246, 251, 254, 262, 265, 268]",77,74,True
37,30.208195447921753,"[0, 4, 5, 6, 261, 263, 264, 10, 11, 267, 20, 21, 22, 28, 29, 30, 33, 37, 42, 45, 47, 49, 53, 57, 62, 65, 67, 70, 71, 78, 81, 89, 91, 98, 99, 101, 109, 110, 112, 115, 120, 126, 131, 132, 136, 139, 142, 145, 148, 150, 151, 156, 163, 165, 169, 175, 179, 181, 182, 187, 192, 194, 196, 199, 201, 206, 208, 212, 215, 222, 226, 236, 241, 245, 251, 253]","[1, 4, 6, 7, 11, 12, 17, 20, 26, 27, 29, 31, 46, 48, 51, 54, 58, 66, 68, 71, 73, 77, 82, 87, 89, 93, 94, 99, 100, 102, 108, 111, 113, 116, 120, 121, 132, 133, 135, 138, 141, 143, 146, 151, 165, 168, 172, 176, 182, 183, 184, 186, 188, 194, 197, 200, 205, 206, 212, 216, 218, 221, 228, 233, 236, 237, 241, 242, 246, 251, 254, 262, 265, 268]",76,74,True
38,30.665266513824463,"[0, 4, 261, 260, 263, 264, 10, 11, 267, 266, 16, 20, 21, 28, 29, 32, 33, 43, 45, 46, 50, 52, 57, 60, 62, 65, 67, 70, 71, 78, 79, 81, 88, 91, 98, 99, 107, 112, 119, 120, 126, 132, 134, 138, 141, 142, 145, 150, 151, 152, 156, 164, 169, 176, 178, 182, 184, 187, 190, 192, 200, 201, 205, 208, 212, 216, 222, 224, 225, 226, 236, 238, 245, 248, 250, 253]","[1, 4, 6, 7, 11, 12, 17, 20, 26, 27, 29, 31, 46, 48, 51, 54, 58, 66, 68, 71, 73, 77, 82, 87, 89, 93, 94, 99, 100, 102, 108, 111, 113, 116, 120, 121, 132, 133, 135, 138, 141, 143, 146, 151, 165, 168, 172, 176, 182, 183, 184, 186, 188, 194, 197, 200, 205, 206, 212, 216, 218, 221, 228, 233, 236, 237, 241, 242, 246, 251, 254, 262, 265, 268]",76,74,True
39,30.3302104473114,"[0, 4, 261, 263, 267, 12, 269, 18, 20, 21, 22, 28, 30, 34, 36, 38, 40, 45, 46, 48, 51, 54, 57, 61, 64, 65, 70, 72, 78, 81, 85, 87, 92, 99, 101, 105, 106, 107, 111, 112, 120, 132, 137, 139, 141, 142, 145, 148, 152, 154, 157, 163, 164, 169, 171, 176, 178, 181, 182, 184, 187, 193, 196, 199, 201, 204, 205, 212, 227, 232, 235, 236, 237, 245, 250, 253]","[1, 4, 6, 7, 11, 12, 17, 20, 26, 27, 29, 31, 46, 48, 51, 54, 58, 66, 68, 71, 73, 77, 82, 87, 89, 93, 94, 99, 100, 102, 108, 111, 113, 116, 120, 121, 132, 133, 135, 138, 141, 143, 146, 151, 165, 168, 172, 176, 182, 183, 184, 186, 188, 194, 197, 200, 205, 206, 212, 216, 218, 221, 228, 233, 236, 237, 241, 242, 246, 251, 254, 262, 265, 268]",76,74,True
40,30.095057487487793,"[0, 256, 4, 5, 6, 7, 264, 267, 11, 13, 17, 20, 21, 25, 33, 38, 40, 45, 49, 51, 53, 57, 60, 68, 72, 73, 81, 82, 85, 86, 87, 94, 98, 99, 101, 110, 112, 115, 117, 118, 120, 131, 132, 137, 142, 148, 150, 163, 164, 167, 170, 175, 182, 185, 186, 189, 190, 192, 194, 196, 200, 201, 206, 208, 214, 217, 221, 226, 230, 231, 235, 236, 241, 245, 246, 250, 253]","[1, 4, 6, 7, 11, 12, 17, 20, 26, 27, 29, 31, 46, 48, 51, 54, 58, 66, 68, 71, 73, 77, 82, 87, 89, 93, 94, 99, 100, 102, 108, 111, 113, 116, 120, 121, 132, 133, 135, 138, 141, 143, 146, 151, 165, 168, 172, 176, 182, 183, 184, 186, 188, 194, 197, 200, 205, 206, 212, 216, 218, 221, 228, 233, 236, 237, 241, 242, 246, 251, 254, 262, 265, 268]",77,74,True
41,60.16006684303284,"[0, 259, 261, 6, 8, 264, 10, 267, 11, 14, 16, 27, 28, 30, 31, 33, 45, 51, 52, 53, 57, 62, 67, 70, 81, 85, 86, 89, 90, 98, 99, 101, 109, 110, 112, 115, 120, 129, 131, 132, 134, 138, 141, 142, 145, 150, 153, 164, 171, 173, 176, 181, 182, 184, 185, 187, 192, 194, 196, 199, 201, 206, 208, 212, 214, 216, 220, 222, 226, 227, 236, 239, 241, 245, 250, 253]","[1, 4, 6, 7, 11, 12, 17, 20, 26, 27, 29, 31, 46, 48, 51, 54, 58, 66, 68, 71, 73, 77, 82, 87, 89, 93, 94, 99, 100, 102, 108, 111, 113, 116, 120, 121, 132, 133, 135, 138, 141, 143, 146, 151, 165, 168, 172, 176, 182, 183, 184, 186, 188, 194, 197, 200, 205, 206, 212, 216, 218, 221, 228, 233, 236, 237, 241, 242, 246, 251, 254, 262, 265, 268]",76,74,True
42,61.52847123146057,"[0, 258, 260, 5, 6, 261, 264, 9, 11, 12, 267, 17, 18, 20, 25, 26, 28, 33, 38, 40, 45, 51, 53, 57, 60, 62, 65, 67, 70, 72, 78, 79, 80, 82, 88, 91, 98, 99, 107, 110, 112, 115, 117, 120, 132, 137, 141, 142, 145, 150, 154, 157, 162, 164, 168, 171, 176, 179, 182, 187, 190, 193, 197, 204, 205, 211, 224, 225, 227, 232, 235, 236, 241, 245, 250, 253]","[1, 4, 6, 7, 11, 12, 17, 20, 26, 27, 29, 31, 46, 48, 51, 54, 58, 66, 68, 71, 73, 77, 82, 87, 89, 93, 94, 99, 100, 102, 108, 111, 113, 116, 120, 121, 132, 133, 135, 138, 141, 143, 146, 151, 165, 168, 172, 176, 182, 183, 184, 186, 188, 194, 197, 200, 205, 206, 212, 216, 218, 221, 228, 233, 236, 237, 241, 242, 246, 251, 254, 262, 265, 268]",76,74,True
43,61.33769392967224,"[0, 258, 260, 5, 264, 9, 266, 11, 267, 13, 18, 20, 22, 27, 33, 42, 43, 44, 49, 53, 57, 60, 62, 67, 70, 72, 78, 80, 82, 89, 91, 98, 99, 103, 108, 110, 112, 122, 124, 132, 134, 137, 139, 142, 145, 147, 150, 151, 152, 153, 154, 155, 157, 164, 168, 170, 175, 184, 186, 189, 190, 192, 195, 200, 202, 208, 210, 216, 217, 224, 226, 235, 236, 241, 242, 245, 250, 253]","[1, 4, 6, 7, 11, 12, 17, 20, 26, 27, 29, 31, 46, 48, 51, 54, 58, 66, 68, 71, 73, 77, 82, 87, 89, 93, 94, 99, 100, 102, 108, 111, 113, 116, 120, 121, 132, 133, 135, 138, 141, 143, 146, 151, 165, 168, 172, 176, 182, 183, 184, 186, 188, 194, 197, 200, 205, 206, 212, 216, 218, 221, 228, 233, 236, 237, 241, 242, 246, 251, 254, 262, 265, 268]",78,74,True
44,60.852344274520874,"[0, 258, 4, 5, 261, 8, 10, 267, 269, 17, 20, 21, 25, 30, 31, 32, 33, 48, 50, 57, 59, 70, 74, 81, 82, 85, 86, 88, 92, 98, 99, 101, 105, 111, 112, 119, 120, 124, 132, 135, 140, 142, 144, 148, 150, 152, 153, 157, 163, 164, 166, 168, 171, 173, 176, 184, 187, 192, 194, 196, 199, 201, 206, 208, 216, 222, 226, 227, 230, 234, 236, 237, 239, 240, 242, 245, 251, 253]","[1, 4, 6, 7, 11, 12, 17, 20, 26, 27, 29, 31, 46, 48, 51, 54, 58, 66, 68, 71, 73, 77, 82, 87, 89, 93, 94, 99, 100, 102, 108, 111, 113, 116, 120, 121, 132, 133, 135, 138, 141, 143, 146, 151, 165, 168, 172, 176, 182, 183, 184, 186, 188, 194, 197, 200, 205, 206, 212, 216, 218, 221, 228, 233, 236, 237, 241, 242, 246, 251, 254, 262, 265, 268]",78,74,True
45,60.94461107254028,"[0, 256, 259, 9, 265, 267, 268, 13, 18, 20, 22, 33, 38, 43, 45, 49, 51, 53, 54, 57, 58, 60, 62, 65, 67, 72, 74, 75, 80, 86, 87, 91, 95, 96, 98, 100, 110, 118, 120, 121, 122, 130, 131, 133, 137, 139, 142, 145, 150, 157, 163, 164, 171, 173, 176, 182, 184, 188, 190, 192, 194, 200, 201, 206, 208, 212, 216, 218, 224, 226, 228, 231, 235, 236, 241, 245, 250, 253]","[1, 4, 6, 7, 11, 12, 17, 20, 26, 27, 29, 31, 46, 48, 51, 54, 58, 66, 68, 71, 73, 77, 82, 87, 89, 93, 94, 99, 100, 102, 108, 111, 113, 116, 120, 121, 132, 133, 135, 138, 141, 143, 146, 151, 165, 168, 172, 176, 182, 183, 184, 186, 188, 194, 197, 200, 205, 206, 212, 216, 218, 221, 228, 233, 236, 237, 241, 242, 246, 251, 254, 262, 265, 268]",78,74,True
46,61.654250621795654,"[0, 3, 261, 263, 264, 9, 10, 11, 267, 268, 14, 16, 18, 26, 28, 29, 30, 43, 45, 47, 50, 52, 53, 57, 65, 67, 70, 71, 81, 82, 86, 88, 92, 93, 96, 98, 99, 101, 107, 110, 112, 119, 120, 130, 132, 134, 137, 140, 142, 145, 150, 157, 165, 169, 171, 176, 178, 181, 182, 184, 187, 193, 200, 204, 205, 209, 210, 216, 224, 227, 236, 240, 241, 245, 250, 253]","[1, 4, 6, 7, 11, 12, 17, 20, 26, 27, 29, 31, 46, 48, 51, 54, 58, 66, 68, 71, 73, 77, 82, 87, 89, 93, 94, 99, 100, 102, 108, 111, 113, 116, 120, 121, 132, 133, 135, 138, 141, 143, 146, 151, 165, 168, 172, 176, 182, 183, 184, 186, 188, 194, 197, 200, 205, 206, 212, 216, 218, 221, 228, 233, 236, 237, 241, 242, 246, 251, 254, 262, 265, 268]",76,74,True
47,60.105088233947754,"[0, 258, 4, 5, 6, 261, 264, 8, 11, 267, 16, 19, 26, 28, 29, 30, 34, 45, 51, 52, 53, 57, 61, 65, 67, 70, 71, 81, 85, 86, 87, 94, 98, 99, 101, 108, 110, 112, 115, 118, 120, 132, 136, 141, 142, 145, 150, 154, 156, 162, 165, 167, 170, 175, 181, 182, 184, 187, 192, 195, 196, 199, 201, 208, 212, 214, 216, 217, 221, 226, 227, 236, 241, 245, 250, 253]","[1, 4, 6, 7, 11, 12, 17, 20, 26, 27, 29, 31, 46, 48, 51, 54, 58, 66, 68, 71, 73, 77, 82, 87, 89, 93, 94, 99, 100, 102, 108, 111, 113, 116, 120, 121, 132, 133, 135, 138, 141, 143, 146, 151, 165, 168, 172, 176, 182, 183, 184, 186, 188, 194, 197, 200, 205, 206, 212, 216, 218, 221, 228, 233, 236, 237, 241, 242, 246, 251, 254, 262, 265, 268]",76,74,True
48,60.164814472198486,"[0, 4, 5, 6, 7, 261, 263, 264, 267, 17, 20, 21, 25, 28, 34, 38, 40, 45, 48, 51, 53, 54, 57, 60, 67, 70, 72, 78, 79, 81, 88, 91, 94, 98, 99, 101, 110, 112, 115, 118, 120, 126, 132, 134, 135, 141, 142, 145, 150, 164, 169, 175, 178, 182, 184, 185, 187, 190, 192, 194, 200, 201, 205, 208, 212, 222, 226, 227, 230, 231, 235, 236, 241, 245, 250, 253]","[1, 4, 6, 7, 11, 12, 17, 20, 26, 27, 29, 31, 46, 48, 51, 54, 58, 66, 68, 71, 73, 77, 82, 87, 89, 93, 94, 99, 100, 102, 108, 111, 113, 116, 120, 121, 132, 133, 135, 138, 141, 143, 146, 151, 165, 168, 172, 176, 182, 183, 184, 186, 188, 194, 197, 200, 205, 206, 212, 216, 218, 221, 228, 233, 236, 237, 241, 242, 246, 251, 254, 262, 265, 268]",76,74,True
49,60.45549917221069,"[257, 260, 261, 263, 10, 267, 269, 17, 20, 21, 25, 27, 28, 30, 33, 37, 45, 46, 48, 49, 54, 57, 60, 62, 64, 65, 67, 70, 72, 73, 80, 82, 86, 87, 91, 99, 105, 108, 111, 112, 119, 126, 132, 137, 142, 144, 150, 152, 155, 157, 159, 163, 164, 169, 176, 178, 179, 180, 182, 187, 192, 196, 199, 201, 205, 208, 215, 220, 226, 227, 235, 236, 237, 245, 250, 253]","[1, 4, 6, 7, 11, 12, 17, 20, 26, 27, 29, 31, 46, 48, 51, 54, 58, 66, 68, 71, 73, 77, 82, 87, 89, 93, 94, 99, 100, 102, 108, 111, 113, 116, 120, 121, 132, 133, 135, 138, 141, 143, 146, 151, 165, 168, 172, 176, 182, 183, 184, 186, 188, 194, 197, 200, 205, 206, 212, 216, 218, 221, 228, 233, 236, 237, 241, 242, 246, 251, 254, 262, 265, 268]",76,74,True
50,60.229552268981934,"[0, 257, 4, 260, 261, 263, 10, 267, 269, 16, 19, 26, 28, 32, 34, 35, 45, 46, 51, 52, 57, 60, 63, 65, 70, 72, 74, 76, 78, 81, 84, 87, 92, 94, 99, 105, 108, 113, 120, 133, 134, 136, 141, 142, 145, 149, 151, 152, 154, 156, 164, 169, 171, 176, 178, 184, 187, 190, 193, 196, 197, 204, 205, 211, 216, 221, 224, 225, 232, 235, 236, 237, 245, 248, 249, 255]","[1, 4, 6, 7, 11, 12, 17, 20, 26, 27, 29, 31, 46, 48, 51, 54, 58, 66, 68, 71, 73, 77, 82, 87, 89, 93, 94, 99, 100, 102, 108, 111, 113, 116, 120, 121, 132, 133, 135, 138, 141, 143, 146, 151, 165, 168, 172, 176, 182, 183, 184, 186, 188, 194, 197, 200, 205, 206, 212, 216, 218, 221, 228, 233, 236, 237, 241, 242, 246, 251, 254, 262, 265, 268]",76,74,True
51,60.25917863845825,"[0, 4, 261, 260, 263, 264, 267, 12, 13, 268, 17, 20, 21, 25, 30, 31, 32, 34, 38, 40, 45, 46, 48, 49, 57, 59, 62, 63, 65, 67, 70, 81, 82, 89, 92, 93, 98, 99, 103, 108, 112, 119, 132, 136, 140, 142, 144, 150, 152, 154, 156, 163, 164, 169, 171, 176, 178, 182, 184, 187, 192, 195, 196, 199, 201, 208, 222, 226, 227, 236, 238, 239, 245, 248, 250, 253]","[1, 4, 6, 7, 11, 12, 17, 20, 26, 27, 29, 31, 46, 48, 51, 54, 58, 66, 68, 71, 73, 77, 82, 87, 89, 93, 94, 99, 100, 102, 108, 111, 113, 116, 120, 121, 132, 133, 135, 138, 141, 143, 146, 151, 165, 168, 172, 176, 182, 183, 184, 186, 188, 194, 197, 200, 205, 206, 212, 216, 218, 221, 228, 233, 236, 237, 241, 242, 246, 251, 254, 262, 265, 268]",76,74,True
52,60.367653608322144,"[0, 257, 4, 261, 260, 263, 10, 267, 269, 14, 15, 16, 28, 29, 30, 32, 33, 36, 38, 40, 45, 46, 48, 51, 52, 57, 59, 63, 70, 71, 74, 78, 80, 82, 84, 88, 92, 99, 105, 108, 112, 119, 120, 126, 136, 141, 142, 145, 148, 152, 153, 157, 163, 165, 169, 176, 178, 184, 187, 192, 195, 196, 199, 201, 208, 219, 221, 226, 227, 236, 238, 240, 245, 248, 251, 254]","[1, 4, 6, 7, 11, 12, 17, 20, 26, 27, 29, 31, 46, 48, 51, 54, 58, 66, 68, 71, 73, 77, 82, 87, 89, 93, 94, 99, 100, 102, 108, 111, 113, 116, 120, 121, 132, 133, 135, 138, 141, 143, 146, 151, 165, 168, 172, 176, 182, 183, 184, 186, 188, 194, 197, 200, 205, 206, 212, 216, 218, 221, 228, 233, 236, 237, 241, 242, 246, 251, 254, 262, 265, 268]",76,74,True
53,60.20070838928223,"[0, 4, 260, 261, 263, 264, 10, 267, 269, 17, 20, 21, 25, 28, 30, 31, 32, 33, 36, 38, 40, 45, 46, 48, 51, 57, 62, 65, 70, 71, 80, 82, 85, 86, 89, 91, 98, 99, 112, 118, 120, 132, 135, 141, 142, 145, 147, 148, 152, 157, 163, 165, 169, 171, 176, 178, 181, 184, 187, 192, 195, 196, 199, 201, 206, 208, 222, 226, 227, 230, 236, 238, 245, 248, 251, 254]","[1, 4, 6, 7, 11, 12, 17, 20, 26, 27, 29, 31, 46, 48, 51, 54, 58, 66, 68, 71, 73, 77, 82, 87, 89, 93, 94, 99, 100, 102, 108, 111, 113, 116, 120, 121, 132, 133, 135, 138, 141, 143, 146, 151, 165, 168, 172, 176, 182, 183, 184, 186, 188, 194, 197, 200, 205, 206, 212, 216, 218, 221, 228, 233, 236, 237, 241, 242, 246, 251, 254, 262, 265, 268]",76,74,True
54,60.621474504470825,"[0, 4, 261, 260, 263, 8, 10, 267, 269, 15, 20, 22, 28, 32, 34, 45, 46, 50, 57, 60, 63, 67, 70, 72, 74, 76, 78, 81, 89, 91, 94, 98, 99, 105, 107, 113, 119, 120, 126, 132, 136, 139, 141, 142, 145, 150, 152, 153, 162, 164, 169, 176, 178, 184, 185, 187, 190, 193, 197, 204, 205, 211, 216, 221, 224, 225, 227, 232, 235, 236, 238, 245, 248, 250, 253]","[1, 4, 6, 7, 11, 12, 17, 20, 26, 27, 29, 31, 46, 48, 51, 54, 58, 66, 68, 71, 73, 77, 82, 87, 89, 93, 94, 99, 100, 102, 108, 111, 113, 116, 120, 121, 132, 133, 135, 138, 141, 143, 146, 151, 165, 168, 172, 176, 182, 183, 184, 186, 188, 194, 197, 200, 205, 206, 212, 216, 218, 221, 228, 233, 236, 237, 241, 242, 246, 251, 254, 262, 265, 268]",75,74,True
55,60.229055643081665,"[0, 4, 260, 261, 263, 8, 264, 11, 267, 268, 20, 21, 22, 28, 30, 33, 42, 45, 46, 49, 53, 57, 62, 70, 72, 80, 84, 86, 87, 91, 93, 96, 98, 99, 110, 112, 118, 119, 132, 134, 138, 139, 142, 145, 150, 153, 154, 157, 164, 169, 171, 176, 178, 181, 182, 184, 187, 192, 194, 196, 199, 201, 205, 208, 212, 214, 216, 222, 226, 227, 235, 236, 241, 245, 250, 253]","[1, 4, 6, 7, 11, 12, 17, 20, 26, 27, 29, 31, 46, 48, 51, 54, 58, 66, 68, 71, 73, 77, 82, 87, 89, 93, 94, 99, 100, 102, 108, 111, 113, 116, 120, 121, 132, 133, 135, 138, 141, 143, 146, 151, 165, 168, 172, 176, 182, 183, 184, 186, 188, 194, 197, 200, 205, 206, 212, 216, 218, 221, 228, 233, 236, 237, 241, 242, 246, 251, 254, 262, 265, 268]",76,74,True
56,60.118048906326294,"[0, 257, 4, 260, 261, 263, 267, 269, 17, 20, 21, 25, 30, 33, 36, 37, 44, 45, 46, 48, 51, 54, 57, 59, 62, 64, 65, 70, 72, 78, 81, 85, 87, 94, 99, 105, 107, 111, 112, 120, 126, 132, 135, 141, 142, 145, 147, 148, 151, 152, 154, 156, 163, 164, 169, 176, 178, 184, 187, 192, 196, 199, 201, 205, 208, 212, 215, 222, 226, 234, 235, 236, 237, 245, 250, 253]","[1, 4, 6, 7, 11, 12, 17, 20, 26, 27, 29, 31, 46, 48, 51, 54, 58, 66, 68, 71, 73, 77, 82, 87, 89, 93, 94, 99, 100, 102, 108, 111, 113, 116, 120, 121, 132, 133, 135, 138, 141, 143, 146, 151, 165, 168, 172, 176, 182, 183, 184, 186, 188, 194, 197, 200, 205, 206, 212, 216, 218, 221, 228, 233, 236, 237, 241, 242, 246, 251, 254, 262, 265, 268]",76,74,True
57,60.76755332946777,"[0, 256, 260, 7, 263, 264, 266, 267, 13, 14, 15, 16, 26, 33, 38, 40, 45, 46, 48, 51, 52, 54, 57, 62, 66, 70, 72, 81, 82, 85, 86, 89, 92, 98, 99, 107, 110, 112, 118, 120, 133, 136, 141, 142, 145, 150, 152, 153, 163, 164, 171, 173, 176, 178, 181, 182, 184, 185, 186, 189, 192, 196, 199, 201, 205, 208, 221, 226, 228, 231, 235, 236, 237, 241, 245, 249, 253]","[1, 4, 6, 7, 11, 12, 17, 20, 26, 27, 29, 31, 46, 48, 51, 54, 58, 66, 68, 71, 73, 77, 82, 87, 89, 93, 94, 99, 100, 102, 108, 111, 113, 116, 120, 121, 132, 133, 135, 138, 141, 143, 146, 151, 165, 168, 172, 176, 182, 183, 184, 186, 188, 194, 197, 200, 205, 206, 212, 216, 218, 221, 228, 233, 236, 237, 241, 242, 246, 251, 254, 262, 265, 268]",77,74,True
58,60.81582546234131,"[0, 256, 4, 5, 6, 7, 263, 264, 11, 267, 17, 20, 21, 25, 34, 38, 40, 45, 48, 51, 53, 57, 58, 62, 68, 72, 77, 81, 84, 87, 90, 93, 98, 99, 101, 103, 107, 110, 112, 115, 118, 120, 126, 131, 132, 136, 141, 142, 145, 150, 156, 163, 164, 169, 175, 182, 184, 189, 190, 192, 196, 199, 201, 205, 208, 212, 222, 226, 228, 230, 231, 235, 236, 241, 245, 250, 253]","[1, 4, 6, 7, 11, 12, 17, 20, 26, 27, 29, 31, 46, 48, 51, 54, 58, 66, 68, 71, 73, 77, 82, 87, 89, 93, 94, 99, 100, 102, 108, 111, 113, 116, 120, 121, 132, 133, 135, 138, 141, 143, 146, 151, 165, 168, 172, 176, 182, 183, 184, 186, 188, 194, 197, 200, 205, 206, 212, 216, 218, 221, 228, 233, 236, 237, 241, 242, 246, 251, 254, 262, 265, 268]",77,74,True
59,60.57760190963745,"[0, 263, 264, 266, 267, 13, 14, 16, 18, 27, 29, 32, 33, 45, 46, 51, 52, 57, 58, 62, 67, 70, 71, 76, 80, 88, 92, 93, 98, 99, 101, 103, 107, 110, 112, 118, 120, 122, 132, 134, 137, 141, 142, 145, 150, 152, 157, 165, 169, 171, 176, 178, 182, 184, 189, 190, 192, 196, 199, 202, 205, 208, 211, 216, 220, 224, 226, 227, 230, 231, 236, 241, 245, 246, 247, 250, 253]","[1, 4, 6, 7, 11, 12, 17, 20, 26, 27, 29, 31, 46, 48, 51, 54, 58, 66, 68, 71, 73, 77, 82, 87, 89, 93, 94, 99, 100, 102, 108, 111, 113, 116, 120, 121, 132, 133, 135, 138, 141, 143, 146, 151, 165, 168, 172, 176, 182, 183, 184, 186, 188, 194, 197, 200, 205, 206, 212, 216, 218, 221, 228, 233, 236, 237, 241, 242, 246, 251, 254, 262, 265, 268]",77,74,True
60,60.27135229110718,"[258, 260, 5, 6, 261, 264, 9, 11, 267, 17, 18, 20, 25, 27, 28, 30, 33, 38, 40, 44, 45, 48, 49, 53, 57, 60, 65, 70, 72, 81, 82, 85, 86, 87, 94, 98, 99, 110, 112, 114, 115, 119, 132, 137, 140, 142, 144, 148, 150, 154, 159, 163, 164, 168, 171, 175, 179, 180, 182, 185, 187, 193, 194, 196, 199, 201, 204, 205, 208, 227, 235, 241, 245, 250, 253]","[1, 4, 6, 7, 11, 12, 17, 20, 26, 27, 29, 31, 46, 48, 51, 54, 58, 66, 68, 71, 73, 77, 82, 87, 89, 93, 94, 99, 100, 102, 108, 111, 113, 116, 120, 121, 132, 133, 135, 138, 141, 143, 146, 151, 165, 168, 172, 176, 182, 183, 184, 186, 188, 194, 197, 200, 205, 206, 212, 216, 218, 221, 228, 233, 236, 237, 241, 242, 246, 251, 254, 262, 265, 268]",75,74,True
61,120.75366497039795,"[0, 261, 263, 8, 267, 269, 13, 15, 16, 14, 27, 29, 30, 33, 45, 46, 48, 51, 52, 53, 57, 59, 62, 67, 70, 71, 74, 78, 81, 89, 91, 99, 101, 105, 106, 110, 112, 118, 120, 126, 132, 136, 141, 142, 145, 148, 150, 151, 152, 156, 162, 165, 169, 176, 178, 184, 187, 192, 195, 196, 199, 201, 206, 208, 212, 216, 221, 226, 230, 231, 236, 241, 245, 247, 251, 253]","[1, 4, 6, 7, 11, 12, 17, 20, 26, 27, 29, 31, 46, 48, 51, 54, 58, 66, 68, 71, 73, 77, 82, 87, 89, 93, 94, 99, 100, 102, 108, 111, 113, 116, 120, 121, 132, 133, 135, 138, 141, 143, 146, 151, 165, 168, 172, 176, 182, 183, 184, 186, 188, 194, 197, 200, 205, 206, 212, 216, 218, 221, 228, 233, 236, 237, 241, 242, 246, 251, 254, 262, 265, 268]",76,74,True
62,120.3605215549469,"[0, 258, 4, 5, 6, 261, 8, 264, 260, 11, 12, 267, 20, 21, 22, 28, 29, 30, 34, 38, 42, 45, 47, 49, 53, 57, 70, 78, 81, 84, 88, 92, 93, 94, 98, 99, 110, 112, 114, 115, 119, 132, 136, 139, 142, 145, 150, 151, 153, 154, 157, 162, 164, 168, 171, 176, 179, 181, 182, 187, 192, 194, 196, 199, 201, 206, 208, 212, 215, 222, 226, 239, 241, 245, 250, 253]","[1, 4, 6, 7, 11, 12, 17, 20, 26, 27, 29, 31, 46, 48, 51, 54, 58, 66, 68, 71, 73, 77, 82, 87, 89, 93, 94, 99, 100, 102, 108, 111, 113, 116, 120, 121, 132, 133, 135, 138, 141, 143, 146, 151, 165, 168, 172, 176, 182, 183, 184, 186, 188, 194, 197, 200, 205, 206, 212, 216, 218, 221, 228, 233, 236, 237, 241, 242, 246, 251, 254, 262, 265, 268]",76,74,True
62,121.78095865249634,"[0, 259, 4, 261, 6, 8, 264, 11, 267, 13, 15, 20, 22, 29, 30, 34, 41, 42, 45, 48, 49, 53, 57, 59, 65, 70, 71, 81, 84, 86, 88, 92, 94, 98, 99, 100, 107, 110, 112, 115, 118, 129, 131, 132, 136, 139, 142, 145, 148, 150, 154, 156, 162, 165, 171, 173, 176, 182, 184, 187, 192, 196, 199, 201, 205, 208, 212, 216, 221, 226, 227, 236, 241, 245, 251, 253]","[1, 4, 6, 7, 11, 12, 17, 20, 26, 27, 29, 31, 46, 48, 51, 54, 58, 66, 68, 71, 73, 77, 82, 87, 89, 93, 94, 99, 100, 102, 108, 111, 113, 116, 120, 121, 132, 133, 135, 138, 141, 143, 146, 151, 165, 168, 172, 176, 182, 183, 184, 186, 188, 194, 197, 200, 205, 206, 212, 216, 218, 221, 228, 233, 236, 237, 241, 242, 246, 251, 254, 262, 265, 268]",76,74,True
63,121.01195001602173,"[0, 258, 260, 5, 6, 261, 8, 9, 264, 11, 267, 15, 16, 18, 26, 28, 29, 30, 33, 44, 45, 51, 52, 53, 57, 61, 67, 70, 71, 81, 85, 86, 87, 94, 98, 99, 108, 109, 110, 112, 115, 120, 132, 137, 141, 142, 145, 150, 153, 162, 165, 168, 171, 176, 179, 181, 182, 184, 185, 187, 193, 196, 199, 204, 205, 209, 212, 214, 216, 227, 232, 236, 241, 245, 250, 253]","[1, 4, 6, 7, 11, 12, 17, 20, 26, 27, 29, 31, 46, 48, 51, 54, 58, 66, 68, 71, 73, 77, 82, 87, 89, 93, 94, 99, 100, 102, 108, 111, 113, 116, 120, 121, 132, 133, 135, 138, 141, 143, 146, 151, 165, 168, 172, 176, 182, 183, 184, 186, 188, 194, 197, 200, 205, 206, 212, 216, 218, 221, 228, 233, 236, 237, 241, 242, 246, 251, 254, 262, 265, 268]",76,74,True
64,121.24142289161682,"[0, 4, 261, 263, 8, 9, 264, 267, 12, 17, 18, 20, 25, 28, 32, 33, 45, 46, 51, 57, 60, 62, 63, 67, 70, 72, 78, 80, 89, 91, 98, 99, 101, 107, 112, 115, 120, 122, 132, 134, 137, 141, 142, 145, 150, 151, 152, 153, 154, 157, 164, 169, 171, 176, 178, 182, 184, 187, 190, 193, 196, 199, 201, 204, 205, 209, 212, 216, 224, 235, 236, 238, 245, 248, 250, 253]","[1, 4, 6, 7, 11, 12, 17, 20, 26, 27, 29, 31, 46, 48, 51, 54, 58, 66, 68, 71, 73, 77, 82, 87, 89, 93, 94, 99, 100, 102, 108, 111, 113, 116, 120, 121, 132, 133, 135, 138, 141, 143, 146, 151, 165, 168, 172, 176, 182, 183, 184, 186, 188, 194, 197, 200, 205, 206, 212, 216, 218, 221, 228, 233, 236, 237, 241, 242, 246, 251, 254, 262, 265, 268]",76,74,True
65,120.42780566215515,"[256, 2, 4, 260, 6, 7, 263, 264, 11, 267, 13, 18, 20, 21, 22, 38, 40, 43, 44, 45, 48, 51, 53, 57, 60, 65, 69, 72, 81, 84, 86, 89, 92, 98, 99, 108, 110, 112, 114, 115, 120, 129, 133, 137, 139, 141, 142, 145, 150, 154, 157, 163, 164, 171, 172, 176, 178, 179, 180, 182, 186, 192, 195, 200, 201, 208, 212, 218, 226, 228, 235, 240, 241, 245, 249, 253]","[1, 4, 6, 7, 11, 12, 17, 20, 26, 27, 29, 31, 46, 48, 51, 54, 58, 66, 68, 71, 73, 77, 82, 87, 89, 93, 94, 99, 100, 102, 108, 111, 113, 116, 120, 121, 132, 133, 135, 138, 141, 143, 146, 151, 165, 168, 172, 176, 182, 183, 184, 186, 188, 194, 197, 200, 205, 206, 212, 216, 218, 221, 228, 233, 236, 237, 241, 242, 246, 251, 254, 262, 265, 268]",76,74,True
66,123.23034358024597,"[0, 256, 257, 4, 260, 7, 263, 10, 267, 13, 269, 16, 18, 20, 21, 32, 33, 35, 38, 40, 45, 46, 48, 51, 52, 57, 59, 62, 63, 65, 70, 72, 80, 85, 87, 90, 99, 103, 105, 108, 112, 120, 123, 137, 141, 142, 145, 148, 152, 154, 157, 163, 164, 169, 171, 176, 178, 182, 184, 188, 193, 196, 200, 202, 205, 209, 212, 213, 228, 235, 236, 238, 245, 248, 249, 251, 255]","[1, 4, 6, 7, 11, 12, 17, 20, 26, 27, 29, 31, 46, 48, 51, 54, 58, 66, 68, 71, 73, 77, 82, 87, 89, 93, 94, 99, 100, 102, 108, 111, 113, 116, 120, 121, 132, 133, 135, 138, 141, 143, 146, 151, 165, 168, 172, 176, 182, 183, 184, 186, 188, 194, 197, 200, 205, 206, 212, 216, 218, 221, 228, 233, 236, 237, 241, 242, 246, 251, 254, 262, 265, 268]",77,74,True
67,120.20002126693726,"[0, 258, 4, 5, 6, 261, 264, 10, 11, 267, 20, 21, 22, 30, 31, 34, 36, 37, 45, 48, 49, 51, 53, 57, 59, 70, 78, 81, 82, 84, 88, 91, 94, 98, 99, 101, 107, 109, 110, 112, 115, 132, 136, 139, 142, 145, 148, 153, 155, 157, 163, 164, 168, 170, 175, 182, 184, 187, 192, 196, 199, 201, 205, 208, 215, 217, 222, 226, 227, 234, 236, 239, 241, 245, 250, 253]","[1, 4, 6, 7, 11, 12, 17, 20, 26, 27, 29, 31, 46, 48, 51, 54, 58, 66, 68, 71, 73, 77, 82, 87, 89, 93, 94, 99, 100, 102, 108, 111, 113, 116, 120, 121, 132, 133, 135, 138, 141, 143, 146, 151, 165, 168, 172, 176, 182, 183, 184, 186, 188, 194, 197, 200, 205, 206, 212, 216, 218, 221, 228, 233, 236, 237, 241, 242, 246, 251, 254, 262, 265, 268]",76,74,True
68,120.17454385757446,"[0, 256, 4, 6, 264, 11, 12, 267, 17, 20, 21, 25, 29, 34, 43, 45, 51, 53, 57, 58, 62, 67, 68, 71, 77, 81, 82, 86, 87, 90, 93, 98, 99, 101, 107, 110, 112, 115, 120, 130, 131, 132, 134, 135, 141, 142, 145, 150, 153, 154, 157, 165, 168, 171, 173, 176, 182, 184, 189, 190, 193, 197, 201, 204, 205, 210, 216, 222, 224, 225, 228, 236, 241, 245, 250, 253]","[1, 4, 6, 7, 11, 12, 17, 20, 26, 27, 29, 31, 46, 48, 51, 54, 58, 66, 68, 71, 73, 77, 82, 87, 89, 93, 94, 99, 100, 102, 108, 111, 113, 116, 120, 121, 132, 133, 135, 138, 141, 143, 146, 151, 165, 168, 172, 176, 182, 183, 184, 186, 188, 194, 197, 200, 205, 206, 212, 216, 218, 221, 228, 233, 236, 237, 241, 242, 246, 251, 254, 262, 265, 268]",76,74,True
69,120.48158073425293,"[0, 5, 6, 261, 263, 264, 267, 15, 20, 22, 27, 28, 30, 33, 37, 45, 47, 51, 54, 57, 62, 67, 70, 72, 78, 81, 82, 87, 90, 93, 98, 99, 101, 107, 111, 112, 115, 118, 120, 131, 132, 136, 139, 141, 142, 145, 150, 151, 153, 163, 164, 169, 171, 175, 181, 182, 184, 185, 187, 193, 196, 199, 202, 205, 209, 213, 215, 221, 231, 235, 236, 237, 241, 245, 250, 253]","[1, 4, 6, 7, 11, 12, 17, 20, 26, 27, 29, 31, 46, 48, 51, 54, 58, 66, 68, 71, 73, 77, 82, 87, 89, 93, 94, 99, 100, 102, 108, 111, 113, 116, 120, 121, 132, 133, 135, 138, 141, 143, 146, 151, 165, 168, 172, 176, 182, 183, 184, 186, 188, 194, 197, 200, 205, 206, 212, 216, 218, 221, 228, 233, 236, 237, 241, 242, 246, 251, 254, 262, 265, 268]",76,74,True
70,122.54308271408081,"[0, 259, 261, 8, 9, 264, 11, 267, 16, 19, 26, 30, 33, 45, 48, 49, 53, 57, 59, 60, 62, 67, 70, 72, 78, 81, 82, 89, 91, 95, 96, 98, 100, 110, 112, 115, 118, 119, 130, 131, 132, 138, 139, 142, 144, 145, 150, 151, 153, 154, 156, 163, 164, 171, 173, 176, 182, 184, 187, 192, 194, 196, 199, 201, 206, 208, 216, 222, 226, 234, 235, 236, 241, 245, 250, 253]","[1, 4, 6, 7, 11, 12, 17, 20, 26, 27, 29, 31, 46, 48, 51, 54, 58, 66, 68, 71, 73, 77, 82, 87, 89, 93, 94, 99, 100, 102, 108, 111, 113, 116, 120, 121, 132, 133, 135, 138, 141, 143, 146, 151, 165, 168, 172, 176, 182, 183, 184, 186, 188, 194, 197, 200, 205, 206, 212, 216, 218, 221, 228, 233, 236, 237, 241, 242, 246, 251, 254, 262, 265, 268]",76,74,True
71,120.05754232406616,"[0, 258, 4, 5, 6, 7, 261, 264, 11, 12, 267, 17, 20, 21, 25, 28, 29, 34, 36, 38, 39, 45, 49, 53, 57, 59, 62, 65, 70, 71, 73, 76, 81, 85, 86, 89, 90, 98, 99, 101, 107, 110, 112, 115, 117, 119, 134, 136, 142, 144, 148, 154, 157, 165, 167, 171, 175, 182, 187, 190, 193, 197, 204, 205, 211, 214, 217, 219, 221, 227, 232, 236, 241, 245, 251, 254]","[1, 4, 6, 7, 11, 12, 17, 20, 26, 27, 29, 31, 46, 48, 51, 54, 58, 66, 68, 71, 73, 77, 82, 87, 89, 93, 94, 99, 100, 102, 108, 111, 113, 116, 120, 121, 132, 133, 135, 138, 141, 143, 146, 151, 165, 168, 172, 176, 182, 183, 184, 186, 188, 194, 197, 200, 205, 206, 212, 216, 218, 221, 228, 233, 236, 237, 241, 242, 246, 251, 254, 262, 265, 268]",76,74,True
72,120.16201663017273,"[0, 260, 261, 263, 264, 9, 10, 11, 267, 16, 18, 20, 28, 30, 32, 33, 37, 45, 46, 48, 50, 52, 57, 62, 67, 70, 72, 78, 80, 82, 85, 89, 92, 96, 98, 99, 112, 115, 119, 120, 121, 126, 132, 137, 141, 142, 145, 150, 151, 153, 157, 163, 164, 169, 176, 178, 181, 182, 184, 187, 196, 199, 201, 203, 205, 206, 208, 213, 215, 235, 236, 238, 245, 248, 250, 253]","[1, 4, 6, 7, 11, 12, 17, 20, 26, 27, 29, 31, 46, 48, 51, 54, 58, 66, 68, 71, 73, 77, 82, 87, 89, 93, 94, 99, 100, 102, 108, 111, 113, 116, 120, 121, 132, 133, 135, 138, 141, 143, 146, 151, 165, 168, 172, 176, 182, 183, 184, 186, 188, 194, 197, 200, 205, 206, 212, 216, 218, 221, 228, 233, 236, 237, 241, 242, 246, 251, 254, 262, 265, 268]",76,74,True
73,120.09966945648193,"[0, 260, 261, 264, 10, 11, 268, 267, 17, 20, 21, 25, 27, 30, 33, 38, 40, 45, 48, 49, 53, 57, 59, 65, 67, 70, 72, 73, 78, 81, 82, 88, 90, 93, 94, 96, 98, 99, 107, 110, 112, 119, 130, 131, 132, 137, 142, 144, 150, 151, 155, 163, 164, 167, 171, 173, 176, 182, 184, 185, 187, 192, 196, 199, 201, 205, 208, 220, 226, 234, 235, 236, 241, 245, 250, 253]","[1, 4, 6, 7, 11, 12, 17, 20, 26, 27, 29, 31, 46, 48, 51, 54, 58, 66, 68, 71, 73, 77, 82, 87, 89, 93, 94, 99, 100, 102, 108, 111, 113, 116, 120, 121, 132, 133, 135, 138, 141, 143, 146, 151, 165, 168, 172, 176, 182, 183, 184, 186, 188, 194, 197, 200, 205, 206, 212, 216, 218, 221, 228, 233, 236, 237, 241, 242, 246, 251, 254, 262, 265, 268]",76,74,True
74,120.65592241287231,"[258, 260, 5, 261, 6, 264, 9, 11, 267, 18, 20, 22, 27, 28, 30, 33, 38, 40, 45, 48, 51, 53, 57, 60, 62, 67, 70, 72, 78, 81, 82, 88, 91, 98, 99, 110, 112, 114, 115, 118, 120, 132, 137, 139, 141, 142, 145, 150, 151, 153, 154, 156, 159, 163, 164, 168, 171, 175, 179, 180, 182, 187, 193, 194, 196, 199, 201, 204, 205, 208, 235, 241, 245, 250, 253]","[1, 4, 6, 7, 11, 12, 17, 20, 26, 27, 29, 31, 46, 48, 51, 54, 58, 66, 68, 71, 73, 77, 82, 87, 89, 93, 94, 99, 100, 102, 108, 111, 113, 116, 120, 121, 132, 133, 135, 138, 141, 143, 146, 151, 165, 168, 172, 176, 182, 183, 184, 186, 188, 194, 197, 200, 205, 206, 212, 216, 218, 221, 228, 233, 236, 237, 241, 242, 246, 251, 254, 262, 265, 268]",75,74,True
75,120.20281481742859,"[0, 4, 261, 260, 263, 264, 266, 11, 267, 20, 21, 22, 28, 29, 30, 34, 43, 45, 46, 51, 53, 57, 60, 67, 70, 71, 76, 78, 81, 85, 87, 94, 98, 99, 108, 110, 112, 118, 120, 132, 134, 136, 139, 141, 142, 145, 147, 150, 152, 153, 154, 156, 165, 169, 171, 176, 178, 184, 187, 190, 193, 200, 204, 205, 211, 216, 222, 224, 227, 232, 236, 241, 245, 250, 253]","[1, 4, 6, 7, 11, 12, 17, 20, 26, 27, 29, 31, 46, 48, 51, 54, 58, 66, 68, 71, 73, 77, 82, 87, 89, 93, 94, 99, 100, 102, 108, 111, 113, 116, 120, 121, 132, 133, 135, 138, 141, 143, 146, 151, 165, 168, 172, 176, 182, 183, 184, 186, 188, 194, 197, 200, 205, 206, 212, 216, 218, 221, 228, 233, 236, 237, 241, 242, 246, 251, 254, 262, 265, 268]",75,74,True
76,120.22816133499146,"[0, 256, 4, 260, 263, 8, 264, 267, 17, 20, 21, 25, 29, 34, 35, 45, 51, 53, 54, 57, 58, 60, 68, 71, 76, 77, 81, 85, 86, 87, 94, 96, 98, 99, 107, 110, 112, 115, 118, 120, 130, 136, 141, 142, 145, 148, 153, 156, 163, 165, 169, 171, 176, 178, 182, 184, 189, 190, 193, 197, 204, 205, 211, 216, 219, 221, 224, 225, 228, 231, 232, 236, 241, 245, 251, 254]","[1, 4, 6, 7, 11, 12, 17, 20, 26, 27, 29, 31, 46, 48, 51, 54, 58, 66, 68, 71, 73, 77, 82, 87, 89, 93, 94, 99, 100, 102, 108, 111, 113, 116, 120, 121, 132, 133, 135, 138, 141, 143, 146, 151, 165, 168, 172, 176, 182, 183, 184, 186, 188, 194, 197, 200, 205, 206, 212, 216, 218, 221, 228, 233, 236, 237, 241, 242, 246, 251, 254, 262, 265, 268]",76,74,True
77,120.62806224822998,"[0, 260, 261, 263, 10, 267, 269, 15, 20, 22, 27, 28, 29, 30, 33, 42, 45, 46, 49, 54, 57, 60, 62, 67, 70, 71, 74, 76, 78, 81, 87, 91, 97, 99, 105, 107, 113, 118, 132, 134, 136, 139, 142, 145, 150, 152, 153, 155, 165, 169, 171, 176, 178, 184, 185, 187, 190, 193, 196, 199, 204, 205, 211, 215, 216, 221, 227, 230, 232, 236, 237, 245, 248, 250, 253]","[1, 4, 6, 7, 11, 12, 17, 20, 26, 27, 29, 31, 46, 48, 51, 54, 58, 66, 68, 71, 73, 77, 82, 87, 89, 93, 94, 99, 100, 102, 108, 111, 113, 116, 120, 121, 132, 133, 135, 138, 141, 143, 146, 151, 165, 168, 172, 176, 182, 183, 184, 186, 188, 194, 197, 200, 205, 206, 212, 216, 218, 221, 228, 233, 236, 237, 241, 242, 246, 251, 254, 262, 265, 268]",75,74,True
78,120.31255006790161,"[0, 259, 4, 261, 6, 8, 264, 10, 267, 13, 16, 20, 21, 29, 30, 32, 33, 45, 46, 48, 50, 52, 57, 59, 62, 65, 67, 70, 80, 82, 85, 89, 92, 98, 99, 101, 103, 108, 112, 115, 119, 120, 131, 132, 136, 141, 142, 145, 150, 157, 163, 164, 171, 173, 176, 182, 184, 187, 192, 195, 196, 199, 201, 208, 216, 222, 226, 227, 230, 236, 238, 239, 245, 248, 250, 253]","[1, 4, 6, 7, 11, 12, 17, 20, 26, 27, 29, 31, 46, 48, 51, 54, 58, 66, 68, 71, 73, 77, 82, 87, 89, 93, 94, 99, 100, 102, 108, 111, 113, 116, 120, 121, 132, 133, 135, 138, 141, 143, 146, 151, 165, 168, 172, 176, 182, 183, 184, 186, 188, 194, 197, 200, 205, 206, 212, 216, 218, 221, 228, 233, 236, 237, 241, 242, 246, 251, 254, 262, 265, 268]",76,74,True
79,120.27596116065979,"[0, 258, 5, 6, 7, 261, 264, 11, 267, 14, 16, 27, 28, 33, 38, 40, 45, 48, 49, 51, 53, 57, 60, 62, 67, 70, 72, 80, 82, 86, 89, 91, 98, 99, 101, 110, 112, 115, 117, 118, 119, 132, 138, 139, 142, 145, 150, 153, 154, 157, 163, 164, 168, 171, 175, 179, 182, 187, 190, 192, 194, 196, 199, 201, 206, 208, 220, 222, 226, 227, 235, 236, 241, 245, 250, 253]","[1, 4, 6, 7, 11, 12, 17, 20, 26, 27, 29, 31, 46, 48, 51, 54, 58, 66, 68, 71, 73, 77, 82, 87, 89, 93, 94, 99, 100, 102, 108, 111, 113, 116, 120, 121, 132, 133, 135, 138, 141, 143, 146, 151, 165, 168, 172, 176, 182, 183, 184, 186, 188, 194, 197, 200, 205, 206, 212, 216, 218, 221, 228, 233, 236, 237, 241, 242, 246, 251, 254, 262, 265, 268]",76,74,True
80,240.8564739227295,"[0, 3, 260, 261, 263, 264, 10, 11, 267, 268, 15, 16, 18, 26, 43, 45, 46, 50, 52, 53, 57, 58, 67, 68, 72, 76, 78, 81, 88, 92, 93, 96, 98, 99, 108, 110, 112, 119, 120, 122, 132, 134, 137, 141, 142, 145, 150, 153, 157, 164, 169, 171, 176, 178, 182, 184, 189, 190, 193, 200, 204, 205, 211, 216, 220, 224, 227, 232, 234, 235, 236, 240, 241, 245, 250, 253]","[1, 4, 6, 7, 11, 12, 17, 20, 26, 27, 29, 31, 46, 48, 51, 54, 58, 66, 68, 71, 73, 77, 82, 87, 89, 93, 94, 99, 100, 102, 108, 111, 113, 116, 120, 121, 132, 133, 135, 138, 141, 143, 146, 151, 165, 168, 172, 176, 182, 183, 184, 186, 188, 194, 197, 200, 205, 206, 212, 216, 218, 221, 228, 233, 236, 237, 241, 242, 246, 251, 254, 262, 265, 268]",76,74,True
81,240.1370701789856,"[256, 258, 260, 5, 6, 264, 9, 11, 267, 16, 18, 20, 26, 28, 30, 33, 38, 40, 45, 48, 51, 52, 53, 57, 60, 62, 65, 67, 69, 72, 81, 86, 89, 91, 98, 99, 108, 110, 112, 114, 115, 118, 120, 133, 137, 141, 142, 145, 150, 156, 159, 163, 164, 168, 171, 176, 179, 180, 182, 187, 193, 196, 199, 202, 205, 209, 212, 213, 218, 228, 231, 235, 241, 245, 249, 253]","[1, 4, 6, 7, 11, 12, 17, 20, 26, 27, 29, 31, 46, 48, 51, 54, 58, 66, 68, 71, 73, 77, 82, 87, 89, 93, 94, 99, 100, 102, 108, 111, 113, 116, 120, 121, 132, 133, 135, 138, 141, 143, 146, 151, 165, 168, 172, 176, 182, 183, 184, 186, 188, 194, 197, 200, 205, 206, 212, 216, 218, 221, 228, 233, 236, 237, 241, 242, 246, 251, 254, 262, 265, 268]",76,74,True
82,241.80098962783813,"[2, 4, 261, 6, 263, 264, 11, 267, 16, 20, 21, 28, 30, 44, 45, 47, 51, 53, 57, 70, 72, 76, 81, 84, 86, 88, 92, 93, 98, 99, 101, 107, 109, 110, 112, 115, 116, 120, 129, 132, 134, 138, 139, 141, 142, 145, 150, 153, 157, 164, 169, 171, 175, 178, 181, 182, 183, 187, 193, 196, 199, 204, 205, 211, 215, 222, 227, 232, 235, 236, 240, 241, 245, 250, 253]","[1, 4, 6, 7, 11, 12, 17, 20, 26, 27, 29, 31, 46, 48, 51, 54, 58, 66, 68, 71, 73, 77, 82, 87, 89, 93, 94, 99, 100, 102, 108, 111, 113, 116, 120, 121, 132, 133, 135, 138, 141, 143, 146, 151, 165, 168, 172, 176, 182, 183, 184, 186, 188, 194, 197, 200, 205, 206, 212, 216, 218, 221, 228, 233, 236, 237, 241, 242, 246, 251, 254, 262, 265, 268]",75,74,True
83,242.45277738571167,"[1, 261, 263, 264, 10, 11, 267, 268, 15, 22, 23, 27, 28, 30, 33, 37, 42, 45, 46, 49, 53, 57, 60, 67, 70, 72, 78, 81, 85, 87, 94, 96, 98, 99, 101, 108, 109, 112, 117, 127, 129, 132, 136, 139, 145, 150, 151, 153, 155, 163, 164, 169, 171, 176, 178, 182, 184, 185, 187, 190, 192, 195, 196, 199, 201, 208, 212, 215, 221, 226, 235, 236, 238, 248, 250, 253]","[1, 4, 6, 7, 11, 12, 17, 20, 26, 27, 29, 31, 46, 48, 51, 54, 58, 66, 68, 71, 73, 77, 82, 87, 89, 93, 94, 99, 100, 102, 108, 111, 113, 116, 120, 121, 132, 133, 135, 138, 141, 143, 146, 151, 165, 168, 172, 176, 182, 183, 184, 186, 188, 194, 197, 200, 205, 206, 212, 216, 218, 221, 228, 233, 236, 237, 241, 242, 246, 251, 254, 262, 265, 268]",76,74,True
84,240.1582419872284,"[0, 4, 5, 6, 261, 8, 263, 10, 11, 264, 267, 16, 19, 25, 26, 28, 29, 30, 33, 45, 50, 53, 57, 62, 70, 71, 80, 85, 86, 89, 91, 98, 99, 101, 110, 112, 115, 119, 120, 126, 132, 136, 140, 142, 145, 148, 150, 153, 157, 162, 165, 169, 175, 178, 181, 182, 184, 187, 192, 194, 196, 199, 201, 206, 208, 212, 214, 216, 221, 226, 227, 236, 241, 245, 250, 253]","[1, 4, 6, 7, 11, 12, 17, 20, 26, 27, 29, 31, 46, 48, 51, 54, 58, 66, 68, 71, 73, 77, 82, 87, 89, 93, 94, 99, 100, 102, 108, 111, 113, 116, 120, 121, 132, 133, 135, 138, 141, 143, 146, 151, 165, 168, 172, 176, 182, 183, 184, 186, 188, 194, 197, 200, 205, 206, 212, 216, 218, 221, 228, 233, 236, 237, 241, 242, 246, 251, 254, 262, 265, 268]",76,74,True
85,240.51957726478577,"[0, 258, 5, 6, 261, 264, 9, 10, 11, 263, 267, 16, 19, 26, 28, 29, 33, 37, 43, 45, 50, 53, 57, 60, 62, 65, 67, 70, 71, 78, 81, 82, 89, 91, 98, 99, 101, 110, 112, 115, 119, 120, 126, 132, 135, 138, 140, 142, 145, 150, 151, 157, 163, 165, 169, 175, 182, 184, 187, 190, 192, 194, 197, 201, 206, 208, 216, 222, 224, 225, 226, 236, 241, 245, 250, 253]","[1, 4, 6, 7, 11, 12, 17, 20, 26, 27, 29, 31, 46, 48, 51, 54, 58, 66, 68, 71, 73, 77, 82, 87, 89, 93, 94, 99, 100, 102, 108, 111, 113, 116, 120, 121, 132, 133, 135, 138, 141, 143, 146, 151, 165, 168, 172, 176, 182, 183, 184, 186, 188, 194, 197, 200, 205, 206, 212, 216, 218, 221, 228, 233, 236, 237, 241, 242, 246, 251, 254, 262, 265, 268]",76,74,True
86,240.48079895973206,"[0, 4, 5, 6, 7, 264, 267, 13, 15, 22, 23, 29, 33, 36, 45, 49, 51, 53, 57, 58, 62, 67, 70, 71, 76, 81, 89, 91, 98, 99, 101, 103, 107, 110, 112, 115, 118, 120, 131, 132, 134, 136, 139, 142, 145, 148, 156, 165, 167, 171, 175, 182, 184, 188, 190, 193, 196, 199, 204, 205, 211, 216, 217, 221, 224, 227, 230, 231, 232, 236, 241, 245, 246, 247, 250, 253]","[1, 4, 6, 7, 11, 12, 17, 20, 26, 27, 29, 31, 46, 48, 51, 54, 58, 66, 68, 71, 73, 77, 82, 87, 89, 93, 94, 99, 100, 102, 108, 111, 113, 116, 120, 121, 132, 133, 135, 138, 141, 143, 146, 151, 165, 168, 172, 176, 182, 183, 184, 186, 188, 194, 197, 200, 205, 206, 212, 216, 218, 221, 228, 233, 236, 237, 241, 242, 246, 251, 254, 262, 265, 268]",76,74,True
87,240.53381633758545,"[0, 4, 260, 261, 263, 264, 10, 267, 268, 15, 22, 23, 29, 30, 32, 33, 37, 42, 45, 46, 48, 49, 57, 59, 65, 70, 71, 78, 81, 82, 85, 88, 92, 96, 98, 99, 112, 132, 136, 139, 142, 145, 148, 150, 151, 154, 155, 163, 165, 171, 173, 176, 178, 182, 184, 185, 187, 192, 194, 196, 199, 201, 206, 208, 215, 221, 226, 230, 234, 236, 238, 240, 245, 248, 251, 253]","[1, 4, 6, 7, 11, 12, 17, 20, 26, 27, 29, 31, 46, 48, 51, 54, 58, 66, 68, 71, 73, 77, 82, 87, 89, 93, 94, 99, 100, 102, 108, 111, 113, 116, 120, 121, 132, 133, 135, 138, 141, 143, 146, 151, 165, 168, 172, 176, 182, 183, 184, 186, 188, 194, 197, 200, 205, 206, 212, 216, 218, 221, 228, 233, 236, 237, 241, 242, 246, 251, 254, 262, 265, 268]",76,74,True
88,240.53401517868042,"[0, 4, 261, 263, 10, 11, 267, 13, 269, 15, 22, 23, 30, 33, 43, 45, 46, 50, 53, 57, 59, 70, 72, 74, 78, 81, 82, 85, 88, 91, 94, 97, 99, 101, 105, 108, 110, 113, 119, 120, 132, 134, 136, 139, 140, 142, 144, 148, 150, 151, 152, 153, 164, 169, 171, 176, 178, 184, 185, 187, 190, 193, 200, 204, 205, 210, 216, 221, 224, 226, 235, 236, 241, 245, 250, 253]","[1, 4, 6, 7, 11, 12, 17, 20, 26, 27, 29, 31, 46, 48, 51, 54, 58, 66, 68, 71, 73, 77, 82, 87, 89, 93, 94, 99, 100, 102, 108, 111, 113, 116, 120, 121, 132, 133, 135, 138, 141, 143, 146, 151, 165, 168, 172, 176, 182, 183, 184, 186, 188, 194, 197, 200, 205, 206, 212, 216, 218, 221, 228, 233, 236, 237, 241, 242, 246, 251, 254, 262, 265, 268]",76,74,True
89,240.2976531982422,"[0, 4, 261, 263, 264, 10, 11, 267, 268, 20, 21, 22, 28, 29, 30, 32, 33, 39, 42, 45, 46, 49, 57, 60, 65, 67, 70, 71, 76, 78, 81, 87, 91, 94, 98, 99, 101, 108, 112, 132, 134, 136, 139, 142, 145, 147, 150, 151, 152, 154, 155, 165, 169, 171, 176, 178, 184, 185, 187, 190, 193, 197, 204, 205, 211, 216, 221, 224, 232, 236, 238, 245, 248, 250, 253]","[1, 4, 6, 7, 11, 12, 17, 20, 26, 27, 29, 31, 46, 48, 51, 54, 58, 66, 68, 71, 73, 77, 82, 87, 89, 93, 94, 99, 100, 102, 108, 111, 113, 116, 120, 121, 132, 133, 135, 138, 141, 143, 146, 151, 165, 168, 172, 176, 182, 183, 184, 186, 188, 194, 197, 200, 205, 206, 212, 216, 218, 221, 228, 233, 236, 237, 241, 242, 246, 251, 254, 262, 265, 268]",75,74,True
90,241.26503086090088,"[0, 4, 260, 261, 263, 10, 11, 267, 269, 16, 20, 21, 28, 29, 30, 32, 34, 43, 45, 46, 51, 52, 57, 60, 65, 67, 70, 71, 81, 82, 85, 86, 87, 94, 97, 99, 105, 107, 112, 120, 132, 134, 136, 141, 142, 145, 147, 150, 152, 154, 156, 165, 169, 171, 176, 178, 184, 187, 190, 193, 200, 204, 205, 210, 216, 221, 224, 226, 227, 236, 238, 245, 248, 250, 253]","[1, 4, 6, 7, 11, 12, 17, 20, 26, 27, 29, 31, 46, 48, 51, 54, 58, 66, 68, 71, 73, 77, 82, 87, 89, 93, 94, 99, 100, 102, 108, 111, 113, 116, 120, 121, 132, 133, 135, 138, 141, 143, 146, 151, 165, 168, 172, 176, 182, 183, 184, 186, 188, 194, 197, 200, 205, 206, 212, 216, 218, 221, 228, 233, 236, 237, 241, 242, 246, 251, 254, 262, 265, 268]",75,74,True
91,241.07889032363892,"[0, 4, 261, 263, 264, 267, 16, 18, 20, 21, 29, 30, 32, 33, 37, 45, 46, 48, 51, 52, 57, 59, 62, 70, 71, 81, 82, 84, 86, 88, 92, 98, 99, 101, 110, 112, 115, 118, 120, 126, 132, 137, 141, 142, 145, 147, 148, 150, 152, 163, 165, 169, 176, 178, 184, 185, 187, 192, 194, 196, 199, 201, 205, 208, 215, 226, 227, 230, 231, 234, 236, 238, 241, 245, 250, 253]","[1, 4, 6, 7, 11, 12, 17, 20, 26, 27, 29, 31, 46, 48, 51, 54, 58, 66, 68, 71, 73, 77, 82, 87, 89, 93, 94, 99, 100, 102, 108, 111, 113, 116, 120, 121, 132, 133, 135, 138, 141, 143, 146, 151, 165, 168, 172, 176, 182, 183, 184, 186, 188, 194, 197, 200, 205, 206, 212, 216, 218, 221, 228, 233, 236, 237, 241, 242, 246, 251, 254, 262, 265, 268]",76,74,True
92,240.5176351070404,"[0, 4, 261, 6, 264, 10, 11, 267, 20, 21, 22, 28, 33, 43, 45, 49, 51, 53, 57, 60, 62, 67, 70, 72, 76, 78, 80, 88, 91, 98, 99, 101, 107, 109, 110, 112, 115, 120, 122, 129, 131, 132, 134, 138, 139, 142, 145, 150, 151, 153, 157, 164, 168, 171, 173, 176, 182, 184, 187, 190, 193, 200, 204, 205, 211, 216, 222, 224, 232, 235, 236, 241, 245, 250, 253]","[1, 4, 6, 7, 11, 12, 17, 20, 26, 27, 29, 31, 46, 48, 51, 54, 58, 66, 68, 71, 73, 77, 82, 87, 89, 93, 94, 99, 100, 102, 108, 111, 113, 116, 120, 121, 132, 133, 135, 138, 141, 143, 146, 151, 165, 168, 172, 176, 182, 183, 184, 186, 188, 194, 197, 200, 205, 206, 212, 216, 218, 221, 228, 233, 236, 237, 241, 242, 246, 251, 254, 262, 265, 268]",75,74,True
93,241.96561861038208,"[0, 260, 261, 263, 9, 267, 269, 14, 16, 18, 27, 28, 29, 30, 32, 33, 39, 45, 46, 51, 52, 57, 60, 64, 67, 70, 71, 74, 76, 81, 86, 89, 91, 94, 99, 105, 106, 108, 111, 113, 118, 120, 132, 134, 137, 141, 142, 145, 150, 152, 165, 169, 171, 176, 178, 184, 185, 187, 190, 193, 197, 204, 205, 211, 216, 224, 227, 230, 231, 232, 236, 237, 245, 250, 253]","[1, 4, 6, 7, 11, 12, 17, 20, 26, 27, 29, 31, 46, 48, 51, 54, 58, 66, 68, 71, 73, 77, 82, 87, 89, 93, 94, 99, 100, 102, 108, 111, 113, 116, 120, 121, 132, 133, 135, 138, 141, 143, 146, 151, 165, 168, 172, 176, 182, 183, 184, 186, 188, 194, 197, 200, 205, 206, 212, 216, 218, 221, 228, 233, 236, 237, 241, 242, 246, 251, 254, 262, 265, 268]",75,74,True
94,240.1891541481018,"[0, 261, 263, 264, 9, 10, 11, 267, 268, 17, 18, 20, 25, 26, 28, 30, 33, 43, 45, 46, 49, 51, 53, 57, 60, 62, 67, 70, 72, 73, 76, 81, 86, 88, 91, 96, 98, 99, 101, 107, 109, 112, 120, 132, 134, 137, 142, 150, 153, 156, 164, 169, 171, 176, 178, 182, 184, 187, 190, 193, 200, 204, 205, 211, 216, 224, 227, 232, 235, 236, 238, 245, 248, 250, 253]","[1, 4, 6, 7, 11, 12, 17, 20, 26, 27, 29, 31, 46, 48, 51, 54, 58, 66, 68, 71, 73, 77, 82, 87, 89, 93, 94, 99, 100, 102, 108, 111, 113, 116, 120, 121, 132, 133, 135, 138, 141, 143, 146, 151, 165, 168, 172, 176, 182, 183, 184, 186, 188, 194, 197, 200, 205, 206, 212, 216, 218, 221, 228, 233, 236, 237, 241, 242, 246, 251, 254, 262, 265, 268]",75,74,True
95,242.42384576797485,"[0, 261, 7, 263, 264, 10, 11, 267, 268, 14, 16, 27, 28, 33, 45, 51, 52, 53, 57, 60, 65, 67, 70, 72, 76, 81, 86, 87, 91, 94, 96, 98, 99, 101, 108, 109, 110, 112, 120, 130, 132, 134, 137, 138, 141, 142, 145, 150, 164, 171, 173, 176, 178, 182, 184, 185, 187, 190, 192, 195, 196, 199, 201, 208, 212, 216, 220, 224, 226, 227, 235, 236, 241, 245, 250, 253]","[1, 4, 6, 7, 11, 12, 17, 20, 26, 27, 29, 31, 46, 48, 51, 54, 58, 66, 68, 71, 73, 77, 82, 87, 89, 93, 94, 99, 100, 102, 108, 111, 113, 116, 120, 121, 132, 133, 135, 138, 141, 143, 146, 151, 165, 168, 172, 176, 182, 183, 184, 186, 188, 194, 197, 200, 205, 206, 212, 216, 218, 221, 228, 233, 236, 237, 241, 242, 246, 251, 254, 262, 265, 268]",76,74,True
96,240.57806158065796,"[0, 4, 5, 6, 261, 264, 267, 17, 20, 21, 25, 28, 30, 31, 32, 34, 40, 45, 47, 49, 51, 57, 62, 70, 71, 73, 79, 81, 85, 86, 89, 91, 98, 99, 101, 110, 112, 115, 118, 120, 131, 132, 134, 135, 142, 148, 150, 165, 167, 171, 175, 181, 182, 183, 185, 187, 192, 194, 200, 201, 205, 208, 212, 217, 222, 224, 226, 227, 230, 231, 236, 241, 245, 247, 251, 253]","[1, 4, 6, 7, 11, 12, 17, 20, 26, 27, 29, 31, 46, 48, 51, 54, 58, 66, 68, 71, 73, 77, 82, 87, 89, 93, 94, 99, 100, 102, 108, 111, 113, 116, 120, 121, 132, 133, 135, 138, 141, 143, 146, 151, 165, 168, 172, 176, 182, 183, 184, 186, 188, 194, 197, 200, 205, 206, 212, 216, 218, 221, 228, 233, 236, 237, 241, 242, 246, 251, 254, 262, 265, 268]",76,74,True
97,241.15867400169373,"[0, 4, 261, 263, 264, 267, 269, 15, 20, 22, 28, 29, 30, 34, 38, 40, 45, 46, 48, 51, 53, 54, 57, 62, 65, 70, 71, 74, 81, 85, 86, 89, 90, 98, 99, 101, 110, 113, 118, 120, 126, 132, 136, 139, 141, 142, 145, 148, 150, 152, 156, 163, 165, 169, 176, 178, 181, 184, 187, 192, 195, 196, 199, 201, 206, 208, 212, 221, 226, 227, 231, 236, 241, 245, 250, 253]","[1, 4, 6, 7, 11, 12, 17, 20, 26, 27, 29, 31, 46, 48, 51, 54, 58, 66, 68, 71, 73, 77, 82, 87, 89, 93, 94, 99, 100, 102, 108, 111, 113, 116, 120, 121, 132, 133, 135, 138, 141, 143, 146, 151, 165, 168, 172, 176, 182, 183, 184, 186, 188, 194, 197, 200, 205, 206, 212, 216, 218, 221, 228, 233, 236, 237, 241, 242, 246, 251, 254, 262, 265, 268]",76,74,True
98,240.74816298484802,"[0, 4, 261, 260, 7, 263, 264, 11, 267, 269, 17, 20, 21, 25, 28, 29, 34, 36, 39, 44, 45, 46, 51, 53, 57, 60, 70, 71, 74, 76, 81, 85, 86, 87, 94, 98, 99, 107, 110, 120, 134, 136, 141, 142, 145, 148, 152, 153, 154, 157, 166, 169, 171, 176, 178, 184, 187, 190, 193, 197, 204, 205, 211, 214, 216, 219, 222, 227, 229, 232, 236, 241, 245, 251, 254]","[1, 4, 6, 7, 11, 12, 17, 20, 26, 27, 29, 31, 46, 48, 51, 54, 58, 66, 68, 71, 73, 77, 82, 87, 89, 93, 94, 99, 100, 102, 108, 111, 113, 116, 120, 121, 132, 133, 135, 138, 141, 143, 146, 151, 165, 168, 172, 176, 182, 183, 184, 186, 188, 194, 197, 200, 205, 206, 212, 216, 218, 221, 228, 233, 236, 237, 241, 242, 246, 251, 254, 262, 265, 268]",75,74,True
99,240.49432134628296,"[0, 258, 4, 5, 6, 261, 264, 11, 12, 267, 16, 20, 21, 28, 29, 30, 33, 38, 45, 47, 51, 52, 53, 57, 62, 65, 67, 70, 76, 78, 80, 89, 91, 93, 98, 99, 101, 107, 110, 112, 115, 120, 132, 138, 141, 142, 145, 150, 151, 154, 157, 162, 164, 168, 171, 175, 179, 181, 182, 187, 193, 196, 199, 204, 205, 211, 215, 222, 232, 236, 239, 241, 245, 250, 253]","[1, 4, 6, 7, 11, 12, 17, 20, 26, 27, 29, 31, 46, 48, 51, 54, 58, 66, 68, 71, 73, 77, 82, 87, 89, 93, 94, 99, 100, 102, 108, 111, 113, 116, 120, 121, 132, 133, 135, 138, 141, 143, 146, 151, 165, 168, 172, 176, 182, 183, 184, 186, 188, 194, 197, 200, 205, 206, 212, 216, 218, 221, 228, 233, 236, 237, 241, 242, 246, 251, 254, 262, 265, 268]",75,74,True
100,480.1141698360443,"[0, 259, 4, 261, 267, 268, 13, 17, 20, 21, 25, 30, 31, 32, 34, 36, 37, 45, 48, 49, 51, 57, 59, 70, 73, 81, 82, 84, 86, 88, 90, 94, 95, 96, 98, 100, 105, 112, 118, 120, 130, 131, 132, 135, 142, 148, 157, 163, 164, 171, 173, 176, 182, 184, 187, 192, 195, 196, 199, 201, 206, 208, 215, 222, 226, 227, 230, 231, 236, 238, 239, 241, 245, 248, 250, 253]","[1, 4, 6, 7, 11, 12, 17, 20, 26, 27, 29, 31, 46, 48, 51, 54, 58, 66, 68, 71, 73, 77, 82, 87, 89, 93, 94, 99, 100, 102, 108, 111, 113, 116, 120, 121, 132, 133, 135, 138, 141, 143, 146, 151, 165, 168, 172, 176, 182, 183, 184, 186, 188, 194, 197, 200, 205, 206, 212, 216, 218, 221, 228, 233, 236, 237, 241, 242, 246, 251, 254, 262, 265, 268]",76,74,True
101,480.9977672100067,"[0, 261, 6, 264, 267, 14, 16, 27, 28, 30, 32, 33, 37, 44, 45, 46, 48, 49, 51, 57, 59, 62, 63, 65, 67, 70, 72, 78, 81, 85, 89, 91, 98, 99, 101, 109, 112, 115, 120, 131, 132, 137, 138, 139, 142, 145, 150, 151, 156, 163, 164, 168, 171, 173, 176, 182, 184, 187, 192, 195, 196, 199, 201, 206, 208, 212, 215, 220, 226, 235, 236, 238, 245, 248, 250, 253]","[1, 4, 6, 7, 11, 12, 17, 20, 26, 27, 29, 31, 46, 48, 51, 54, 58, 66, 68, 71, 73, 77, 82, 87, 89, 93, 94, 99, 100, 102, 108, 111, 113, 116, 120, 121, 132, 133, 135, 138, 141, 143, 146, 151, 165, 168, 172, 176, 182, 183, 184, 186, 188, 194, 197, 200, 205, 206, 212, 216, 218, 221, 228, 233, 236, 237, 241, 242, 246, 251, 254, 262, 265, 268]",76,74,True
102,481.39888644218445,"[0, 4, 261, 6, 260, 264, 263, 267, 13, 15, 22, 23, 29, 30, 33, 37, 42, 45, 46, 48, 49, 53, 54, 57, 59, 65, 70, 71, 81, 82, 84, 88, 92, 98, 99, 103, 108, 110, 112, 115, 118, 120, 132, 136, 139, 142, 145, 148, 150, 157, 162, 165, 169, 171, 176, 178, 182, 184, 187, 193, 196, 199, 204, 205, 210, 215, 221, 226, 227, 231, 236, 240, 241, 245, 250, 253]","[1, 4, 6, 7, 11, 12, 17, 20, 26, 27, 29, 31, 46, 48, 51, 54, 58, 66, 68, 71, 73, 77, 82, 87, 89, 93, 94, 99, 100, 102, 108, 111, 113, 116, 120, 121, 132, 133, 135, 138, 141, 143, 146, 151, 165, 168, 172, 176, 182, 183, 184, 186, 188, 194, 197, 200, 205, 206, 212, 216, 218, 221, 228, 233, 236, 237, 241, 242, 246, 251, 254, 262, 265, 268]",76,74,True
103,480.4566402435303,"[0, 260, 261, 263, 8, 11, 267, 269, 15, 22, 23, 27, 28, 33, 45, 46, 49, 53, 55, 57, 60, 62, 67, 70, 72, 73, 74, 76, 81, 86, 87, 91, 98, 99, 105, 107, 110, 113, 118, 119, 126, 132, 136, 139, 144, 150, 152, 153, 154, 156, 162, 164, 169, 176, 178, 184, 187, 190, 193, 197, 204, 205, 211, 216, 221, 224, 225, 227, 232, 235, 236, 241, 245, 250, 253]","[1, 4, 6, 7, 11, 12, 17, 20, 26, 27, 29, 31, 46, 48, 51, 54, 58, 66, 68, 71, 73, 77, 82, 87, 89, 93, 94, 99, 100, 102, 108, 111, 113, 116, 120, 121, 132, 133, 135, 138, 141, 143, 146, 151, 165, 168, 172, 176, 182, 183, 184, 186, 188, 194, 197, 200, 205, 206, 212, 216, 218, 221, 228, 233, 236, 237, 241, 242, 246, 251, 254, 262, 265, 268]",75,74,True
104,480.5653796195984,"[0, 4, 261, 260, 263, 267, 269, 14, 15, 16, 28, 32, 34, 45, 46, 51, 52, 57, 60, 62, 64, 67, 70, 72, 76, 78, 81, 88, 91, 99, 105, 106, 107, 112, 118, 120, 132, 134, 136, 141, 142, 145, 147, 150, 151, 152, 157, 164, 169, 171, 176, 178, 184, 187, 190, 193, 196, 197, 204, 205, 211, 216, 221, 224, 225, 230, 231, 232, 235, 236, 238, 245, 248, 250, 253]","[1, 4, 6, 7, 11, 12, 17, 20, 26, 27, 29, 31, 46, 48, 51, 54, 58, 66, 68, 71, 73, 77, 82, 87, 89, 93, 94, 99, 100, 102, 108, 111, 113, 116, 120, 121, 132, 133, 135, 138, 141, 143, 146, 151, 165, 168, 172, 176, 182, 183, 184, 186, 188, 194, 197, 200, 205, 206, 212, 216, 218, 221, 228, 233, 236, 237, 241, 242, 246, 251, 254, 262, 265, 268]",75,74,True
105,480.4647297859192,"[0, 4, 261, 263, 10, 267, 269, 15, 22, 23, 28, 29, 30, 32, 34, 36, 42, 43, 45, 46, 49, 57, 60, 70, 71, 78, 81, 82, 85, 87, 94, 99, 101, 105, 106, 107, 112, 119, 132, 134, 136, 139, 142, 145, 147, 148, 152, 153, 154, 165, 169, 171, 176, 178, 184, 185, 187, 190, 193, 200, 204, 205, 211, 216, 221, 224, 227, 230, 232, 236, 238, 245, 248, 251, 254]","[1, 4, 6, 7, 11, 12, 17, 20, 26, 27, 29, 31, 46, 48, 51, 54, 58, 66, 68, 71, 73, 77, 82, 87, 89, 93, 94, 99, 100, 102, 108, 111, 113, 116, 120, 121, 132, 133, 135, 138, 141, 143, 146, 151, 165, 168, 172, 176, 182, 183, 184, 186, 188, 194, 197, 200, 205, 206, 212, 216, 218, 221, 228, 233, 236, 237, 241, 242, 246, 251, 254, 262, 265, 268]",75,74,True
106,480.2871208190918,"[0, 258, 4, 5, 6, 261, 260, 264, 11, 267, 15, 20, 22, 28, 29, 30, 33, 38, 42, 45, 49, 53, 57, 60, 62, 65, 67, 70, 71, 76, 81, 86, 89, 91, 98, 99, 107, 110, 112, 115, 117, 118, 119, 132, 136, 139, 142, 145, 150, 154, 156, 162, 165, 168, 171, 175, 182, 187, 190, 193, 196, 199, 204, 205, 211, 215, 217, 221, 227, 232, 236, 241, 245, 250, 253]","[1, 4, 6, 7, 11, 12, 17, 20, 26, 27, 29, 31, 46, 48, 51, 54, 58, 66, 68, 71, 73, 77, 82, 87, 89, 93, 94, 99, 100, 102, 108, 111, 113, 116, 120, 121, 132, 133, 135, 138, 141, 143, 146, 151, 165, 168, 172, 176, 182, 183, 184, 186, 188, 194, 197, 200, 205, 206, 212, 216, 218, 221, 228, 233, 236, 237, 241, 242, 246, 251, 254, 262, 265, 268]",75,74,True
107,480.25295400619507,"[0, 260, 261, 263, 8, 9, 267, 269, 16, 19, 26, 28, 30, 32, 33, 36, 45, 46, 51, 52, 57, 61, 70, 72, 74, 81, 82, 85, 86, 87, 94, 97, 99, 105, 108, 110, 118, 120, 126, 132, 136, 141, 142, 145, 148, 152, 163, 164, 169, 176, 178, 181, 184, 185, 187, 196, 199, 201, 203, 205, 208, 213, 214, 216, 222, 227, 229, 230, 231, 235, 236, 237, 241, 245, 250, 253]","[1, 4, 6, 7, 11, 12, 17, 20, 26, 27, 29, 31, 46, 48, 51, 54, 58, 66, 68, 71, 73, 77, 82, 87, 89, 93, 94, 99, 100, 102, 108, 111, 113, 116, 120, 121, 132, 133, 135, 138, 141, 143, 146, 151, 165, 168, 172, 176, 182, 183, 184, 186, 188, 194, 197, 200, 205, 206, 212, 216, 218, 221, 228, 233, 236, 237, 241, 242, 246, 251, 254, 262, 265, 268]",76,74,True
108,480.3084661960602,"[0, 261, 263, 264, 10, 267, 269, 17, 20, 21, 25, 27, 28, 30, 33, 38, 40, 45, 46, 48, 50, 54, 57, 60, 67, 70, 72, 74, 78, 81, 85, 87, 94, 98, 99, 101, 107, 113, 119, 120, 132, 137, 140, 142, 144, 150, 152, 153, 163, 164, 167, 171, 176, 178, 179, 180, 185, 187, 192, 196, 199, 201, 205, 208, 212, 220, 226, 227, 231, 235, 236, 237, 245, 248, 250, 253]","[1, 4, 6, 7, 11, 12, 17, 20, 26, 27, 29, 31, 46, 48, 51, 54, 58, 66, 68, 71, 73, 77, 82, 87, 89, 93, 94, 99, 100, 102, 108, 111, 113, 116, 120, 121, 132, 133, 135, 138, 141, 143, 146, 151, 165, 168, 172, 176, 182, 183, 184, 186, 188, 194, 197, 200, 205, 206, 212, 216, 218, 221, 228, 233, 236, 237, 241, 242, 246, 251, 254, 262, 265, 268]",76,74,True
109,481.6447968482971,"[258, 4, 5, 6, 261, 264, 10, 11, 267, 17, 20, 21, 25, 28, 30, 31, 34, 38, 40, 45, 48, 51, 53, 57, 60, 62, 65, 67, 70, 71, 78, 81, 82, 89, 91, 98, 99, 101, 110, 112, 115, 119, 120, 132, 135, 141, 142, 145, 150, 156, 159, 163, 164, 168, 171, 175, 179, 180, 182, 187, 192, 194, 196, 199, 201, 206, 208, 222, 226, 227, 236, 241, 245, 250, 253]","[1, 4, 6, 7, 11, 12, 17, 20, 26, 27, 29, 31, 46, 48, 51, 54, 58, 66, 68, 71, 73, 77, 82, 87, 89, 93, 94, 99, 100, 102, 108, 111, 113, 116, 120, 121, 132, 133, 135, 138, 141, 143, 146, 151, 165, 168, 172, 176, 182, 183, 184, 186, 188, 194, 197, 200, 205, 206, 212, 216, 218, 221, 228, 233, 236, 237, 241, 242, 246, 251, 254, 262, 265, 268]",75,74,True
110,481.0047640800476,"[0, 261, 6, 263, 264, 267, 15, 22, 23, 27, 28, 29, 30, 32, 33, 37, 45, 46, 48, 49, 51, 57, 59, 62, 67, 70, 71, 73, 78, 81, 85, 88, 91, 98, 99, 101, 110, 112, 115, 118, 120, 131, 132, 136, 139, 142, 150, 157, 163, 165, 171, 173, 176, 182, 184, 187, 192, 194, 196, 199, 201, 205, 208, 212, 215, 221, 226, 227, 230, 231, 236, 237, 241, 245, 250, 253]","[1, 4, 6, 7, 11, 12, 17, 20, 26, 27, 29, 31, 46, 48, 51, 54, 58, 66, 68, 71, 73, 77, 82, 87, 89, 93, 94, 99, 100, 102, 108, 111, 113, 116, 120, 121, 132, 133, 135, 138, 141, 143, 146, 151, 165, 168, 172, 176, 182, 183, 184, 186, 188, 194, 197, 200, 205, 206, 212, 216, 218, 221, 228, 233, 236, 237, 241, 242, 246, 251, 254, 262, 265, 268]",76,74,True
111,480.9028160572052,"[0, 259, 4, 261, 6, 8, 264, 267, 17, 20, 21, 25, 30, 31, 32, 33, 44, 45, 46, 48, 51, 57, 59, 62, 63, 65, 70, 81, 82, 84, 86, 89, 90, 95, 98, 100, 107, 112, 115, 120, 131, 132, 135, 141, 142, 145, 148, 150, 154, 157, 163, 164, 171, 173, 176, 182, 184, 187, 192, 196, 199, 201, 205, 208, 216, 222, 226, 227, 234, 236, 238, 239, 245, 248, 250, 253]","[1, 4, 6, 7, 11, 12, 17, 20, 26, 27, 29, 31, 46, 48, 51, 54, 58, 66, 68, 71, 73, 77, 82, 87, 89, 93, 94, 99, 100, 102, 108, 111, 113, 116, 120, 121, 132, 133, 135, 138, 141, 143, 146, 151, 165, 168, 172, 176, 182, 183, 184, 186, 188, 194, 197, 200, 205, 206, 212, 216, 218, 221, 228, 233, 236, 237, 241, 242, 246, 251, 254, 262, 265, 268]",76,74,True
112,480.21314096450806,"[0, 258, 4, 5, 6, 261, 264, 10, 267, 11, 20, 21, 22, 28, 30, 34, 38, 45, 47, 49, 51, 53, 57, 65, 67, 70, 72, 76, 81, 86, 88, 90, 93, 94, 98, 99, 101, 107, 109, 110, 112, 115, 132, 134, 138, 139, 142, 145, 150, 155, 156, 164, 168, 171, 175, 179, 181, 182, 187, 193, 196, 199, 204, 205, 211, 215, 222, 227, 232, 235, 236, 241, 245, 250, 253]","[1, 4, 6, 7, 11, 12, 17, 20, 26, 27, 29, 31, 46, 48, 51, 54, 58, 66, 68, 71, 73, 77, 82, 87, 89, 93, 94, 99, 100, 102, 108, 111, 113, 116, 120, 121, 132, 133, 135, 138, 141, 143, 146, 151, 165, 168, 172, 176, 182, 183, 184, 186, 188, 194, 197, 200, 205, 206, 212, 216, 218, 221, 228, 233, 236, 237, 241, 242, 246, 251, 254, 262, 265, 268]",75,74,True
113,481.37268018722534,"[0, 4, 5, 6, 260, 8, 261, 263, 264, 267, 13, 16, 18, 20, 21, 29, 30, 32, 33, 45, 48, 51, 52, 57, 59, 62, 67, 70, 71, 78, 80, 82, 85, 89, 91, 98, 99, 108, 112, 115, 118, 120, 131, 132, 137, 141, 142, 145, 150, 151, 157, 163, 165, 171, 173, 176, 182, 184, 187, 192, 196, 199, 201, 205, 208, 216, 226, 230, 231, 236, 238, 241, 245, 248, 250, 253]","[1, 4, 6, 7, 11, 12, 17, 20, 26, 27, 29, 31, 46, 48, 51, 54, 58, 66, 68, 71, 73, 77, 82, 87, 89, 93, 94, 99, 100, 102, 108, 111, 113, 116, 120, 121, 132, 133, 135, 138, 141, 143, 146, 151, 165, 168, 172, 176, 182, 183, 184, 186, 188, 194, 197, 200, 205, 206, 212, 216, 218, 221, 228, 233, 236, 237, 241, 242, 246, 251, 254, 262, 265, 268]",76,74,True
114,480.65353298187256,"[0, 4, 261, 260, 263, 10, 267, 269, 16, 20, 21, 28, 30, 32, 33, 42, 43, 45, 46, 49, 57, 60, 62, 67, 70, 72, 74, 80, 82, 86, 87, 91, 97, 99, 105, 108, 113, 119, 132, 134, 138, 139, 142, 145, 150, 152, 155, 157, 164, 169, 171, 176, 178, 184, 187, 190, 193, 200, 204, 205, 210, 216, 222, 224, 226, 227, 230, 231, 235, 236, 238, 245, 248, 250, 253]","[1, 4, 6, 7, 11, 12, 17, 20, 26, 27, 29, 31, 46, 48, 51, 54, 58, 66, 68, 71, 73, 77, 82, 87, 89, 93, 94, 99, 100, 102, 108, 111, 113, 116, 120, 121, 132, 133, 135, 138, 141, 143, 146, 151, 165, 168, 172, 176, 182, 183, 184, 186, 188, 194, 197, 200, 205, 206, 212, 216, 218, 221, 228, 233, 236, 237, 241, 242, 246, 251, 254, 262, 265, 268]",75,74,True
115,481.56023478507996,"[0, 4, 5, 6, 261, 264, 10, 11, 267, 17, 20, 21, 25, 28, 29, 30, 33, 38, 40, 45, 48, 49, 51, 53, 57, 60, 65, 67, 70, 71, 73, 78, 81, 89, 91, 94, 98, 99, 101, 110, 112, 115, 118, 120, 131, 132, 135, 142, 150, 163, 165, 167, 170, 176, 179, 180, 182, 185, 187, 192, 195, 196, 199, 201, 206, 208, 212, 217, 222, 226, 227, 236, 241, 245, 250, 253]","[1, 4, 6, 7, 11, 12, 17, 20, 26, 27, 29, 31, 46, 48, 51, 54, 58, 66, 68, 71, 73, 77, 82, 87, 89, 93, 94, 99, 100, 102, 108, 111, 113, 116, 120, 121, 132, 133, 135, 138, 141, 143, 146, 151, 165, 168, 172, 176, 182, 183, 184, 186, 188, 194, 197, 200, 205, 206, 212, 216, 218, 221, 228, 233, 236, 237, 241, 242, 246, 251, 254, 262, 265, 268]",76,74,True
116,480.4004247188568,"[0, 261, 263, 8, 9, 10, 264, 267, 16, 19, 25, 26, 28, 30, 31, 33, 45, 46, 48, 50, 54, 57, 62, 64, 65, 67, 70, 78, 81, 88, 90, 93, 98, 99, 101, 111, 112, 115, 119, 120, 132, 134, 135, 140, 142, 145, 147, 150, 151, 152, 156, 164, 169, 171, 176, 178, 181, 184, 187, 192, 195, 196, 199, 201, 206, 208, 212, 216, 222, 226, 236, 237, 239, 245, 250, 253]","[1, 4, 6, 7, 11, 12, 17, 20, 26, 27, 29, 31, 46, 48, 51, 54, 58, 66, 68, 71, 73, 77, 82, 87, 89, 93, 94, 99, 100, 102, 108, 111, 113, 116, 120, 121, 132, 133, 135, 138, 141, 143, 146, 151, 165, 168, 172, 176, 182, 183, 184, 186, 188, 194, 197, 200, 205, 206, 212, 216, 218, 221, 228, 233, 236, 237, 241, 242, 246, 251, 254, 262, 265, 268]",76,74,True
117,480.4434003829956,"[0, 4, 261, 7, 263, 267, 269, 16, 20, 21, 28, 29, 32, 33, 36, 39, 44, 45, 46, 51, 52, 57, 60, 63, 65, 70, 71, 76, 81, 85, 86, 87, 94, 99, 101, 105, 106, 107, 109, 112, 120, 132, 134, 138, 141, 142, 145, 147, 148, 152, 165, 169, 171, 176, 178, 184, 185, 187, 190, 193, 197, 204, 205, 211, 214, 216, 222, 227, 232, 236, 238, 245, 248, 251, 254]","[1, 4, 6, 7, 11, 12, 17, 20, 26, 27, 29, 31, 46, 48, 51, 54, 58, 66, 68, 71, 73, 77, 82, 87, 89, 93, 94, 99, 100, 102, 108, 111, 113, 116, 120, 121, 132, 133, 135, 138, 141, 143, 146, 151, 165, 168, 172, 176, 182, 183, 184, 186, 188, 194, 197, 200, 205, 206, 212, 216, 218, 221, 228, 233, 236, 237, 241, 242, 246, 251, 254, 262, 265, 268]",75,74,True
118,481.02718591690063,"[0, 4, 261, 263, 264, 266, 11, 267, 16, 19, 26, 30, 34, 37, 45, 46, 48, 51, 52, 53, 57, 59, 61, 70, 72, 78, 81, 84, 88, 92, 98, 99, 101, 108, 110, 112, 118, 120, 126, 132, 136, 141, 142, 145, 147, 148, 150, 151, 152, 153, 154, 163, 164, 169, 176, 178, 184, 185, 187, 192, 195, 196, 199, 201, 208, 212, 215, 221, 226, 234, 235, 236, 241, 245, 250, 253]","[1, 4, 6, 7, 11, 12, 17, 20, 26, 27, 29, 31, 46, 48, 51, 54, 58, 66, 68, 71, 73, 77, 82, 87, 89, 93, 94, 99, 100, 102, 108, 111, 113, 116, 120, 121, 132, 133, 135, 138, 141, 143, 146, 151, 165, 168, 172, 176, 182, 183, 184, 186, 188, 194, 197, 200, 205, 206, 212, 216, 218, 221, 228, 233, 236, 237, 241, 242, 246, 251, 254, 262, 265, 268]",76,74,True
118,480.470255613327,"[0, 4, 261, 260, 7, 263, 11, 267, 269, 20, 21, 22, 28, 29, 34, 36, 42, 44, 45, 46, 49, 53, 57, 60, 65, 70, 71, 74, 76, 81, 85, 86, 87, 94, 97, 99, 105, 107, 110, 134, 136, 139, 142, 145, 148, 152, 154, 155, 156, 166, 169, 171, 176, 178, 184, 187, 190, 193, 196, 199, 204, 205, 211, 216, 219, 222, 224, 227, 229, 232, 236, 241, 245, 251, 254]","[1, 4, 6, 7, 11, 12, 17, 20, 26, 27, 29, 31, 46, 48, 51, 54, 58, 66, 68, 71, 73, 77, 82, 87, 89, 93, 94, 99, 100, 102, 108, 111, 113, 116, 120, 121, 132, 133, 135, 138, 141, 143, 146, 151, 165, 168, 172, 176, 182, 183, 184, 186, 188, 194, 197, 200, 205, 206, 212, 216, 218, 221, 228, 233, 236, 237, 241, 242, 246, 251, 254, 262, 265, 268]",75,74,True
119,960.6774697303772,"[0, 256, 258, 4, 5, 6, 260, 264, 267, 13, 15, 22, 23, 33, 38, 43, 45, 47, 51, 54, 57, 59, 70, 72, 73, 81, 84, 88, 90, 94, 98, 99, 103, 111, 112, 114, 115, 118, 120, 123, 132, 136, 139, 141, 142, 148, 150, 153, 163, 164, 168, 171, 175, 179, 182, 185, 188, 192, 194, 197, 201, 206, 208, 212, 215, 221, 225, 226, 231, 235, 237, 241, 245, 246, 250, 253]","[1, 4, 6, 7, 11, 12, 17, 20, 26, 27, 29, 31, 46, 48, 51, 54, 58, 66, 68, 71, 73, 77, 82, 87, 89, 93, 94, 99, 100, 102, 108, 111, 113, 116, 120, 121, 132, 133, 135, 138, 141, 143, 146, 151, 165, 168, 172, 176, 182, 183, 184, 186, 188, 194, 197, 200, 205, 206, 212, 216, 218, 221, 228, 233, 236, 237, 241, 242, 246, 251, 254, 262, 265, 268]",76,74,True
120,962.2875695228577,"[0, 259, 261, 6, 264, 10, 11, 267, 14, 16, 27, 28, 29, 33, 39, 45, 51, 52, 53, 57, 60, 65, 67, 70, 71, 76, 78, 81, 87, 91, 94, 98, 99, 101, 108, 109, 110, 112, 115, 120, 122, 129, 131, 132, 134, 137, 138, 141, 142, 145, 150, 151, 165, 171, 173, 176, 182, 184, 185, 187, 190, 192, 195, 197, 201, 208, 211, 216, 220, 224, 226, 236, 241, 245, 250, 253]","[1, 4, 6, 7, 11, 12, 17, 20, 26, 27, 29, 31, 46, 48, 51, 54, 58, 66, 68, 71, 73, 77, 82, 87, 89, 93, 94, 99, 100, 102, 108, 111, 113, 116, 120, 121, 132, 133, 135, 138, 141, 143, 146, 151, 165, 168, 172, 176, 182, 183, 184, 186, 188, 194, 197, 200, 205, 206, 212, 216, 218, 221, 228, 233, 236, 237, 241, 242, 246, 251, 254, 262, 265, 268]",76,74,True
121,961.2981476783752,"[0, 257, 4, 261, 260, 7, 263, 267, 269, 16, 20, 21, 28, 32, 33, 39, 44, 45, 46, 51, 52, 57, 60, 63, 67, 70, 72, 76, 78, 81, 87, 91, 94, 99, 105, 108, 109, 112, 120, 132, 134, 138, 141, 142, 145, 150, 151, 152, 153, 164, 169, 171, 176, 178, 182, 184, 185, 187, 190, 193, 197, 204, 205, 211, 214, 216, 222, 232, 235, 236, 238, 245, 248, 250, 253]","[1, 4, 6, 7, 11, 12, 17, 20, 26, 27, 29, 31, 46, 48, 51, 54, 58, 66, 68, 71, 73, 77, 82, 87, 89, 93, 94, 99, 100, 102, 108, 111, 113, 116, 120, 121, 132, 133, 135, 138, 141, 143, 146, 151, 165, 168, 172, 176, 182, 183, 184, 186, 188, 194, 197, 200, 205, 206, 212, 216, 218, 221, 228, 233, 236, 237, 241, 242, 246, 251, 254, 262, 265, 268]",75,74,True
121,961.1871547698975,"[0, 257, 4, 261, 263, 9, 267, 269, 17, 18, 20, 25, 28, 33, 43, 44, 45, 46, 49, 54, 57, 60, 62, 64, 65, 67, 70, 72, 73, 78, 81, 82, 89, 92, 93, 99, 101, 105, 108, 111, 112, 119, 132, 134, 137, 142, 144, 147, 150, 151, 152, 154, 164, 169, 171, 176, 178, 184, 185, 187, 190, 193, 197, 204, 205, 210, 216, 224, 225, 226, 235, 236, 237, 245, 250, 253]","[1, 4, 6, 7, 11, 12, 17, 20, 26, 27, 29, 31, 46, 48, 51, 54, 58, 66, 68, 71, 73, 77, 82, 87, 89, 93, 94, 99, 100, 102, 108, 111, 113, 116, 120, 121, 132, 133, 135, 138, 141, 143, 146, 151, 165, 168, 172, 176, 182, 183, 184, 186, 188, 194, 197, 200, 205, 206, 212, 216, 218, 221, 228, 233, 236, 237, 241, 242, 246, 251, 254, 262, 265, 268]",76,74,True
122,960.2094416618347,"[0, 4, 5, 6, 260, 261, 263, 264, 11, 267, 13, 17, 20, 21, 25, 30, 33, 36, 38, 40, 45, 48, 49, 53, 57, 59, 62, 65, 70, 72, 73, 78, 81, 82, 84, 89, 90, 98, 99, 110, 112, 115, 118, 119, 126, 132, 137, 142, 144, 148, 154, 157, 163, 164, 169, 175, 178, 182, 184, 187, 192, 194, 196, 199, 201, 206, 208, 222, 226, 227, 235, 236, 241, 245, 250, 253]","[1, 4, 6, 7, 11, 12, 17, 20, 26, 27, 29, 31, 46, 48, 51, 54, 58, 66, 68, 71, 73, 77, 82, 87, 89, 93, 94, 99, 100, 102, 108, 111, 113, 116, 120, 121, 132, 133, 135, 138, 141, 143, 146, 151, 165, 168, 172, 176, 182, 183, 184, 186, 188, 194, 197, 200, 205, 206, 212, 216, 218, 221, 228, 233, 236, 237, 241, 242, 246, 251, 254, 262, 265, 268]",76,74,True
123,962.3515622615814,"[0, 258, 4, 5, 6, 261, 264, 260, 267, 17, 20, 21, 25, 28, 30, 31, 34, 45, 47, 49, 51, 54, 57, 62, 70, 71, 73, 76, 78, 81, 85, 89, 91, 98, 99, 107, 111, 112, 115, 118, 120, 132, 134, 135, 142, 148, 150, 151, 156, 165, 168, 171, 176, 179, 181, 182, 183, 187, 193, 196, 199, 204, 205, 211, 215, 222, 230, 231, 232, 236, 237, 241, 245, 250, 253]","[1, 4, 6, 7, 11, 12, 17, 20, 26, 27, 29, 31, 46, 48, 51, 54, 58, 66, 68, 71, 73, 77, 82, 87, 89, 93, 94, 99, 100, 102, 108, 111, 113, 116, 120, 121, 132, 133, 135, 138, 141, 143, 146, 151, 165, 168, 172, 176, 182, 183, 184, 186, 188, 194, 197, 200, 205, 206, 212, 216, 218, 221, 228, 233, 236, 237, 241, 242, 246, 251, 254, 262, 265, 268]",75,74,True
124,962.0264184474945,"[0, 261, 263, 8, 9, 10, 11, 267, 13, 269, 16, 18, 20, 27, 29, 30, 32, 33, 45, 46, 48, 51, 52, 57, 59, 62, 67, 70, 71, 78, 81, 87, 92, 93, 97, 99, 101, 105, 108, 112, 120, 132, 137, 141, 142, 145, 147, 150, 151, 152, 153, 154, 156, 163, 165, 171, 173, 176, 178, 184, 187, 192, 196, 199, 201, 205, 208, 212, 216, 226, 236, 238, 245, 248, 250, 253]","[1, 4, 6, 7, 11, 12, 17, 20, 26, 27, 29, 31, 46, 48, 51, 54, 58, 66, 68, 71, 73, 77, 82, 87, 89, 93, 94, 99, 100, 102, 108, 111, 113, 116, 120, 121, 132, 133, 135, 138, 141, 143, 146, 151, 165, 168, 172, 176, 182, 183, 184, 186, 188, 194, 197, 200, 205, 206, 212, 216, 218, 221, 228, 233, 236, 237, 241, 242, 246, 251, 254, 262, 265, 268]",76,74,True
125,962.0019490718842,"[0, 260, 261, 7, 263, 264, 267, 15, 22, 23, 27, 28, 29, 33, 42, 43, 45, 46, 49, 53, 57, 60, 62, 64, 67, 70, 71, 80, 82, 86, 89, 91, 96, 98, 99, 107, 110, 112, 115, 118, 132, 134, 136, 139, 142, 145, 150, 155, 157, 165, 169, 171, 176, 178, 182, 184, 187, 190, 193, 200, 204, 205, 209, 210, 216, 221, 224, 227, 230, 231, 236, 245, 247, 250, 253]","[1, 4, 6, 7, 11, 12, 17, 20, 26, 27, 29, 31, 46, 48, 51, 54, 58, 66, 68, 71, 73, 77, 82, 87, 89, 93, 94, 99, 100, 102, 108, 111, 113, 116, 120, 121, 132, 133, 135, 138, 141, 143, 146, 151, 165, 168, 172, 176, 182, 183, 184, 186, 188, 194, 197, 200, 205, 206, 212, 216, 218, 221, 228, 233, 236, 237, 241, 242, 246, 251, 254, 262, 265, 268]",75,74,True
126,960.4263858795166,"[0, 257, 4, 261, 263, 10, 11, 267, 269, 20, 21, 22, 28, 30, 34, 37, 45, 46, 47, 49, 53, 57, 62, 67, 70, 72, 74, 81, 82, 86, 89, 91, 93, 99, 101, 105, 108, 113, 119, 132, 136, 139, 142, 144, 145, 150, 152, 153, 154, 156, 163, 164, 171, 173, 176, 178, 181, 184, 187, 192, 195, 196, 199, 201, 208, 215, 222, 226, 227, 235, 236, 237, 245, 248, 250, 253]","[1, 4, 6, 7, 11, 12, 17, 20, 26, 27, 29, 31, 46, 48, 51, 54, 58, 66, 68, 71, 73, 77, 82, 87, 89, 93, 94, 99, 100, 102, 108, 111, 113, 116, 120, 121, 132, 133, 135, 138, 141, 143, 146, 151, 165, 168, 172, 176, 182, 183, 184, 186, 188, 194, 197, 200, 205, 206, 212, 216, 218, 221, 228, 233, 236, 237, 241, 242, 246, 251, 254, 262, 265, 268]",76,74,True
127,962.1388256549835,"[0, 5, 6, 261, 263, 264, 11, 267, 14, 16, 27, 28, 33, 45, 49, 51, 53, 57, 60, 67, 70, 72, 76, 81, 85, 86, 87, 94, 98, 99, 101, 107, 110, 112, 115, 118, 120, 131, 132, 134, 137, 138, 139, 142, 145, 150, 153, 164, 169, 171, 175, 182, 184, 185, 187, 190, 193, 196, 197, 204, 205, 211, 216, 220, 224, 225, 227, 231, 232, 235, 236, 241, 245, 250, 253]","[1, 4, 6, 7, 11, 12, 17, 20, 26, 27, 29, 31, 46, 48, 51, 54, 58, 66, 68, 71, 73, 77, 82, 87, 89, 93, 94, 99, 100, 102, 108, 111, 113, 116, 120, 121, 132, 133, 135, 138, 141, 143, 146, 151, 165, 168, 172, 176, 182, 183, 184, 186, 188, 194, 197, 200, 205, 206, 212, 216, 218, 221, 228, 233, 236, 237, 241, 242, 246, 251, 254, 262, 265, 268]",75,74,True
127,961.4128849506378,"[0, 260, 5, 6, 261, 264, 9, 10, 11, 267, 16, 19, 26, 28, 31, 33, 45, 50, 52, 53, 57, 60, 62, 67, 70, 76, 78, 80, 88, 91, 98, 99, 107, 110, 112, 115, 119, 120, 131, 132, 134, 138, 141, 142, 145, 150, 151, 153, 157, 164, 168, 171, 173, 175, 182, 184, 187, 190, 193, 196, 199, 204, 205, 211, 216, 222, 224, 225, 232, 236, 239, 241, 245, 250, 253]","[1, 4, 6, 7, 11, 12, 17, 20, 26, 27, 29, 31, 46, 48, 51, 54, 58, 66, 68, 71, 73, 77, 82, 87, 89, 93, 94, 99, 100, 102, 108, 111, 113, 116, 120, 121, 132, 133, 135, 138, 141, 143, 146, 151, 165, 168, 172, 176, 182, 183, 184, 186, 188, 194, 197, 200, 205, 206, 212, 216, 218, 221, 228, 233, 236, 237, 241, 242, 246, 251, 254, 262, 265, 268]",75,74,True
128,962.9542210102081,"[0, 4, 261, 263, 10, 267, 269, 17, 20, 21, 25, 28, 30, 31, 34, 36, 45, 46, 49, 51, 54, 57, 60, 70, 71, 73, 74, 76, 81, 85, 86, 87, 94, 97, 99, 101, 105, 108, 109, 113, 120, 134, 135, 142, 148, 152, 153, 156, 166, 169, 171, 176, 178, 184, 187, 190, 193, 196, 199, 204, 205, 211, 215, 216, 219, 222, 227, 231, 232, 236, 237, 245, 248, 251, 254]","[1, 4, 6, 7, 11, 12, 17, 20, 26, 27, 29, 31, 46, 48, 51, 54, 58, 66, 68, 71, 73, 77, 82, 87, 89, 93, 94, 99, 100, 102, 108, 111, 113, 116, 120, 121, 132, 133, 135, 138, 141, 143, 146, 151, 165, 168, 172, 176, 182, 183, 184, 186, 188, 194, 197, 200, 205, 206, 212, 216, 218, 221, 228, 233, 236, 237, 241, 242, 246, 251, 254, 262, 265, 268]",75,74,True
129,961.2387125492096,"[258, 260, 5, 6, 261, 264, 11, 267, 15, 22, 23, 27, 28, 29, 30, 33, 38, 40, 44, 45, 48, 49, 50, 53, 60, 67, 70, 71, 81, 83, 85, 86, 87, 94, 98, 99, 107, 110, 112, 115, 119, 127, 132, 136, 139, 144, 150, 153, 155, 159, 163, 165, 168, 171, 175, 179, 180, 182, 185, 187, 193, 196, 199, 202, 204, 205, 209, 212, 221, 227, 236, 241, 245, 250, 253]","[1, 4, 6, 7, 11, 12, 17, 20, 26, 27, 29, 31, 46, 48, 51, 54, 58, 66, 68, 71, 73, 77, 82, 87, 89, 93, 94, 99, 100, 102, 108, 111, 113, 116, 120, 121, 132, 133, 135, 138, 141, 143, 146, 151, 165, 168, 172, 176, 182, 183, 184, 186, 188, 194, 197, 200, 205, 206, 212, 216, 218, 221, 228, 233, 236, 237, 241, 242, 246, 251, 254, 262, 265, 268]",75,74,True
130,960.3673803806305,"[0, 257, 4, 260, 261, 263, 10, 267, 269, 17, 20, 21, 25, 28, 32, 34, 43, 45, 46, 51, 57, 60, 70, 72, 73, 78, 81, 82, 85, 87, 94, 99, 105, 107, 112, 118, 120, 122, 132, 134, 137, 141, 142, 148, 150, 152, 156, 164, 169, 171, 176, 178, 182, 184, 187, 190, 193, 200, 204, 205, 209, 210, 216, 222, 224, 227, 230, 231, 235, 236, 238, 245, 248, 250, 253]","[1, 4, 6, 7, 11, 12, 17, 20, 26, 27, 29, 31, 46, 48, 51, 54, 58, 66, 68, 71, 73, 77, 82, 87, 89, 93, 94, 99, 100, 102, 108, 111, 113, 116, 120, 121, 132, 133, 135, 138, 141, 143, 146, 151, 165, 168, 172, 176, 182, 183, 184, 186, 188, 194, 197, 200, 205, 206, 212, 216, 218, 221, 228, 233, 236, 237, 241, 242, 246, 251, 254, 262, 265, 268]",75,74,True
131,961.7603607177734,"[0, 258, 4, 5, 6, 260, 261, 264, 267, 17, 20, 21, 25, 28, 29, 30, 32, 34, 36, 37, 45, 47, 51, 57, 62, 70, 71, 81, 85, 86, 89, 92, 98, 99, 112, 114, 115, 118, 120, 126, 132, 136, 141, 142, 145, 148, 156, 163, 165, 168, 171, 176, 179, 181, 182, 187, 192, 194, 196, 199, 201, 206, 208, 212, 215, 221, 226, 227, 230, 231, 238, 241, 245, 248, 251, 254]","[1, 4, 6, 7, 11, 12, 17, 20, 26, 27, 29, 31, 46, 48, 51, 54, 58, 66, 68, 71, 73, 77, 82, 87, 89, 93, 94, 99, 100, 102, 108, 111, 113, 116, 120, 121, 132, 133, 135, 138, 141, 143, 146, 151, 165, 168, 172, 176, 182, 183, 184, 186, 188, 194, 197, 200, 205, 206, 212, 216, 218, 221, 228, 233, 236, 237, 241, 242, 246, 251, 254, 262, 265, 268]",76,74,True
132,960.8065912723541,"[0, 261, 263, 8, 264, 267, 15, 22, 23, 27, 28, 30, 33, 45, 46, 49, 51, 54, 57, 62, 65, 67, 70, 72, 73, 78, 80, 87, 90, 93, 98, 99, 101, 111, 112, 115, 118, 120, 126, 132, 136, 139, 142, 147, 150, 151, 152, 157, 162, 164, 169, 176, 178, 181, 184, 187, 192, 196, 199, 201, 205, 206, 208, 212, 214, 216, 221, 226, 231, 235, 236, 237, 241, 245, 250, 253]","[1, 4, 6, 7, 11, 12, 17, 20, 26, 27, 29, 31, 46, 48, 51, 54, 58, 66, 68, 71, 73, 77, 82, 87, 89, 93, 94, 99, 100, 102, 108, 111, 113, 116, 120, 121, 132, 133, 135, 138, 141, 143, 146, 151, 165, 168, 172, 176, 182, 183, 184, 186, 188, 194, 197, 200, 205, 206, 212, 216, 218, 221, 228, 233, 236, 237, 241, 242, 246, 251, 254, 262, 265, 268]",76,74,True
133,960.6274483203888,"[0, 260, 261, 263, 8, 9, 10, 11, 264, 13, 266, 267, 16, 18, 20, 29, 30, 33, 45, 46, 48, 51, 52, 53, 57, 59, 65, 70, 71, 81, 84, 88, 90, 94, 98, 99, 103, 107, 110, 112, 120, 121, 132, 137, 141, 142, 145, 148, 150, 152, 154, 162, 165, 169, 171, 176, 178, 182, 184, 185, 187, 193, 196, 199, 201, 203, 205, 212, 216, 227, 232, 236, 241, 245, 251, 253]","[1, 4, 6, 7, 11, 12, 17, 20, 26, 27, 29, 31, 46, 48, 51, 54, 58, 66, 68, 71, 73, 77, 82, 87, 89, 93, 94, 99, 100, 102, 108, 111, 113, 116, 120, 121, 132, 133, 135, 138, 141, 143, 146, 151, 165, 168, 172, 176, 182, 183, 184, 186, 188, 194, 197, 200, 205, 206, 212, 216, 218, 221, 228, 233, 236, 237, 241, 242, 246, 251, 254, 262, 265, 268]",76,74,True
134,961.5672490596771,"[0, 261, 7, 263, 267, 269, 14, 16, 27, 28, 32, 33, 42, 43, 45, 46, 49, 57, 60, 62, 63, 67, 70, 72, 76, 78, 80, 89, 91, 99, 101, 105, 106, 108, 112, 118, 132, 134, 137, 138, 139, 142, 145, 147, 150, 151, 152, 153, 155, 157, 164, 171, 173, 176, 178, 184, 187, 190, 192, 200, 202, 205, 208, 211, 216, 220, 224, 226, 231, 235, 236, 238, 245, 248, 250, 253]","[1, 4, 6, 7, 11, 12, 17, 20, 26, 27, 29, 31, 46, 48, 51, 54, 58, 66, 68, 71, 73, 77, 82, 87, 89, 93, 94, 99, 100, 102, 108, 111, 113, 116, 120, 121, 132, 133, 135, 138, 141, 143, 146, 151, 165, 168, 172, 176, 182, 183, 184, 186, 188, 194, 197, 200, 205, 206, 212, 216, 218, 221, 228, 233, 236, 237, 241, 242, 246, 251, 254, 262, 265, 268]",76,74,True
135,961.6717762947083,"[0, 4, 261, 263, 10, 11, 267, 13, 269, 17, 20, 21, 25, 30, 34, 38, 40, 45, 46, 48, 49, 53, 57, 59, 67, 70, 72, 78, 81, 88, 90, 93, 94, 97, 99, 101, 105, 107, 112, 119, 132, 137, 140, 142, 144, 147, 150, 151, 152, 153, 154, 157, 163, 164, 171, 173, 176, 178, 184, 187, 192, 196, 199, 201, 205, 208, 212, 220, 226, 235, 236, 238, 245, 248, 250, 253]","[1, 4, 6, 7, 11, 12, 17, 20, 26, 27, 29, 31, 46, 48, 51, 54, 58, 66, 68, 71, 73, 77, 82, 87, 89, 93, 94, 99, 100, 102, 108, 111, 113, 116, 120, 121, 132, 133, 135, 138, 141, 143, 146, 151, 165, 168, 172, 176, 182, 183, 184, 186, 188, 194, 197, 200, 205, 206, 212, 216, 218, 221, 228, 233, 236, 237, 241, 242, 246, 251, 254, 262, 265, 268]",76,74,True
136,960.2030091285706,"[0, 4, 261, 6, 263, 264, 260, 10, 267, 15, 22, 23, 28, 32, 34, 36, 42, 43, 45, 46, 49, 57, 60, 65, 70, 72, 78, 81, 82, 85, 87, 94, 98, 99, 108, 112, 115, 119, 122, 132, 134, 136, 139, 142, 145, 148, 155, 157, 164, 169, 171, 176, 178, 182, 184, 187, 190, 193, 200, 204, 205, 211, 216, 221, 224, 227, 230, 232, 235, 236, 238, 245, 248, 250, 253]","[1, 4, 6, 7, 11, 12, 17, 20, 26, 27, 29, 31, 46, 48, 51, 54, 58, 66, 68, 71, 73, 77, 82, 87, 89, 93, 94, 99, 100, 102, 108, 111, 113, 116, 120, 121, 132, 133, 135, 138, 141, 143, 146, 151, 165, 168, 172, 176, 182, 183, 184, 186, 188, 194, 197, 200, 205, 206, 212, 216, 218, 221, 228, 233, 236, 237, 241, 242, 246, 251, 254, 262, 265, 268]",75,74,True
137,480.14979004859924,"[0, 5, 6, 261, 264, 9, 11, 267, 16, 18, 20, 27, 28, 30, 33, 38, 40, 45, 48, 51, 52, 53, 57, 59, 70, 72, 78, 81, 82, 84, 88, 92, 94, 98, 99, 101, 110, 112, 115, 118, 120, 131, 132, 137, 141, 142, 145, 148, 150, 151, 153, 154, 163, 164, 167, 171, 175, 182, 184, 185, 187, 192, 195, 196, 199, 201, 206, 208, 217, 226, 235, 236, 241, 245, 250, 253]","[1, 4, 6, 7, 11, 12, 17, 20, 26, 27, 29, 31, 46, 48, 51, 54, 58, 66, 68, 71, 73, 77, 82, 87, 89, 93, 94, 99, 100, 102, 108, 111, 113, 116, 120, 121, 132, 133, 135, 138, 141, 143, 146, 151, 165, 168, 172, 176, 182, 183, 184, 186, 188, 194, 197, 200, 205, 206, 212, 216, 218, 221, 228, 233, 236, 237, 241, 242, 246, 251, 254, 262, 265, 268]",76,74,True
138,481.5527563095093,"[0, 4, 261, 263, 8, 267, 269, 18, 20, 21, 22, 28, 32, 34, 44, 45, 46, 49, 57, 60, 63, 65, 67, 70, 72, 78, 81, 89, 91, 94, 99, 101, 105, 106, 108, 112, 119, 122, 126, 132, 134, 137, 139, 142, 144, 145, 147, 150, 152, 154, 164, 169, 176, 178, 184, 185, 187, 190, 192, 196, 199, 201, 205, 208, 212, 216, 224, 226, 227, 235, 236, 238, 245, 248, 250, 253]","[1, 4, 6, 7, 11, 12, 17, 20, 26, 27, 29, 31, 46, 48, 51, 54, 58, 66, 68, 71, 73, 77, 82, 87, 89, 93, 94, 99, 100, 102, 108, 111, 113, 116, 120, 121, 132, 133, 135, 138, 141, 143, 146, 151, 165, 168, 172, 176, 182, 183, 184, 186, 188, 194, 197, 200, 205, 206, 212, 216, 218, 221, 228, 233, 236, 237, 241, 242, 246, 251, 254, 262, 265, 268]",76,74,True
139,480.3421506881714,"[0, 257, 4, 261, 263, 10, 267, 269, 20, 21, 22, 28, 34, 43, 45, 46, 49, 54, 57, 60, 62, 64, 65, 67, 70, 72, 74, 81, 82, 86, 88, 91, 99, 101, 105, 107, 111, 113, 119, 120, 132, 134, 136, 139, 142, 144, 145, 150, 152, 157, 164, 169, 171, 176, 178, 184, 187, 190, 193, 197, 204, 205, 210, 216, 221, 224, 225, 226, 227, 235, 236, 237, 245, 250, 253]","[1, 4, 6, 7, 11, 12, 17, 20, 26, 27, 29, 31, 46, 48, 51, 54, 58, 66, 68, 71, 73, 77, 82, 87, 89, 93, 94, 99, 100, 102, 108, 111, 113, 116, 120, 121, 132, 133, 135, 138, 141, 143, 146, 151, 165, 168, 172, 176, 182, 183, 184, 186, 188, 194, 197, 200, 205, 206, 212, 216, 218, 221, 228, 233, 236, 237, 241, 242, 246, 251, 254, 262, 265, 268]",75,74,True
140,481.84954166412354,"[0, 4, 5, 6, 261, 264, 10, 11, 267, 13, 16, 20, 21, 29, 30, 34, 37, 45, 48, 51, 52, 53, 57, 59, 60, 67, 70, 71, 78, 81, 87, 91, 94, 98, 99, 101, 110, 112, 115, 120, 131, 132, 136, 141, 142, 145, 150, 153, 154, 156, 163, 165, 168, 171, 173, 175, 182, 184, 187, 192, 194, 196, 199, 201, 205, 208, 212, 215, 222, 226, 227, 236, 241, 245, 250, 253]","[1, 4, 6, 7, 11, 12, 17, 20, 26, 27, 29, 31, 46, 48, 51, 54, 58, 66, 68, 71, 73, 77, 82, 87, 89, 93, 94, 99, 100, 102, 108, 111, 113, 116, 120, 121, 132, 133, 135, 138, 141, 143, 146, 151, 165, 168, 172, 176, 182, 183, 184, 186, 188, 194, 197, 200, 205, 206, 212, 216, 218, 221, 228, 233, 236, 237, 241, 242, 246, 251, 254, 262, 265, 268]",76,74,True
141,482.3949863910675,"[0, 258, 4, 5, 6, 260, 261, 264, 10, 11, 267, 20, 21, 22, 29, 30, 34, 38, 40, 45, 48, 49, 51, 53, 57, 59, 70, 71, 78, 81, 82, 84, 88, 92, 98, 99, 110, 112, 114, 115, 119, 132, 136, 139, 142, 145, 148, 150, 151, 153, 155, 157, 163, 165, 168, 171, 176, 179, 180, 182, 187, 192, 195, 196, 199, 201, 206, 208, 222, 226, 234, 240, 241, 245, 251, 253]","[1, 4, 6, 7, 11, 12, 17, 20, 26, 27, 29, 31, 46, 48, 51, 54, 58, 66, 68, 71, 73, 77, 82, 87, 89, 93, 94, 99, 100, 102, 108, 111, 113, 116, 120, 121, 132, 133, 135, 138, 141, 143, 146, 151, 165, 168, 172, 176, 182, 183, 184, 186, 188, 194, 197, 200, 205, 206, 212, 216, 218, 221, 228, 233, 236, 237, 241, 242, 246, 251, 254, 262, 265, 268]",76,74,True
142,480.42639780044556,"[0, 258, 4, 5, 6, 261, 264, 267, 20, 21, 22, 28, 31, 33, 38, 42, 43, 45, 49, 53, 57, 61, 70, 81, 84, 86, 87, 92, 93, 98, 99, 101, 108, 110, 112, 115, 117, 118, 122, 132, 136, 139, 142, 145, 150, 155, 163, 164, 168, 170, 175, 181, 182, 185, 187, 192, 195, 200, 201, 208, 212, 214, 217, 222, 224, 226, 227, 230, 231, 236, 239, 241, 245, 247, 250, 253]","[1, 4, 6, 7, 11, 12, 17, 20, 26, 27, 29, 31, 46, 48, 51, 54, 58, 66, 68, 71, 73, 77, 82, 87, 89, 93, 94, 99, 100, 102, 108, 111, 113, 116, 120, 121, 132, 133, 135, 138, 141, 143, 146, 151, 165, 168, 172, 176, 182, 183, 184, 186, 188, 194, 197, 200, 205, 206, 212, 216, 218, 221, 228, 233, 236, 237, 241, 242, 246, 251, 254, 262, 265, 268]",76,74,True
143,480.35867619514465,"[0, 261, 263, 8, 264, 267, 268, 15, 20, 22, 27, 29, 30, 33, 42, 45, 46, 48, 49, 53, 54, 57, 59, 60, 62, 65, 67, 70, 71, 78, 80, 88, 91, 98, 99, 101, 108, 110, 112, 118, 132, 136, 139, 142, 145, 147, 150, 152, 155, 157, 163, 165, 169, 171, 176, 178, 184, 187, 192, 196, 199, 201, 205, 208, 212, 216, 221, 226, 227, 231, 234, 236, 241, 245, 250, 253]","[1, 4, 6, 7, 11, 12, 17, 20, 26, 27, 29, 31, 46, 48, 51, 54, 58, 66, 68, 71, 73, 77, 82, 87, 89, 93, 94, 99, 100, 102, 108, 111, 113, 116, 120, 121, 132, 133, 135, 138, 141, 143, 146, 151, 165, 168, 172, 176, 182, 183, 184, 186, 188, 194, 197, 200, 205, 206, 212, 216, 218, 221, 228, 233, 236, 237, 241, 242, 246, 251, 254, 262, 265, 268]",76,74,True
144,481.1571879386902,"[0, 4, 261, 263, 264, 11, 267, 268, 17, 20, 21, 25, 28, 29, 34, 36, 43, 45, 49, 53, 57, 60, 65, 70, 71, 73, 81, 82, 85, 86, 87, 94, 96, 98, 99, 101, 107, 110, 112, 118, 119, 122, 130, 132, 134, 136, 142, 144, 148, 154, 157, 165, 169, 171, 176, 178, 182, 184, 187, 190, 193, 200, 204, 205, 209, 210, 216, 221, 224, 227, 236, 241, 245, 250, 253]","[1, 4, 6, 7, 11, 12, 17, 20, 26, 27, 29, 31, 46, 48, 51, 54, 58, 66, 68, 71, 73, 77, 82, 87, 89, 93, 94, 99, 100, 102, 108, 111, 113, 116, 120, 121, 132, 133, 135, 138, 141, 143, 146, 151, 165, 168, 172, 176, 182, 183, 184, 186, 188, 194, 197, 200, 205, 206, 212, 216, 218, 221, 228, 233, 236, 237, 241, 242, 246, 251, 254, 262, 265, 268]",75,74,True
145,480.62874150276184,"[0, 258, 260, 5, 6, 7, 261, 9, 10, 11, 264, 267, 19, 23, 27, 28, 33, 38, 39, 45, 47, 51, 53, 57, 60, 62, 67, 70, 72, 73, 76, 78, 80, 89, 91, 98, 99, 109, 110, 112, 115, 120, 132, 138, 139, 141, 142, 150, 151, 153, 157, 162, 164, 168, 171, 176, 179, 182, 187, 190, 192, 194, 197, 202, 206, 208, 211, 214, 222, 226, 235, 236, 241, 245, 250, 253]","[1, 4, 6, 7, 11, 12, 17, 20, 26, 27, 29, 31, 46, 48, 51, 54, 58, 66, 68, 71, 73, 77, 82, 87, 89, 93, 94, 99, 100, 102, 108, 111, 113, 116, 120, 121, 132, 133, 135, 138, 141, 143, 146, 151, 165, 168, 172, 176, 182, 183, 184, 186, 188, 194, 197, 200, 205, 206, 212, 216, 218, 221, 228, 233, 236, 237, 241, 242, 246, 251, 254, 262, 265, 268]",76,74,True
146,481.38994812965393,"[0, 260, 261, 263, 264, 9, 267, 268, 16, 19, 26, 28, 29, 30, 32, 33, 36, 38, 40, 45, 48, 51, 52, 57, 59, 62, 67, 70, 71, 81, 82, 86, 89, 91, 96, 98, 99, 110, 112, 118, 120, 126, 130, 138, 141, 142, 145, 148, 156, 163, 166, 169, 176, 178, 182, 184, 187, 192, 194, 196, 199, 201, 206, 208, 219, 222, 226, 227, 230, 231, 236, 238, 241, 245, 251, 254]","[1, 4, 6, 7, 11, 12, 17, 20, 26, 27, 29, 31, 46, 48, 51, 54, 58, 66, 68, 71, 73, 77, 82, 87, 89, 93, 94, 99, 100, 102, 108, 111, 113, 116, 120, 121, 132, 133, 135, 138, 141, 143, 146, 151, 165, 168, 172, 176, 182, 183, 184, 186, 188, 194, 197, 200, 205, 206, 212, 216, 218, 221, 228, 233, 236, 237, 241, 242, 246, 251, 254, 262, 265, 268]",76,74,True
147,481.98416090011597,"[0, 4, 260, 261, 263, 264, 10, 267, 16, 18, 20, 21, 28, 29, 32, 34, 38, 43, 45, 46, 50, 52, 57, 60, 62, 67, 70, 71, 78, 81, 88, 91, 98, 99, 107, 112, 115, 119, 120, 132, 137, 140, 142, 145, 147, 150, 152, 153, 156, 163, 165, 171, 173, 176, 178, 184, 187, 190, 192, 197, 201, 205, 208, 212, 216, 224, 225, 226, 227, 230, 236, 238, 245, 248, 250, 253]","[1, 4, 6, 7, 11, 12, 17, 20, 26, 27, 29, 31, 46, 48, 51, 54, 58, 66, 68, 71, 73, 77, 82, 87, 89, 93, 94, 99, 100, 102, 108, 111, 113, 116, 120, 121, 132, 133, 135, 138, 141, 143, 146, 151, 165, 168, 172, 176, 182, 183, 184, 186, 188, 194, 197, 200, 205, 206, 212, 216, 218, 221, 228, 233, 236, 237, 241, 242, 246, 251, 254, 262, 265, 268]",76,74,True
148,481.9457402229309,"[0, 4, 261, 263, 264, 10, 266, 267, 16, 19, 25, 26, 28, 30, 34, 43, 45, 46, 50, 54, 57, 60, 64, 65, 70, 72, 76, 78, 81, 85, 87, 94, 98, 99, 101, 108, 111, 112, 119, 120, 132, 134, 136, 140, 142, 145, 148, 150, 151, 152, 156, 164, 169, 171, 176, 178, 182, 184, 187, 190, 193, 200, 204, 205, 211, 216, 221, 224, 232, 235, 236, 237, 245, 250, 253]","[1, 4, 6, 7, 11, 12, 17, 20, 26, 27, 29, 31, 46, 48, 51, 54, 58, 66, 68, 71, 73, 77, 82, 87, 89, 93, 94, 99, 100, 102, 108, 111, 113, 116, 120, 121, 132, 133, 135, 138, 141, 143, 146, 151, 165, 168, 172, 176, 182, 183, 184, 186, 188, 194, 197, 200, 205, 206, 212, 216, 218, 221, 228, 233, 236, 237, 241, 242, 246, 251, 254, 262, 265, 268]",75,74,True
149,481.3327805995941,"[0, 258, 4, 5, 6, 260, 261, 9, 264, 267, 16, 18, 20, 28, 29, 30, 34, 38, 43, 45, 51, 52, 54, 57, 60, 65, 70, 71, 81, 85, 86, 87, 94, 98, 99, 108, 111, 112, 114, 115, 117, 118, 120, 132, 137, 141, 142, 145, 148, 150, 157, 163, 165, 168, 171, 175, 182, 187, 190, 192, 200, 201, 205, 208, 212, 215, 217, 225, 226, 227, 231, 237, 241, 245, 250, 253]","[1, 4, 6, 7, 11, 12, 17, 20, 26, 27, 29, 31, 46, 48, 51, 54, 58, 66, 68, 71, 73, 77, 82, 87, 89, 93, 94, 99, 100, 102, 108, 111, 113, 116, 120, 121, 132, 133, 135, 138, 141, 143, 146, 151, 165, 168, 172, 176, 182, 183, 184, 186, 188, 194, 197, 200, 205, 206, 212, 216, 218, 221, 228, 233, 236, 237, 241, 242, 246, 251, 254, 262, 265, 268]",76,74,True
150,480.1997094154358,"[0, 3, 4, 260, 261, 263, 8, 264, 10, 11, 267, 269, 16, 20, 21, 28, 29, 30, 45, 46, 51, 52, 53, 57, 67, 70, 71, 74, 75, 78, 81, 88, 92, 93, 98, 99, 110, 120, 132, 136, 141, 142, 145, 150, 151, 152, 153, 154, 156, 162, 165, 171, 173, 176, 178, 181, 184, 187, 194, 196, 199, 201, 203, 205, 208, 212, 213, 214, 216, 221, 236, 240, 245, 248, 250, 253]","[1, 4, 6, 7, 11, 12, 17, 20, 26, 27, 29, 31, 46, 48, 51, 54, 58, 66, 68, 71, 73, 77, 82, 87, 89, 93, 94, 99, 100, 102, 108, 111, 113, 116, 120, 121, 132, 133, 135, 138, 141, 143, 146, 151, 165, 168, 172, 176, 182, 183, 184, 186, 188, 194, 197, 200, 205, 206, 212, 216, 218, 221, 228, 233, 236, 237, 241, 242, 246, 251, 254, 262, 265, 268]",76,74,True
151,481.2767481803894,"[0, 260, 261, 263, 264, 9, 10, 267, 268, 16, 19, 26, 28, 31, 33, 43, 45, 46, 50, 52, 54, 57, 60, 64, 65, 67, 70, 81, 82, 86, 88, 91, 94, 96, 98, 99, 108, 111, 112, 119, 120, 132, 134, 138, 140, 142, 145, 150, 164, 169, 171, 176, 178, 182, 184, 185, 187, 190, 193, 197, 201, 204, 205, 210, 216, 222, 224, 225, 227, 236, 237, 239, 245, 250, 253]","[1, 4, 6, 7, 11, 12, 17, 20, 26, 27, 29, 31, 46, 48, 51, 54, 58, 66, 68, 71, 73, 77, 82, 87, 89, 93, 94, 99, 100, 102, 108, 111, 113, 116, 120, 121, 132, 133, 135, 138, 141, 143, 146, 151, 165, 168, 172, 176, 182, 183, 184, 186, 188, 194, 197, 200, 205, 206, 212, 216, 218, 221, 228, 233, 236, 237, 241, 242, 246, 251, 254, 262, 265, 268]",75,74,True
152,480.8132474422455,"[0, 258, 5, 6, 261, 264, 11, 12, 267, 14, 16, 27, 28, 33, 38, 43, 45, 47, 49, 53, 57, 59, 62, 65, 67, 70, 72, 78, 81, 82, 85, 88, 90, 98, 99, 101, 110, 112, 115, 119, 123, 132, 138, 139, 142, 144, 145, 150, 151, 154, 156, 163, 164, 168, 171, 175, 179, 182, 187, 192, 200, 201, 205, 206, 208, 215, 220, 222, 225, 226, 235, 236, 241, 245, 250, 253]","[1, 4, 6, 7, 11, 12, 17, 20, 26, 27, 29, 31, 46, 48, 51, 54, 58, 66, 68, 71, 73, 77, 82, 87, 89, 93, 94, 99, 100, 102, 108, 111, 113, 116, 120, 121, 132, 133, 135, 138, 141, 143, 146, 151, 165, 168, 172, 176, 182, 183, 184, 186, 188, 194, 197, 200, 205, 206, 212, 216, 218, 221, 228, 233, 236, 237, 241, 242, 246, 251, 254, 262, 265, 268]",76,74,True
153,481.1809735298157,"[0, 260, 261, 6, 7, 264, 9, 10, 11, 267, 16, 19, 26, 28, 31, 33, 40, 45, 46, 48, 51, 52, 53, 57, 60, 62, 65, 67, 70, 78, 79, 81, 87, 91, 98, 99, 108, 109, 112, 114, 115, 120, 131, 132, 134, 138, 141, 142, 145, 150, 151, 156, 164, 168, 171, 173, 176, 182, 184, 187, 190, 192, 195, 200, 201, 208, 212, 216, 222, 226, 238, 239, 245, 248, 250, 253]","[1, 4, 6, 7, 11, 12, 17, 20, 26, 27, 29, 31, 46, 48, 51, 54, 58, 66, 68, 71, 73, 77, 82, 87, 89, 93, 94, 99, 100, 102, 108, 111, 113, 116, 120, 121, 132, 133, 135, 138, 141, 143, 146, 151, 165, 168, 172, 176, 182, 183, 184, 186, 188, 194, 197, 200, 205, 206, 212, 216, 218, 221, 228, 233, 236, 237, 241, 242, 246, 251, 254, 262, 265, 268]",76,74,True
154,480.57384037971497,"[0, 256, 4, 260, 6, 263, 264, 9, 11, 267, 17, 18, 20, 25, 33, 35, 43, 44, 45, 49, 53, 57, 58, 62, 69, 72, 78, 80, 82, 85, 89, 92, 98, 99, 103, 108, 110, 112, 115, 119, 122, 129, 134, 137, 140, 142, 144, 148, 153, 155, 157, 164, 169, 171, 176, 178, 182, 184, 189, 190, 193, 200, 201, 204, 205, 210, 216, 224, 228, 235, 236, 241, 245, 250, 251, 255]","[1, 4, 6, 7, 11, 12, 17, 20, 26, 27, 29, 31, 46, 48, 51, 54, 58, 66, 68, 71, 73, 77, 82, 87, 89, 93, 94, 99, 100, 102, 108, 111, 113, 116, 120, 121, 132, 133, 135, 138, 141, 143, 146, 151, 165, 168, 172, 176, 182, 183, 184, 186, 188, 194, 197, 200, 205, 206, 212, 216, 218, 221, 228, 233, 236, 237, 241, 242, 246, 251, 254, 262, 265, 268]",76,74,True
155,480.5929923057556,"[0, 4, 260, 261, 263, 8, 264, 267, 13, 17, 20, 21, 25, 30, 31, 34, 45, 48, 51, 54, 57, 59, 62, 65, 70, 73, 78, 81, 84, 88, 91, 96, 98, 99, 107, 110, 112, 115, 118, 120, 130, 132, 135, 141, 142, 148, 150, 151, 157, 162, 164, 171, 173, 176, 178, 182, 184, 187, 192, 196, 199, 201, 205, 208, 212, 216, 222, 226, 231, 236, 237, 239, 241, 245, 250, 253]","[1, 4, 6, 7, 11, 12, 17, 20, 26, 27, 29, 31, 46, 48, 51, 54, 58, 66, 68, 71, 73, 77, 82, 87, 89, 93, 94, 99, 100, 102, 108, 111, 113, 116, 120, 121, 132, 133, 135, 138, 141, 143, 146, 151, 165, 168, 172, 176, 182, 183, 184, 186, 188, 194, 197, 200, 205, 206, 212, 216, 218, 221, 228, 233, 236, 237, 241, 242, 246, 251, 254, 262, 265, 268]",76,74,True
156,480.6173219680786,"[0, 259, 261, 6, 264, 11, 267, 13, 14, 16, 27, 30, 33, 38, 40, 45, 48, 51, 52, 53, 57, 59, 62, 67, 70, 72, 81, 87, 90, 93, 98, 99, 101, 103, 107, 110, 112, 115, 118, 120, 129, 131, 132, 138, 141, 142, 145, 150, 157, 163, 164, 171, 173, 176, 182, 184, 187, 192, 196, 199, 201, 205, 208, 212, 220, 222, 226, 227, 230, 231, 235, 236, 241, 245, 250, 253]","[1, 4, 6, 7, 11, 12, 17, 20, 26, 27, 29, 31, 46, 48, 51, 54, 58, 66, 68, 71, 73, 77, 82, 87, 89, 93, 94, 99, 100, 102, 108, 111, 113, 116, 120, 121, 132, 133, 135, 138, 141, 143, 146, 151, 165, 168, 172, 176, 182, 183, 184, 186, 188, 194, 197, 200, 205, 206, 212, 216, 218, 221, 228, 233, 236, 237, 241, 242, 246, 251, 254, 262, 265, 268]",76,74,True
