ID,Time,Solution
1,1800.0227580070496,"[0, 1, 3, 5, 6, 7, 9, 10, 11, 12, 13, 14, 15, 16, 18, 20, 22, 23, 25, 28, 30, 32, 33, 35, 39, 41, 42, 43, 45, 47, 49, 52, 55, 56, 58, 60, 61, 62, 64, 66, 71, 73, 76, 78, 79, 83, 84, 86, 88, 90, 92, 95, 97, 99, 103, 110, 114, 119, 120, 123, 125, 127, 128, 130, 134, 135, 137, 139, 146, 150, 153, 155, 160, 163, 164, 173, 176, 179, 192, 195, 199, 201, 212]"
2,1800.0063428878784,"[0, 1, 3, 5, 6, 7, 9, 10, 11, 12, 13, 14, 15, 16, 18, 20, 22, 23, 25, 28, 30, 32, 33, 35, 39, 41, 42, 43, 45, 47, 49, 52, 55, 56, 58, 60, 61, 62, 64, 66, 71, 73, 76, 78, 79, 83, 84, 86, 88, 90, 92, 95, 97, 99, 103, 110, 114, 119, 120, 123, 125, 127, 128, 130, 134, 135, 137, 139, 146, 150, 153, 155, 160, 163, 164, 173, 176, 179, 192, 195, 199, 201, 212]"
3,1800.0373311042786,"[0, 1, 3, 5, 6, 7, 9, 10, 11, 12, 13, 14, 15, 16, 18, 20, 22, 23, 25, 28, 30, 32, 33, 35, 39, 41, 42, 43, 45, 47, 49, 52, 55, 56, 58, 60, 61, 62, 64, 66, 71, 73, 76, 78, 79, 83, 84, 86, 88, 90, 92, 95, 97, 99, 103, 110, 114, 119, 120, 123, 125, 127, 128, 130, 134, 135, 137, 139, 146, 150, 153, 155, 160, 163, 164, 173, 176, 179, 192, 195, 199, 201, 212]"
4,1800.0635347366333,"[0, 1, 3, 5, 6, 7, 9, 10, 11, 12, 13, 14, 15, 16, 18, 20, 22, 23, 25, 28, 30, 32, 33, 35, 39, 41, 42, 43, 45, 47, 49, 52, 55, 56, 58, 60, 61, 62, 64, 66, 71, 73, 76, 78, 79, 83, 84, 86, 88, 90, 92, 95, 97, 99, 103, 110, 114, 119, 120, 123, 125, 127, 128, 130, 134, 135, 137, 139, 146, 150, 153, 155, 160, 163, 164, 173, 176, 179, 192, 195, 199, 201, 212]"
5,1800.0051729679108,"[0, 1, 3, 5, 6, 7, 9, 10, 11, 12, 13, 14, 15, 16, 18, 20, 22, 23, 25, 28, 30, 32, 33, 35, 39, 41, 42, 43, 45, 47, 49, 52, 55, 56, 58, 60, 61, 62, 64, 66, 71, 73, 76, 78, 79, 83, 84, 86, 88, 90, 92, 95, 97, 99, 103, 110, 114, 119, 120, 123, 125, 127, 128, 130, 134, 135, 137, 139, 146, 150, 153, 155, 160, 163, 164, 173, 176, 179, 192, 195, 199, 201, 212]"
