ID,Test file,Time,Solution
1,bremen_subgraph_50.gr,0.02839803695678711,"[0, 7, 10, 13, 18, 23, 26, 27, 33, 34, 35, 40, 43, 45, 49, 59, 62]"
2,0.017080068588256836,"[0, 7, 10, 13, 18, 23, 26, 27, 33, 34, 35, 40, 43, 45, 49, 59, 62]"
3,0.05221080780029297,"[0, 7, 10, 13, 18, 23, 26, 27, 33, 34, 35, 40, 43, 45, 49, 59, 62]"
4,0.01957082748413086,"[0, 7, 10, 13, 15, 23, 26, 27, 33, 34, 35, 40, 43, 45, 49, 59, 62]"
5,0.023019075393676758,"[0, 7, 10, 13, 18, 23, 26, 27, 33, 34, 35, 40, 43, 45, 49, 59, 62]"
6,0.02131938934326172,"[0, 7, 10, 13, 18, 23, 26, 27, 33, 34, 35, 40, 43, 45, 49, 59, 62]"
7,0.01942586898803711,"[0, 7, 10, 13, 18, 23, 26, 27, 33, 34, 35, 40, 43, 45, 49, 59, 62]"
8,0.04752326011657715,"[0, 7, 10, 13, 15, 23, 26, 27, 33, 34, 35, 40, 43, 45, 49, 59, 62]"
