ID,Time,Solution,Expected Solution,Number of Vertices,Number of vertices expected,Valid Solution
1,0.1192631721496582,"[3, 8, 12, 14, 24, 25, 26, 28, 29]","[4, 9, 13, 14, 15, 24, 27, 29, 30]",9,9,True
2,0.09343647956848145,"[3, 8, 11, 12, 14, 24, 26, 28, 29]","[4, 9, 13, 14, 15, 24, 27, 29, 30]",9,9,True
3,0.6356291770935059,"[3, 8, 11, 12, 14, 24, 26, 28, 29]","[4, 9, 13, 14, 15, 24, 27, 29, 30]",9,9,True
4,0.03153705596923828,"[3, 8, 12, 14, 24, 25, 26, 28, 29]","[4, 9, 13, 14, 15, 24, 27, 29, 30]",9,9,True
5,0.23137974739074707,"[3, 8, 11, 12, 14, 24, 26, 28, 29]","[4, 9, 13, 14, 15, 24, 27, 29, 30]",9,9,True
