ID,Time,Solution
1,gr,0.04683208465576172,"[0, 2, 3, 6, 8, 11, 12, 21, 26, 32, 33, 35, 37, 38, 45, 49, 53, 54, 58, 60, 61, 73, 75, 78, 94, 97, 100, 101, 102, 106, 107, 111, 117, 122, 125, 126, 127, 128, 131, 134, 140, 144, 152, 155, 158, 164, 170, 174, 178, 187, 191, 195, 198, 202, 208, 210, 214]"
2,0.15159988403320312,"[0, 2, 3, 6, 8, 11, 12, 21, 26, 32, 33, 35, 37, 38, 45, 49, 53, 54, 58, 60, 61, 73, 75, 78, 94, 97, 100, 101, 102, 106, 107, 111, 117, 122, 125, 126, 127, 128, 131, 134, 140, 144, 152, 155, 158, 164, 170, 174, 178, 187, 191, 195, 198, 202, 208, 210, 214]"
3,0.11937212944030762,"[0, 2, 3, 6, 8, 11, 12, 21, 26, 32, 33, 35, 37, 38, 45, 49, 53, 54, 58, 60, 61, 73, 75, 78, 94, 97, 100, 101, 102, 106, 107, 111, 117, 122, 125, 126, 127, 128, 131, 134, 140, 144, 152, 155, 158, 164, 170, 174, 178, 187, 191, 195, 198, 202, 208, 210, 214]"
4,0.12645411491394043,"[0, 2, 3, 6, 8, 11, 12, 21, 26, 32, 33, 35, 37, 38, 45, 49, 53, 54, 58, 60, 61, 73, 75, 78, 94, 97, 100, 101, 102, 106, 107, 111, 117, 122, 125, 126, 127, 128, 131, 134, 140, 144, 152, 155, 158, 164, 170, 174, 178, 187, 191, 195, 198, 202, 208, 210, 214]"
5,0.15604686737060547,"[0, 2, 3, 6, 8, 11, 12, 21, 26, 32, 33, 35, 37, 38, 45, 49, 53, 54, 58, 60, 61, 73, 75, 78, 94, 97, 100, 101, 102, 106, 107, 111, 117, 122, 125, 126, 127, 128, 131, 134, 140, 144, 152, 155, 158, 164, 170, 174, 178, 187, 191, 195, 198, 202, 208, 210, 214]"
6,0.4625740051269531,"[0, 2, 3, 6, 8, 11, 12, 21, 26, 32, 33, 35, 37, 38, 45, 49, 53, 54, 58, 60, 61, 73, 75, 78, 94, 97, 100, 101, 102, 106, 107, 111, 117, 122, 125, 126, 127, 128, 131, 134, 140, 144, 152, 155, 158, 164, 170, 174, 178, 187, 191, 195, 198, 202, 208, 210, 214]"
7,0.144240140914917,"[0, 2, 3, 6, 8, 11, 12, 21, 26, 32, 33, 35, 37, 38, 45, 49, 53, 54, 58, 60, 61, 73, 75, 78, 94, 97, 100, 101, 102, 106, 107, 111, 117, 122, 125, 126, 127, 128, 131, 134, 140, 144, 152, 155, 158, 164, 170, 174, 178, 187, 191, 195, 198, 202, 208, 210, 214]"
8,0.09556007385253906,"[0, 2, 3, 6, 8, 11, 12, 21, 26, 32, 33, 35, 37, 38, 45, 49, 53, 54, 58, 60, 61, 73, 75, 78, 94, 97, 100, 101, 102, 106, 107, 111, 117, 122, 125, 126, 127, 128, 131, 134, 140, 144, 152, 155, 158, 164, 170, 174, 178, 187, 191, 195, 198, 202, 208, 210, 214]"
