ID,Time,Solution
1,1800.0675330162048,"[0, 2, 4, 6, 8, 11, 14, 16, 17, 20, 23, 25, 27, 29, 31, 33, 35, 36, 37, 40, 42, 43, 45, 46, 47, 48, 50, 53, 54, 57, 59, 65, 69, 72, 76, 77, 83, 86, 94, 97, 100, 103]"
2,1800.0329339504242,"[0, 2, 4, 6, 8, 11, 14, 16, 17, 20, 23, 25, 27, 29, 31, 33, 35, 36, 37, 40, 42, 43, 45, 46, 47, 48, 50, 53, 54, 57, 59, 65, 69, 72, 76, 77, 83, 86, 94, 97, 100, 103]"
3,1800.0333478450775,"[0, 2, 4, 6, 8, 11, 14, 16, 17, 20, 23, 25, 27, 29, 31, 33, 35, 36, 37, 40, 42, 43, 45, 46, 47, 48, 50, 53, 54, 57, 59, 65, 69, 72, 76, 77, 83, 86, 94, 97, 100, 103]"
4,1800.0365016460419,"[0, 2, 4, 6, 8, 11, 14, 16, 17, 20, 23, 25, 27, 29, 31, 33, 35, 36, 37, 40, 42, 43, 45, 46, 47, 48, 50, 53, 54, 57, 59, 65, 69, 72, 76, 77, 83, 86, 94, 97, 100, 103]"
5,1800.0586533546448,"[0, 2, 4, 6, 8, 11, 14, 16, 17, 20, 23, 25, 27, 29, 31, 33, 35, 36, 37, 40, 42, 43, 45, 46, 47, 48, 50, 53, 54, 57, 59, 65, 69, 72, 76, 77, 83, 86, 94, 97, 100, 103]"
