ID,Time,Solution,Expected Solution,Number of Vertices,Number of vertices expected,Valid Solution
1,0.0,"[0, 3, 7, 8, 10, 12, 14, 23, 28, 29]","[4, 9, 13, 14, 15, 24, 27, 29, 30]",10,9,True
2,0.0,"[0, 3, 7, 8, 10, 12, 14, 23, 28, 29]","[4, 9, 13, 14, 15, 24, 27, 29, 30]",10,9,True
3,0.0,"[0, 3, 7, 8, 10, 12, 14, 23, 28, 29]","[4, 9, 13, 14, 15, 24, 27, 29, 30]",10,9,True
4,0.0010776519775390625,"[0, 3, 7, 8, 10, 12, 14, 23, 28, 29]","[4, 9, 13, 14, 15, 24, 27, 29, 30]",10,9,True
5,0.0,"[0, 3, 7, 8, 10, 12, 14, 23, 28, 29]","[4, 9, 13, 14, 15, 24, 27, 29, 30]",10,9,True
6,0.0,"[0, 3, 7, 8, 10, 12, 14, 23, 28, 29]","[4, 9, 13, 14, 15, 24, 27, 29, 30]",10,9,True
7,0.00019669532775878906,"[0, 3, 7, 8, 10, 12, 14, 23, 28, 29]","[4, 9, 13, 14, 15, 24, 27, 29, 30]",10,9,True
8,0.0,"[0, 3, 7, 8, 10, 12, 14, 23, 28, 29]","[4, 9, 13, 14, 15, 24, 27, 29, 30]",10,9,True
9,0.0,"[0, 3, 7, 8, 10, 12, 14, 23, 28, 29]","[4, 9, 13, 14, 15, 24, 27, 29, 30]",10,9,True
