ID,Time,Solution,Expected Solution,Number of Vertices,Number of vertices expected,Valid Solution

1,0.03200483322143555,"[1, 8, 11, 14, 17, 19, 24, 27, 28, 34, 35, 36, 41, 44, 46, 50, 60]","[1, 8, 11, 14, 17, 19, 24, 27, 28, 34, 35, 36, 41, 44, 46, 50, 60]",17,17,True
2,0.03056645393371582,"[1, 8, 11, 14, 17, 19, 24, 27, 28, 34, 35, 36, 41, 44, 46, 50, 60]","[1, 8, 11, 14, 17, 19, 24, 27, 28, 34, 35, 36, 41, 44, 46, 50, 60]",17,17,True
3,0.03199625015258789,"[1, 8, 11, 14, 17, 19, 24, 27, 28, 34, 35, 36, 41, 44, 46, 50, 60]","[1, 8, 11, 14, 17, 19, 24, 27, 28, 34, 35, 36, 41, 44, 46, 50, 60]",17,17,True
4,0.030949831008911133,"[1, 8, 11, 14, 17, 19, 24, 27, 28, 34, 35, 36, 41, 44, 46, 50, 60]","[1, 8, 11, 14, 17, 19, 24, 27, 28, 34, 35, 36, 41, 44, 46, 50, 60]",17,17,True
5,0.030371665954589844,"[1, 8, 11, 14, 17, 19, 24, 27, 28, 34, 35, 36, 41, 44, 46, 50, 60]","[1, 8, 11, 14, 17, 19, 24, 27, 28, 34, 35, 36, 41, 44, 46, 50, 60]",17,17,True
6,0.02892303466796875,"[1, 8, 11, 14, 17, 19, 24, 27, 28, 34, 35, 36, 41, 44, 46, 50, 60]","[1, 8, 11, 14, 17, 19, 24, 27, 28, 34, 35, 36, 41, 44, 46, 50, 60]",17,17,True
7,0.03120255470275879,"[1, 8, 11, 14, 17, 19, 24, 27, 28, 34, 35, 36, 41, 44, 46, 50, 60]","[1, 8, 11, 14, 17, 19, 24, 27, 28, 34, 35, 36, 41, 44, 46, 50, 60]",17,17,True
8,0.12865495681762695,"[1, 8, 11, 14, 17, 19, 24, 27, 28, 34, 35, 36, 41, 44, 46, 50, 60]","[1, 8, 11, 14, 17, 19, 24, 27, 28, 34, 35, 36, 41, 44, 46, 50, 60]",17,17,True
9,0.030916690826416016,"[1, 8, 11, 14, 17, 19, 24, 27, 28, 34, 35, 36, 41, 44, 46, 50, 60]","[1, 8, 11, 14, 17, 19, 24, 27, 28, 34, 35, 36, 41, 44, 46, 50, 60]",17,17,True
10,0.03989386558532715,"[1, 8, 11, 14, 17, 19, 24, 27, 28, 34, 35, 36, 41, 44, 46, 50, 60]","[1, 8, 11, 14, 17, 19, 24, 27, 28, 34, 35, 36, 41, 44, 46, 50, 60]",17,17,True