ID,Time,Solution
1,1800.0005359649658,"[0, 1, 3, 4, 6, 7, 8, 11, 12, 13, 15, 16, 17, 19, 21, 23, 24, 29, 30, 31, 33, 34, 36, 38, 40, 43, 44, 47, 49, 52, 54, 55, 56, 58, 59, 61, 63, 68, 71, 74, 76, 78, 82, 87, 90, 92, 95, 96, 98, 101, 103, 105, 107, 114, 115, 130, 133, 136, 142, 148, 152, 157, 161]"
2,1800.1156117916107,"[0, 1, 3, 4, 6, 7, 8, 11, 12, 13, 15, 16, 17, 19, 21, 23, 24, 29, 30, 31, 33, 34, 36, 38, 40, 43, 44, 47, 49, 52, 54, 55, 56, 58, 59, 61, 63, 68, 71, 74, 76, 78, 82, 87, 90, 92, 95, 96, 98, 101, 103, 105, 107, 114, 115, 130, 133, 136, 142, 148, 152, 157, 161]"
3,1800.0735926628113,"[0, 1, 3, 4, 6, 7, 8, 11, 12, 13, 15, 16, 17, 19, 21, 23, 24, 29, 30, 31, 33, 34, 36, 38, 40, 43, 44, 47, 49, 52, 54, 55, 56, 58, 59, 61, 63, 68, 71, 74, 76, 78, 82, 87, 90, 92, 95, 96, 98, 101, 103, 105, 107, 114, 115, 130, 133, 136, 142, 148, 152, 157, 161]"
4,1800.0140109062195,"[0, 1, 3, 4, 6, 7, 8, 11, 12, 13, 15, 16, 17, 19, 21, 23, 24, 29, 30, 31, 33, 34, 36, 38, 40, 43, 44, 47, 49, 52, 54, 55, 56, 58, 59, 61, 63, 68, 71, 74, 76, 78, 82, 87, 90, 92, 95, 96, 98, 101, 103, 105, 107, 114, 115, 130, 133, 136, 142, 148, 152, 157, 161]"
5,1800.0062351226807,"[0, 1, 3, 4, 6, 7, 8, 11, 12, 13, 15, 16, 17, 19, 21, 23, 24, 29, 30, 31, 33, 34, 36, 38, 40, 43, 44, 47, 49, 52, 54, 55, 56, 58, 59, 61, 63, 68, 71, 74, 76, 78, 82, 87, 90, 92, 95, 96, 98, 101, 103, 105, 107, 114, 115, 130, 133, 136, 142, 148, 152, 157, 161]"
