ID,Time,Solution
1,0.05341005325317383,"[1, 5, 6, 9, 14, 20, 25, 26, 29, 33, 35, 39, 43, 48, 52, 57, 63, 71, 73, 76, 81, 85, 87, 91, 98, 99, 102, 104, 108, 113, 122, 128, 129, 133, 142, 145, 146, 147, 151, 154, 158, 163]"
2,0.0664820671081543,"[1, 5, 6, 9, 14, 20, 25, 26, 29, 33, 35, 39, 43, 48, 52, 57, 63, 71, 73, 76, 81, 85, 87, 91, 98, 99, 102, 104, 108, 113, 122, 128, 129, 133, 142, 145, 146, 147, 151, 154, 158, 163]"
3,0.056677818298339844,"[1, 5, 6, 9, 14, 20, 25, 26, 29, 33, 35, 39, 43, 48, 52, 57, 63, 71, 73, 76, 81, 85, 87, 91, 98, 99, 102, 104, 108, 113, 122, 128, 129, 133, 142, 145, 146, 147, 151, 154, 158, 163]"
4,0.05151009559631348,"[1, 5, 6, 9, 14, 20, 25, 26, 29, 33, 35, 39, 43, 48, 52, 57, 63, 71, 73, 76, 81, 85, 87, 91, 98, 99, 102, 104, 108, 113, 122, 128, 129, 133, 142, 145, 146, 147, 151, 154, 158, 163]"
5,0.3726961612701416,"[1, 5, 6, 9, 14, 20, 25, 26, 29, 33, 35, 39, 43, 48, 52, 57, 63, 71, 73, 76, 81, 85, 87, 91, 98, 99, 102, 104, 108, 113, 122, 128, 129, 133, 142, 145, 146, 147, 151, 154, 158, 163]"
6,0.20444202423095703,"[1, 5, 6, 9, 14, 20, 25, 26, 29, 33, 35, 39, 43, 48, 52, 57, 63, 71, 73, 76, 81, 85, 87, 91, 98, 99, 102, 104, 108, 113, 122, 128, 129, 133, 142, 145, 146, 147, 151, 154, 158, 163]"
7,0.05017495155334473,"[1, 5, 6, 9, 14, 20, 25, 26, 29, 33, 35, 39, 43, 48, 52, 57, 63, 71, 73, 76, 81, 85, 87, 91, 98, 99, 102, 104, 108, 113, 122, 128, 129, 133, 142, 145, 146, 147, 151, 154, 158, 163]"
8,0.1901700496673584,"[1, 5, 6, 9, 14, 20, 25, 26, 29, 33, 35, 39, 43, 48, 52, 57, 63, 71, 73, 76, 81, 85, 87, 91, 98, 99, 102, 104, 108, 113, 122, 128, 129, 133, 142, 145, 146, 147, 151, 154, 158, 163]"
