ID,Time,Solution,Expected Solution,Number of Vertices,Number of vertices expected,Valid Solution
1,1800.1549408435822,"[0, 1, 3, 5, 8, 12, 15, 21, 23, 29, 33, 36, 40, 48, 50, 52, 59, 62]","[1, 8, 11, 14, 17, 19, 24, 27, 28, 34, 35, 36, 41, 44, 46, 50, 60]",18,17,True
2,1800.2739796638489,"[0, 1, 3, 5, 8, 12, 15, 21, 23, 29, 33, 36, 40, 48, 50, 52, 59, 62]","[1, 8, 11, 14, 17, 19, 24, 27, 28, 34, 35, 36, 41, 44, 46, 50, 60]",18,17,True
3,1800.0113043785095,"[0, 1, 3, 5, 8, 12, 15, 21, 23, 29, 33, 36, 40, 48, 50, 52, 59, 62]","[1, 8, 11, 14, 17, 19, 24, 27, 28, 34, 35, 36, 41, 44, 46, 50, 60]",18,17,True
4,1800.0919771194458,"[0, 1, 3, 5, 8, 12, 15, 21, 23, 29, 33, 36, 40, 48, 50, 52, 59, 62]","[1, 8, 11, 14, 17, 19, 24, 27, 28, 34, 35, 36, 41, 44, 46, 50, 60]",18,17,True
5,1800.059457540512,"[0, 1, 3, 5, 8, 12, 15, 21, 23, 29, 33, 36, 40, 48, 50, 52, 59, 62]","[1, 8, 11, 14, 17, 19, 24, 27, 28, 34, 35, 36, 41, 44, 46, 50, 60]",18,17,True
6,1800.3725609779358,"[0, 1, 3, 5, 8, 12, 15, 21, 23, 29, 33, 36, 40, 48, 50, 52, 59, 62]","[1, 8, 11, 14, 17, 19, 24, 27, 28, 34, 35, 36, 41, 44, 46, 50, 60]",18,17,True
7,1800.4025461673737,"[0, 1, 3, 5, 8, 12, 15, 21, 23, 29, 33, 36, 40, 48, 50, 52, 59, 62]","[1, 8, 11, 14, 17, 19, 24, 27, 28, 34, 35, 36, 41, 44, 46, 50, 60]",18,17,True
8,1800.012791633606,"[0, 1, 3, 5, 8, 12, 15, 21, 23, 29, 33, 36, 40, 48, 50, 52, 59, 62]","[1, 8, 11, 14, 17, 19, 24, 27, 28, 34, 35, 36, 41, 44, 46, 50, 60]",18,17,True
