ID,Time,Solution
1,1800.0001380443573,"[0, 1, 3, 5, 6, 7, 8, 10, 12, 14, 19, 21, 24, 35, 38, 41, 43, 48, 62]"
2,1800.0079407691956,"[0, 1, 3, 5, 6, 7, 8, 10, 12, 14, 19, 21, 24, 35, 38, 41, 43, 48, 62]"
3,1800.008101940155,"[0, 1, 3, 5, 6, 7, 8, 10, 12, 14, 19, 21, 24, 35, 38, 41, 43, 48, 62]"
4,1800.1147570610046,"[0, 1, 3, 5, 6, 7, 8, 10, 12, 14, 19, 21, 24, 35, 38, 41, 43, 48, 62]"
5,1800.0145318508148,"[0, 1, 3, 5, 6, 7, 8, 10, 12, 14, 19, 21, 24, 35, 38, 41, 43, 48, 62]"
