ID,Test file,Time,Solution
1,bremen_subgraph_100.gr,0.13789010047912598,"[1, 5, 13, 17, 21, 23, 25, 30, 31, 36, 38, 42, 47, 48, 50, 52, 54, 61, 67, 72, 78, 83, 84, 86, 87, 93, 98, 100, 103]"
2,0.02255105972290039,"[1, 5, 13, 17, 21, 23, 25, 30, 31, 36, 38, 42, 47, 48, 50, 52, 54, 61, 67, 72, 78, 83, 84, 86, 87, 93, 98, 100, 103]"
3,0.1823868751525879,"[1, 5, 13, 17, 21, 23, 25, 30, 31, 36, 38, 42, 47, 48, 50, 52, 54, 61, 67, 72, 78, 83, 84, 86, 87, 93, 98, 100, 103]"
4,0.023869037628173828,"[1, 5, 13, 17, 21, 23, 25, 30, 31, 36, 38, 42, 47, 48, 50, 52, 54, 61, 67, 72, 78, 83, 84, 86, 87, 93, 98, 100, 103]"
5,0.04832911491394043,"[1, 5, 13, 17, 21, 23, 25, 30, 31, 36, 38, 42, 47, 48, 50, 52, 54, 61, 67, 72, 78, 83, 84, 86, 87, 93, 98, 100, 103]"
6,0.20929694175720215,"[1, 4, 8, 21, 22, 23, 26, 30, 31, 36, 38, 42, 47, 48, 50, 52, 54, 61, 67, 72, 78, 83, 84, 86, 87, 93, 98, 100, 103]"
7,0.12735581398010254,"[1, 5, 13, 17, 21, 23, 25, 30, 31, 36, 38, 42, 47, 48, 50, 52, 54, 61, 67, 72, 78, 83, 84, 86, 87, 93, 98, 100, 103]"
8,0.10015726089477539,"[1, 5, 13, 17, 21, 23, 25, 30, 31, 36, 38, 42, 47, 48, 50, 52, 54, 61, 67, 72, 78, 83, 84, 86, 87, 93, 98, 100, 103]"
