ID,Time,Solution,Expected Solution,Number of Vertices,Number of vertices expected,Valid Solution
1,0.25690197944641113,"[1, 4, 13, 16, 17, 22, 26, 30, 31, 36, 38, 42, 47, 48, 50, 52, 54, 61, 67, 72, 78, 83, 84, 86, 87, 93, 98, 100, 103]","[2, 6, 7, 12, 14, 22, 24, 26, 31, 37, 39, 43, 48, 49, 53, 57, 58, 62, 64, 68, 73, 79, 84, 87, 88, 94, 99, 101, 104]",29,29,True
2,0.18501734733581543,"[0, 4, 6, 13, 15, 23, 27, 28, 33, 36, 38, 41, 47, 50, 52, 54, 61, 67, 72, 78, 79, 84, 86, 87, 91, 92, 98, 100, 103]","[2, 6, 7, 12, 14, 22, 24, 26, 31, 37, 39, 43, 48, 49, 53, 57, 58, 62, 64, 68, 73, 79, 84, 87, 88, 94, 99, 101, 104]",29,29,True
3,0.1971135139465332,"[0, 4, 6, 13, 15, 23, 27, 28, 33, 36, 38, 41, 47, 50, 52, 54, 61, 67, 72, 78, 79, 84, 86, 87, 91, 92, 98, 100, 103]","[2, 6, 7, 12, 14, 22, 24, 26, 31, 37, 39, 43, 48, 49, 53, 57, 58, 62, 64, 68, 73, 79, 84, 87, 88, 94, 99, 101, 104]",29,29,True
4,0.44368815422058105,"[0, 4, 7, 8, 15, 23, 27, 28, 33, 36, 38, 42, 47, 48, 50, 52, 54, 61, 67, 72, 78, 83, 84, 86, 87, 93, 98, 100, 103]","[2, 6, 7, 12, 14, 22, 24, 26, 31, 37, 39, 43, 48, 49, 53, 57, 58, 62, 64, 68, 73, 79, 84, 87, 88, 94, 99, 101, 104]",29,29,True
5,0.07524847984313965,"[0, 4, 7, 8, 15, 23, 27, 28, 33, 36, 38, 42, 47, 48, 50, 52, 54, 61, 67, 72, 78, 83, 84, 86, 87, 93, 98, 100, 103]","[2, 6, 7, 12, 14, 22, 24, 26, 31, 37, 39, 43, 48, 49, 53, 57, 58, 62, 64, 68, 73, 79, 84, 87, 88, 94, 99, 101, 104]",29,29,True
